
Tue Mar 10 06:56:08 CET 2026
cd /out/sourcedata/freesurfer/sub-v1s8x0051345_ses-1
setenv SUBJECTS_DIR /out/sourcedata/freesurfer
/opt/freesurfer/bin/recon-all -autorecon1 -i /work/fmriprep_25_2_wf/sub_v1s8x0051345_ses_1_wf/anat_fit_wf/anat_validate/sub-v1s8x0051345_ses-1_T1w_noise_corrected_ras_valid.nii.gz -noskullstrip -noT2pial -noFLAIRpial -openmp 16 -subjid sub-v1s8x0051345_ses-1 -sd /out/sourcedata/freesurfer

subjid sub-v1s8x0051345_ses-1
setenv SUBJECTS_DIR /out/sourcedata/freesurfer
FREESURFER_HOME /opt/freesurfer
Actual FREESURFER_HOME /opt/freesurfer
build-stamp.txt: freesurfer-linux-ubuntu22_x86_64-7.3.2-20220804-6354275
Linux dna086 5.14.0-427.37.1.el9_4.x86_64 #1 SMP PREEMPT_DYNAMIC Fri Sep 13 12:41:50 EDT 2024 x86_64 x86_64 x86_64 GNU/Linux
cputime      unlimited
filesize     unlimited
datasize     unlimited
stacksize    8192 kbytes
coredumpsize 0 kbytes
memoryuse    67108864 kbytes
vmemoryuse   unlimited
descriptors  1024 
memorylocked unlimited
maxproc      2061970 
maxlocks     unlimited
maxsignal    2062024 
maxmessage   819200 
maxnice      0 
maxrtprio    0 
maxrttime    unlimited

               total        used        free      shared  buff/cache   available
Mem:           503Gi       229Gi       238Gi        11Gi        35Gi       259Gi
Swap:             0B          0B          0B

########################################
program versions used
7.3.2 (freesurfer-linux-ubuntu22_x86_64-7.3.2-20220804-6354275)
7.3.2

ProgramName: lta_convert  ProgramArguments: lta_convert -all-info  ProgramVersion: 7.3.2  TimeStamp: 2026/03/10-05:56:08-GMT  BuildTime: Aug  4 2022 06:17:15  BuildStamp: freesurfer-linux-ubuntu22_x86_64-7.3.2-20220804-6354275  User: oesteban  Machine: dna086  Platform: Linux  PlatformVersion: 5.14.0-427.37.1.el9_4.x86_64  CompilerName: GCC  CompilerVersion: 8.4.0
ProgramName: mri_and  ProgramArguments: mri_and -all-info  ProgramVersion: 7.3.2  TimeStamp: 2026/03/10-05:56:08-GMT  BuildTime: Aug  4 2022 06:17:15  BuildStamp: freesurfer-linux-ubuntu22_x86_64-7.3.2-20220804-6354275  User: oesteban  Machine: dna086  Platform: Linux  PlatformVersion: 5.14.0-427.37.1.el9_4.x86_64  CompilerName: GCC  CompilerVersion: 8.4.0
ProgramName: mri_annotation2label  ProgramArguments: mri_annotation2label -all-info  ProgramVersion: 7.3.2  TimeStamp: 2026/03/10-05:56:08-GMT  BuildTime: Aug  4 2022 06:17:15  BuildStamp: freesurfer-linux-ubuntu22_x86_64-7.3.2-20220804-6354275  User: oesteban  Machine: dna086  Platform: Linux  PlatformVersion: 5.14.0-427.37.1.el9_4.x86_64  CompilerName: GCC  CompilerVersion: 8.4.0
ProgramName: mri_aparc2aseg  ProgramArguments: mri_aparc2aseg -all-info  ProgramVersion: 7.3.2  TimeStamp: 2026/03/10-05:56:08-GMT  BuildTime: Aug  4 2022 06:17:15  BuildStamp: freesurfer-linux-ubuntu22_x86_64-7.3.2-20220804-6354275  User: oesteban  Machine: dna086  Platform: Linux  PlatformVersion: 5.14.0-427.37.1.el9_4.x86_64  CompilerName: GCC  CompilerVersion: 8.4.0
ProgramName: mri_surf2volseg  ProgramArguments: mri_surf2volseg -all-info  ProgramVersion: 7.3.2  TimeStamp: 2026/03/10-05:56:08-GMT  BuildTime: Aug  4 2022 06:17:15  BuildStamp: freesurfer-linux-ubuntu22_x86_64-7.3.2-20220804-6354275  User: oesteban  Machine: dna086  Platform: Linux  PlatformVersion: 5.14.0-427.37.1.el9_4.x86_64  CompilerName: GCC  CompilerVersion: 8.4.0
ProgramName: mri_binarize  ProgramArguments: mri_binarize -all-info  ProgramVersion: 7.3.2  TimeStamp: 2026/03/10-05:56:08-GMT  BuildTime: Aug  4 2022 06:17:15  BuildStamp: freesurfer-linux-ubuntu22_x86_64-7.3.2-20220804-6354275  User: oesteban  Machine: dna086  Platform: Linux  PlatformVersion: 5.14.0-427.37.1.el9_4.x86_64  CompilerName: GCC  CompilerVersion: 8.4.0
ProgramName: mri_ca_label  ProgramArguments: mri_ca_label -all-info  ProgramVersion: 7.3.2  TimeStamp: 2026/03/10-05:56:08-GMT  BuildTime: Aug  4 2022 06:17:15  BuildStamp: freesurfer-linux-ubuntu22_x86_64-7.3.2-20220804-6354275  User: oesteban  Machine: dna086  Platform: Linux  PlatformVersion: 5.14.0-427.37.1.el9_4.x86_64  CompilerName: GCC  CompilerVersion: 8.4.0
ProgramName: mri_ca_normalize  ProgramArguments: mri_ca_normalize -all-info  ProgramVersion: 7.3.2  TimeStamp: 2026/03/10-05:56:08-GMT  BuildTime: Aug  4 2022 06:17:15  BuildStamp: freesurfer-linux-ubuntu22_x86_64-7.3.2-20220804-6354275  User: oesteban  Machine: dna086  Platform: Linux  PlatformVersion: 5.14.0-427.37.1.el9_4.x86_64  CompilerName: GCC  CompilerVersion: 8.4.0
ProgramName: mri_ca_register  ProgramArguments: mri_ca_register -all-info  ProgramVersion: 7.3.2  TimeStamp: 2026/03/10-05:56:08-GMT  BuildTime: Aug  4 2022 06:17:15  BuildStamp: freesurfer-linux-ubuntu22_x86_64-7.3.2-20220804-6354275  User: oesteban  Machine: dna086  Platform: Linux  PlatformVersion: 5.14.0-427.37.1.el9_4.x86_64  CompilerName: GCC  CompilerVersion: 8.4.0
ProgramName: mri_cc  ProgramArguments: mri_cc -all-info  ProgramVersion: 7.3.2  TimeStamp: 2026/03/10-05:56:08-GMT  BuildTime: Aug  4 2022 06:17:15  BuildStamp: freesurfer-linux-ubuntu22_x86_64-7.3.2-20220804-6354275  User: oesteban  Machine: dna086  Platform: Linux  PlatformVersion: 5.14.0-427.37.1.el9_4.x86_64  CompilerName: GCC  CompilerVersion: 8.4.0
ProgramName: mri_compute_overlap  ProgramArguments: mri_compute_overlap -all-info  ProgramVersion: 7.3.2  TimeStamp: 2026/03/10-05:56:08-GMT  BuildTime: Aug  4 2022 06:17:15  BuildStamp: freesurfer-linux-ubuntu22_x86_64-7.3.2-20220804-6354275  User: oesteban  Machine: dna086  Platform: Linux  PlatformVersion: 5.14.0-427.37.1.el9_4.x86_64  CompilerName: GCC  CompilerVersion: 8.4.0
ProgramName: mri_compute_seg_overlap  ProgramArguments: mri_compute_seg_overlap -all-info  ProgramVersion: 7.3.2  TimeStamp: 2026/03/10-05:56:08-GMT  BuildTime: Aug  4 2022 06:17:15  BuildStamp: freesurfer-linux-ubuntu22_x86_64-7.3.2-20220804-6354275  User: oesteban  Machine: dna086  Platform: Linux  PlatformVersion: 5.14.0-427.37.1.el9_4.x86_64  CompilerName: GCC  CompilerVersion: 8.4.0
ProgramName: mri_concat  ProgramArguments: mri_concat -all-info  ProgramVersion: 7.3.2  TimeStamp: 2026/03/10-05:56:08-GMT  BuildTime: Aug  4 2022 06:17:15  BuildStamp: freesurfer-linux-ubuntu22_x86_64-7.3.2-20220804-6354275  User: oesteban  Machine: dna086  Platform: Linux  PlatformVersion: 5.14.0-427.37.1.el9_4.x86_64  CompilerName: GCC  CompilerVersion: 8.4.0
ProgramName: mri_concatenate_lta  ProgramArguments: mri_concatenate_lta -all-info  ProgramVersion: 7.3.2  TimeStamp: 2026/03/10-05:56:08-GMT  BuildTime: Aug  4 2022 06:17:15  BuildStamp: freesurfer-linux-ubuntu22_x86_64-7.3.2-20220804-6354275  User: oesteban  Machine: dna086  Platform: Linux  PlatformVersion: 5.14.0-427.37.1.el9_4.x86_64  CompilerName: GCC  CompilerVersion: 8.4.0
mri_convert -all-info 
ProgramName: mri_convert  ProgramArguments: mri_convert -all-info  ProgramVersion: 7.3.2  TimeStamp: 2026/03/10-05:56:08-GMT  BuildTime: Aug  4 2022 06:17:15  BuildStamp: freesurfer-linux-ubuntu22_x86_64-7.3.2-20220804-6354275  User: oesteban  Machine: dna086  Platform: Linux  PlatformVersion: 5.14.0-427.37.1.el9_4.x86_64  CompilerName: GCC  CompilerVersion: 8.4.0
ProgramName: mri_diff  ProgramArguments: mri_diff -all-info  ProgramVersion: 7.3.2  TimeStamp: 2026/03/10-05:56:08-GMT  BuildTime: Aug  4 2022 06:17:15  BuildStamp: freesurfer-linux-ubuntu22_x86_64-7.3.2-20220804-6354275  User: oesteban  Machine: dna086  Platform: Linux  PlatformVersion: 5.14.0-427.37.1.el9_4.x86_64  CompilerName: GCC  CompilerVersion: 8.4.0
ProgramName: mri_edit_wm_with_aseg  ProgramArguments: mri_edit_wm_with_aseg -all-info  ProgramVersion: 7.3.2  TimeStamp: 2026/03/10-05:56:08-GMT  BuildTime: Aug  4 2022 06:17:15  BuildStamp: freesurfer-linux-ubuntu22_x86_64-7.3.2-20220804-6354275  User: oesteban  Machine: dna086  Platform: Linux  PlatformVersion: 5.14.0-427.37.1.el9_4.x86_64  CompilerName: GCC  CompilerVersion: 8.4.0
ProgramName: mri_em_register  ProgramArguments: mri_em_register -all-info  ProgramVersion: 7.3.2  TimeStamp: 2026/03/10-05:56:08-GMT  BuildTime: Aug  4 2022 06:17:15  BuildStamp: freesurfer-linux-ubuntu22_x86_64-7.3.2-20220804-6354275  User: oesteban  Machine: dna086  Platform: Linux  PlatformVersion: 5.14.0-427.37.1.el9_4.x86_64  CompilerName: GCC  CompilerVersion: 8.4.0
ProgramName: mri_fill  ProgramArguments: mri_fill -all-info  ProgramVersion: 7.3.2  TimeStamp: 2026/03/10-05:56:08-GMT  BuildTime: Aug  4 2022 06:17:15  BuildStamp: freesurfer-linux-ubuntu22_x86_64-7.3.2-20220804-6354275  User: oesteban  Machine: dna086  Platform: Linux  PlatformVersion: 5.14.0-427.37.1.el9_4.x86_64  CompilerName: GCC  CompilerVersion: 8.4.0
ProgramName: mri_fuse_segmentations  ProgramArguments: mri_fuse_segmentations -all-info  ProgramVersion: 7.3.2  TimeStamp: 2026/03/10-05:56:08-GMT  BuildTime: Aug  4 2022 06:17:15  BuildStamp: freesurfer-linux-ubuntu22_x86_64-7.3.2-20220804-6354275  User: oesteban  Machine: dna086  Platform: Linux  PlatformVersion: 5.14.0-427.37.1.el9_4.x86_64  CompilerName: GCC  CompilerVersion: 8.4.0
ProgramName: mri_fwhm  ProgramArguments: mri_fwhm -all-info  ProgramVersion: 7.3.2  TimeStamp: 2026/03/10-05:56:08-GMT  BuildTime: Aug  4 2022 06:17:15  BuildStamp: freesurfer-linux-ubuntu22_x86_64-7.3.2-20220804-6354275  User: oesteban  Machine: dna086  Platform: Linux  PlatformVersion: 5.14.0-427.37.1.el9_4.x86_64  CompilerName: GCC  CompilerVersion: 8.4.0
ProgramName: mri_gcut  ProgramArguments: mri_gcut -all-info  ProgramVersion: 7.3.2  TimeStamp: 2026/03/10-05:56:08-GMT  BuildTime: Aug  4 2022 06:17:15  BuildStamp: freesurfer-linux-ubuntu22_x86_64-7.3.2-20220804-6354275  User: oesteban  Machine: dna086  Platform: Linux  PlatformVersion: 5.14.0-427.37.1.el9_4.x86_64  CompilerName: GCC  CompilerVersion: 8.4.0
ProgramName: mri_info  ProgramArguments: mri_info -all-info  ProgramVersion: 7.3.2  TimeStamp: 2026/03/10-05:56:08-GMT  BuildTime: Aug  4 2022 06:17:15  BuildStamp: freesurfer-linux-ubuntu22_x86_64-7.3.2-20220804-6354275  User: oesteban  Machine: dna086  Platform: Linux  PlatformVersion: 5.14.0-427.37.1.el9_4.x86_64  CompilerName: GCC  CompilerVersion: 8.4.0
ProgramName: mri_label2label  ProgramArguments: mri_label2label -all-info  ProgramVersion: 7.3.2  TimeStamp: 2026/03/10-05:56:08-GMT  BuildTime: Aug  4 2022 06:17:15  BuildStamp: freesurfer-linux-ubuntu22_x86_64-7.3.2-20220804-6354275  User: oesteban  Machine: dna086  Platform: Linux  PlatformVersion: 5.14.0-427.37.1.el9_4.x86_64  CompilerName: GCC  CompilerVersion: 8.4.0
ProgramName: mri_label2vol  ProgramArguments: mri_label2vol -all-info  ProgramVersion: 7.3.2  TimeStamp: 2026/03/10-05:56:08-GMT  BuildTime: Aug  4 2022 06:17:15  BuildStamp: freesurfer-linux-ubuntu22_x86_64-7.3.2-20220804-6354275  User: oesteban  Machine: dna086  Platform: Linux  PlatformVersion: 5.14.0-427.37.1.el9_4.x86_64  CompilerName: GCC  CompilerVersion: 8.4.0
ProgramName: mri_log_likelihood  ProgramArguments: mri_log_likelihood -all-info  ProgramVersion: 7.3.2  TimeStamp: 2026/03/10-05:56:08-GMT  BuildTime: Aug  4 2022 06:17:15  BuildStamp: freesurfer-linux-ubuntu22_x86_64-7.3.2-20220804-6354275  User: oesteban  Machine: dna086  Platform: Linux  PlatformVersion: 5.14.0-427.37.1.el9_4.x86_64  CompilerName: GCC  CompilerVersion: 8.4.0
ProgramName: mri_mask  ProgramArguments: mri_mask -all-info  ProgramVersion: 7.3.2  TimeStamp: 2026/03/10-05:56:08-GMT  BuildTime: Aug  4 2022 06:17:15  BuildStamp: freesurfer-linux-ubuntu22_x86_64-7.3.2-20220804-6354275  User: oesteban  Machine: dna086  Platform: Linux  PlatformVersion: 5.14.0-427.37.1.el9_4.x86_64  CompilerName: GCC  CompilerVersion: 8.4.0
ProgramName: mri_matrix_multiply  ProgramArguments: mri_matrix_multiply -all-info  ProgramVersion: 7.3.2  TimeStamp: 2026/03/10-05:56:08-GMT  BuildTime: Aug  4 2022 06:17:15  BuildStamp: freesurfer-linux-ubuntu22_x86_64-7.3.2-20220804-6354275  User: oesteban  Machine: dna086  Platform: Linux  PlatformVersion: 5.14.0-427.37.1.el9_4.x86_64  CompilerName: GCC  CompilerVersion: 8.4.0
ProgramName: mri_normalize  ProgramArguments: mri_normalize -all-info  ProgramVersion: 7.3.2  TimeStamp: 2026/03/10-05:56:08-GMT  BuildTime: Aug  4 2022 06:17:15  BuildStamp: freesurfer-linux-ubuntu22_x86_64-7.3.2-20220804-6354275  User: oesteban  Machine: dna086  Platform: Linux  PlatformVersion: 5.14.0-427.37.1.el9_4.x86_64  CompilerName: GCC  CompilerVersion: 8.4.0
ProgramName: mri_normalize_tp2  ProgramArguments: mri_normalize_tp2 -all-info  ProgramVersion: 7.3.2  TimeStamp: 2026/03/10-05:56:08-GMT  BuildTime: Aug  4 2022 06:17:15  BuildStamp: freesurfer-linux-ubuntu22_x86_64-7.3.2-20220804-6354275  User: oesteban  Machine: dna086  Platform: Linux  PlatformVersion: 5.14.0-427.37.1.el9_4.x86_64  CompilerName: GCC  CompilerVersion: 8.4.0
ProgramName: mri_or  ProgramArguments: mri_or -all-info  ProgramVersion: 7.3.2  TimeStamp: 2026/03/10-05:56:08-GMT  BuildTime: Aug  4 2022 06:17:15  BuildStamp: freesurfer-linux-ubuntu22_x86_64-7.3.2-20220804-6354275  User: oesteban  Machine: dna086  Platform: Linux  PlatformVersion: 5.14.0-427.37.1.el9_4.x86_64  CompilerName: GCC  CompilerVersion: 8.4.0
ProgramName: mri_relabel_hypointensities  ProgramArguments: mri_relabel_hypointensities -all-info  ProgramVersion: 7.3.2  TimeStamp: 2026/03/10-05:56:08-GMT  BuildTime: Aug  4 2022 06:17:15  BuildStamp: freesurfer-linux-ubuntu22_x86_64-7.3.2-20220804-6354275  User: oesteban  Machine: dna086  Platform: Linux  PlatformVersion: 5.14.0-427.37.1.el9_4.x86_64  CompilerName: GCC  CompilerVersion: 8.4.0
ProgramName: mri_relabel_nonwm_hypos  ProgramArguments: mri_relabel_nonwm_hypos -all-info  ProgramVersion: 7.3.2  TimeStamp: 2026/03/10-05:56:08-GMT  BuildTime: Aug  4 2022 06:17:15  BuildStamp: freesurfer-linux-ubuntu22_x86_64-7.3.2-20220804-6354275  User: oesteban  Machine: dna086  Platform: Linux  PlatformVersion: 5.14.0-427.37.1.el9_4.x86_64  CompilerName: GCC  CompilerVersion: 8.4.0
ProgramName: mri_remove_neck  ProgramArguments: mri_remove_neck -all-info  ProgramVersion: 7.3.2  TimeStamp: 2026/03/10-05:56:08-GMT  BuildTime: Aug  4 2022 06:17:15  BuildStamp: freesurfer-linux-ubuntu22_x86_64-7.3.2-20220804-6354275  User: oesteban  Machine: dna086  Platform: Linux  PlatformVersion: 5.14.0-427.37.1.el9_4.x86_64  CompilerName: GCC  CompilerVersion: 8.4.0
7.3.2

ProgramName: mri_robust_register  ProgramArguments: mri_robust_register -all-info  ProgramVersion: 7.3.2  TimeStamp: 2026/03/10-05:56:08-GMT  BuildTime: Aug  4 2022 06:17:15  BuildStamp: freesurfer-linux-ubuntu22_x86_64-7.3.2-20220804-6354275  User: oesteban  Machine: dna086  Platform: Linux  PlatformVersion: 5.14.0-427.37.1.el9_4.x86_64  CompilerName: GCC  CompilerVersion: 8.4.0
7.3.2

ProgramName: mri_robust_template  ProgramArguments: mri_robust_template -all-info  ProgramVersion: 7.3.2  TimeStamp: 2026/03/10-05:56:08-GMT  BuildTime: Aug  4 2022 06:17:15  BuildStamp: freesurfer-linux-ubuntu22_x86_64-7.3.2-20220804-6354275  User: oesteban  Machine: dna086  Platform: Linux  PlatformVersion: 5.14.0-427.37.1.el9_4.x86_64  CompilerName: GCC  CompilerVersion: 8.4.0
ProgramName: mris_anatomical_stats  ProgramArguments: mris_anatomical_stats -all-info  ProgramVersion: 7.3.2  TimeStamp: 2026/03/10-05:56:08-GMT  BuildTime: Aug  4 2022 06:17:15  BuildStamp: freesurfer-linux-ubuntu22_x86_64-7.3.2-20220804-6354275  User: oesteban  Machine: dna086  Platform: Linux  PlatformVersion: 5.14.0-427.37.1.el9_4.x86_64  CompilerName: GCC  CompilerVersion: 8.4.0
ProgramName: mris_ca_label  ProgramArguments: mris_ca_label -all-info  ProgramVersion: 7.3.2  TimeStamp: 2026/03/10-05:56:08-GMT  BuildTime: Aug  4 2022 06:17:15  BuildStamp: freesurfer-linux-ubuntu22_x86_64-7.3.2-20220804-6354275  User: oesteban  Machine: dna086  Platform: Linux  PlatformVersion: 5.14.0-427.37.1.el9_4.x86_64  CompilerName: GCC  CompilerVersion: 8.4.0
ProgramName: mris_calc  ProgramArguments: mris_calc -all-info  ProgramVersion: 7.3.2  TimeStamp: 2026/03/10-05:56:08-GMT  BuildTime: Aug  4 2022 06:17:15  BuildStamp: freesurfer-linux-ubuntu22_x86_64-7.3.2-20220804-6354275  User: oesteban  Machine: dna086  Platform: Linux  PlatformVersion: 5.14.0-427.37.1.el9_4.x86_64  CompilerName: GCC  CompilerVersion: 8.4.0
ProgramName: mris_convert  ProgramArguments: mris_convert -all-info  ProgramVersion: 7.3.2  TimeStamp: 2026/03/10-05:56:08-GMT  BuildTime: Aug  4 2022 06:17:15  BuildStamp: freesurfer-linux-ubuntu22_x86_64-7.3.2-20220804-6354275  User: oesteban  Machine: dna086  Platform: Linux  PlatformVersion: 5.14.0-427.37.1.el9_4.x86_64  CompilerName: GCC  CompilerVersion: 8.4.0
ProgramName: mris_curvature  ProgramArguments: mris_curvature -all-info  ProgramVersion: 7.3.2  TimeStamp: 2026/03/10-05:56:08-GMT  BuildTime: Aug  4 2022 06:17:15  BuildStamp: freesurfer-linux-ubuntu22_x86_64-7.3.2-20220804-6354275  User: oesteban  Machine: dna086  Platform: Linux  PlatformVersion: 5.14.0-427.37.1.el9_4.x86_64  CompilerName: GCC  CompilerVersion: 8.4.0
ProgramName: mris_curvature_stats  ProgramArguments: mris_curvature_stats -all-info  ProgramVersion: 7.3.2  TimeStamp: 2026/03/10-05:56:08-GMT  BuildTime: Aug  4 2022 06:17:15  BuildStamp: freesurfer-linux-ubuntu22_x86_64-7.3.2-20220804-6354275  User: oesteban  Machine: dna086  Platform: Linux  PlatformVersion: 5.14.0-427.37.1.el9_4.x86_64  CompilerName: GCC  CompilerVersion: 8.4.0
ProgramName: mris_diff  ProgramArguments: mris_diff -all-info  ProgramVersion: 7.3.2  TimeStamp: 2026/03/10-05:56:08-GMT  BuildTime: Aug  4 2022 06:17:15  BuildStamp: freesurfer-linux-ubuntu22_x86_64-7.3.2-20220804-6354275  User: oesteban  Machine: dna086  Platform: Linux  PlatformVersion: 5.14.0-427.37.1.el9_4.x86_64  CompilerName: GCC  CompilerVersion: 8.4.0
ProgramName: mris_divide_parcellation  ProgramArguments: mris_divide_parcellation -all-info  ProgramVersion: 7.3.2  TimeStamp: 2026/03/10-05:56:08-GMT  BuildTime: Aug  4 2022 06:17:15  BuildStamp: freesurfer-linux-ubuntu22_x86_64-7.3.2-20220804-6354275  User: oesteban  Machine: dna086  Platform: Linux  PlatformVersion: 5.14.0-427.37.1.el9_4.x86_64  CompilerName: GCC  CompilerVersion: 8.4.0
ProgramName: mri_segment  ProgramArguments: mri_segment -all-info  ProgramVersion: 7.3.2  TimeStamp: 2026/03/10-05:56:08-GMT  BuildTime: Aug  4 2022 06:17:15  BuildStamp: freesurfer-linux-ubuntu22_x86_64-7.3.2-20220804-6354275  User: oesteban  Machine: dna086  Platform: Linux  PlatformVersion: 5.14.0-427.37.1.el9_4.x86_64  CompilerName: GCC  CompilerVersion: 8.4.0
ProgramName: mri_segstats  ProgramArguments: mri_segstats -all-info  ProgramVersion: 7.3.2  TimeStamp: 2026/03/10-05:56:08-GMT  BuildTime: Aug  4 2022 06:17:15  BuildStamp: freesurfer-linux-ubuntu22_x86_64-7.3.2-20220804-6354275  User: oesteban  Machine: dna086  Platform: Linux  PlatformVersion: 5.14.0-427.37.1.el9_4.x86_64  CompilerName: GCC  CompilerVersion: 8.4.0
ProgramName: mris_euler_number  ProgramArguments: mris_euler_number -all-info  ProgramVersion: 7.3.2  TimeStamp: 2026/03/10-05:56:08-GMT  BuildTime: Aug  4 2022 06:17:15  BuildStamp: freesurfer-linux-ubuntu22_x86_64-7.3.2-20220804-6354275  User: oesteban  Machine: dna086  Platform: Linux  PlatformVersion: 5.14.0-427.37.1.el9_4.x86_64  CompilerName: GCC  CompilerVersion: 8.4.0
ProgramName: mris_fix_topology  ProgramArguments: mris_fix_topology -all-info  ProgramVersion: 7.3.2  TimeStamp: 2026/03/10-05:56:08-GMT  BuildTime: Aug  4 2022 06:17:15  BuildStamp: freesurfer-linux-ubuntu22_x86_64-7.3.2-20220804-6354275  User: oesteban  Machine: dna086  Platform: Linux  PlatformVersion: 5.14.0-427.37.1.el9_4.x86_64  CompilerName: GCC  CompilerVersion: 8.4.0
ProgramName: mris_topo_fixer  ProgramArguments: mris_topo_fixer -all-info  ProgramVersion: 7.3.2  TimeStamp: 2026/03/10-05:56:08-GMT  BuildTime: Aug  4 2022 06:17:15  BuildStamp: freesurfer-linux-ubuntu22_x86_64-7.3.2-20220804-6354275  User: oesteban  Machine: dna086  Platform: Linux  PlatformVersion: 5.14.0-427.37.1.el9_4.x86_64  CompilerName: GCC  CompilerVersion: 8.4.0
ProgramName: mris_jacobian  ProgramArguments: mris_jacobian -all-info  ProgramVersion: 7.3.2  TimeStamp: 2026/03/10-05:56:08-GMT  BuildTime: Aug  4 2022 06:17:15  BuildStamp: freesurfer-linux-ubuntu22_x86_64-7.3.2-20220804-6354275  User: oesteban  Machine: dna086  Platform: Linux  PlatformVersion: 5.14.0-427.37.1.el9_4.x86_64  CompilerName: GCC  CompilerVersion: 8.4.0
ProgramName: mris_label2annot  ProgramArguments: mris_label2annot -all-info  ProgramVersion: 7.3.2  TimeStamp: 2026/03/10-05:56:08-GMT  BuildTime: Aug  4 2022 06:17:15  BuildStamp: freesurfer-linux-ubuntu22_x86_64-7.3.2-20220804-6354275  User: oesteban  Machine: dna086  Platform: Linux  PlatformVersion: 5.14.0-427.37.1.el9_4.x86_64  CompilerName: GCC  CompilerVersion: 8.4.0
ProgramName: mris_left_right_register  ProgramArguments: mris_left_right_register -all-info  ProgramVersion: 7.3.2  TimeStamp: 2026/03/10-05:56:08-GMT  BuildTime: Aug  4 2022 06:17:15  BuildStamp: freesurfer-linux-ubuntu22_x86_64-7.3.2-20220804-6354275  User: oesteban  Machine: dna086  Platform: Linux  PlatformVersion: 5.14.0-427.37.1.el9_4.x86_64  CompilerName: GCC  CompilerVersion: 8.4.0
ProgramName: mris_place_surface  ProgramArguments: mris_place_surface -all-info  ProgramVersion: 7.3.2  TimeStamp: 2026/03/10-05:56:08-GMT  BuildTime: Aug  4 2022 06:17:15  BuildStamp: freesurfer-linux-ubuntu22_x86_64-7.3.2-20220804-6354275  User: oesteban  Machine: dna086  Platform: Linux  PlatformVersion: 5.14.0-427.37.1.el9_4.x86_64  CompilerName: GCC  CompilerVersion: 8.4.0
ProgramName: mrisp_paint  ProgramArguments: mrisp_paint -all-info  ProgramVersion: 7.3.2  TimeStamp: 2026/03/10-05:56:08-GMT  BuildTime: Aug  4 2022 06:17:15  BuildStamp: freesurfer-linux-ubuntu22_x86_64-7.3.2-20220804-6354275  User: oesteban  Machine: dna086  Platform: Linux  PlatformVersion: 5.14.0-427.37.1.el9_4.x86_64  CompilerName: GCC  CompilerVersion: 8.4.0
ProgramName: mris_register  ProgramArguments: mris_register -all-info  ProgramVersion: 7.3.2  TimeStamp: 2026/03/10-05:56:08-GMT  BuildTime: Aug  4 2022 06:17:15  BuildStamp: freesurfer-linux-ubuntu22_x86_64-7.3.2-20220804-6354275  User: oesteban  Machine: dna086  Platform: Linux  PlatformVersion: 5.14.0-427.37.1.el9_4.x86_64  CompilerName: GCC  CompilerVersion: 8.4.0
ProgramName: mris_smooth  ProgramArguments: mris_smooth -all-info  ProgramVersion: 7.3.2  TimeStamp: 2026/03/10-05:56:08-GMT  BuildTime: Aug  4 2022 06:17:15  BuildStamp: freesurfer-linux-ubuntu22_x86_64-7.3.2-20220804-6354275  User: oesteban  Machine: dna086  Platform: Linux  PlatformVersion: 5.14.0-427.37.1.el9_4.x86_64  CompilerName: GCC  CompilerVersion: 8.4.0
ProgramName: mris_sphere  ProgramArguments: mris_sphere -all-info  ProgramVersion: 7.3.2  TimeStamp: 2026/03/10-05:56:08-GMT  BuildTime: Aug  4 2022 06:17:15  BuildStamp: freesurfer-linux-ubuntu22_x86_64-7.3.2-20220804-6354275  User: oesteban  Machine: dna086  Platform: Linux  PlatformVersion: 5.14.0-427.37.1.el9_4.x86_64  CompilerName: GCC  CompilerVersion: 8.4.0
ProgramName: mris_surface_stats  ProgramArguments: mris_surface_stats -all-info  ProgramVersion: 7.3.2  TimeStamp: 2026/03/10-05:56:08-GMT  BuildTime: Aug  4 2022 06:17:15  BuildStamp: freesurfer-linux-ubuntu22_x86_64-7.3.2-20220804-6354275  User: oesteban  Machine: dna086  Platform: Linux  PlatformVersion: 5.14.0-427.37.1.el9_4.x86_64  CompilerName: GCC  CompilerVersion: 8.4.0
ProgramName: mri_stats2seg  ProgramArguments: mri_stats2seg -all-info  ProgramVersion: 7.3.2  TimeStamp: 2026/03/10-05:56:08-GMT  BuildTime: Aug  4 2022 06:17:15  BuildStamp: freesurfer-linux-ubuntu22_x86_64-7.3.2-20220804-6354275  User: oesteban  Machine: dna086  Platform: Linux  PlatformVersion: 5.14.0-427.37.1.el9_4.x86_64  CompilerName: GCC  CompilerVersion: 8.4.0
ProgramName: mris_thickness  ProgramArguments: mris_thickness -all-info  ProgramVersion: 7.3.2  TimeStamp: 2026/03/10-05:56:08-GMT  BuildTime: Aug  4 2022 06:17:15  BuildStamp: freesurfer-linux-ubuntu22_x86_64-7.3.2-20220804-6354275  User: oesteban  Machine: dna086  Platform: Linux  PlatformVersion: 5.14.0-427.37.1.el9_4.x86_64  CompilerName: GCC  CompilerVersion: 8.4.0
ProgramName: mris_thickness_diff  ProgramArguments: mris_thickness_diff -all-info  ProgramVersion: 7.3.2  TimeStamp: 2026/03/10-05:56:08-GMT  BuildTime: Aug  4 2022 06:17:15  BuildStamp: freesurfer-linux-ubuntu22_x86_64-7.3.2-20220804-6354275  User: oesteban  Machine: dna086  Platform: Linux  PlatformVersion: 5.14.0-427.37.1.el9_4.x86_64  CompilerName: GCC  CompilerVersion: 8.4.0
ProgramName: mris_topo_fixer  ProgramArguments: mris_topo_fixer -all-info  ProgramVersion: 7.3.2  TimeStamp: 2026/03/10-05:56:08-GMT  BuildTime: Aug  4 2022 06:17:15  BuildStamp: freesurfer-linux-ubuntu22_x86_64-7.3.2-20220804-6354275  User: oesteban  Machine: dna086  Platform: Linux  PlatformVersion: 5.14.0-427.37.1.el9_4.x86_64  CompilerName: GCC  CompilerVersion: 8.4.0
ProgramName: mri_surf2surf  ProgramArguments: mri_surf2surf -all-info  ProgramVersion: 7.3.2  TimeStamp: 2026/03/10-05:56:08-GMT  BuildTime: Aug  4 2022 06:17:15  BuildStamp: freesurfer-linux-ubuntu22_x86_64-7.3.2-20220804-6354275  User: oesteban  Machine: dna086  Platform: Linux  PlatformVersion: 5.14.0-427.37.1.el9_4.x86_64  CompilerName: GCC  CompilerVersion: 8.4.0
ProgramName: mri_surf2vol  ProgramArguments: mri_surf2vol -all-info  ProgramVersion: 7.3.2  TimeStamp: 2026/03/10-05:56:08-GMT  BuildTime: Aug  4 2022 06:17:15  BuildStamp: freesurfer-linux-ubuntu22_x86_64-7.3.2-20220804-6354275  User: oesteban  Machine: dna086  Platform: Linux  PlatformVersion: 5.14.0-427.37.1.el9_4.x86_64  CompilerName: GCC  CompilerVersion: 8.4.0
ProgramName: mri_surfcluster  ProgramArguments: mri_surfcluster -all-info  ProgramVersion: 7.3.2  TimeStamp: 2026/03/10-05:56:08-GMT  BuildTime: Aug  4 2022 06:17:15  BuildStamp: freesurfer-linux-ubuntu22_x86_64-7.3.2-20220804-6354275  User: oesteban  Machine: dna086  Platform: Linux  PlatformVersion: 5.14.0-427.37.1.el9_4.x86_64  CompilerName: GCC  CompilerVersion: 8.4.0
ProgramName: mris_volmask  ProgramArguments: mris_volmask -all-info  ProgramVersion: 7.3.2  TimeStamp: 2026/03/10-05:56:08-GMT  BuildTime: Aug  4 2022 06:17:15  BuildStamp: freesurfer-linux-ubuntu22_x86_64-7.3.2-20220804-6354275  User: oesteban  Machine: dna086  Platform: Linux  PlatformVersion: 5.14.0-427.37.1.el9_4.x86_64  CompilerName: GCC  CompilerVersion: 8.4.0
ProgramName: mri_tessellate  ProgramArguments: mri_tessellate -all-info  ProgramVersion: 7.3.2  TimeStamp: 2026/03/10-05:56:08-GMT  BuildTime: Aug  4 2022 06:17:15  BuildStamp: freesurfer-linux-ubuntu22_x86_64-7.3.2-20220804-6354275  User: oesteban  Machine: dna086  Platform: Linux  PlatformVersion: 5.14.0-427.37.1.el9_4.x86_64  CompilerName: GCC  CompilerVersion: 8.4.0
ProgramName: mri_vol2surf  ProgramArguments: mri_vol2surf -all-info  ProgramVersion: 7.3.2  TimeStamp: 2026/03/10-05:56:08-GMT  BuildTime: Aug  4 2022 06:17:15  BuildStamp: freesurfer-linux-ubuntu22_x86_64-7.3.2-20220804-6354275  User: oesteban  Machine: dna086  Platform: Linux  PlatformVersion: 5.14.0-427.37.1.el9_4.x86_64  CompilerName: GCC  CompilerVersion: 8.4.0
ProgramName: mri_vol2vol  ProgramArguments: mri_vol2vol -all-info  ProgramVersion: 7.3.2  TimeStamp: 2026/03/10-05:56:08-GMT  BuildTime: Aug  4 2022 06:17:15  BuildStamp: freesurfer-linux-ubuntu22_x86_64-7.3.2-20220804-6354275  User: oesteban  Machine: dna086  Platform: Linux  PlatformVersion: 5.14.0-427.37.1.el9_4.x86_64  CompilerName: GCC  CompilerVersion: 8.4.0
ProgramName: mri_voldiff  ProgramArguments: mri_voldiff -all-info  ProgramVersion: 7.3.2  TimeStamp: 2026/03/10-05:56:08-GMT  BuildTime: Aug  4 2022 06:17:15  BuildStamp: freesurfer-linux-ubuntu22_x86_64-7.3.2-20220804-6354275  User: oesteban  Machine: dna086  Platform: Linux  PlatformVersion: 5.14.0-427.37.1.el9_4.x86_64  CompilerName: GCC  CompilerVersion: 8.4.0
ProgramName: mri_watershed  ProgramArguments: mri_watershed -all-info  ProgramVersion: 7.3.2  TimeStamp: 2026/03/10-05:56:08-GMT  BuildTime: Aug  4 2022 06:17:15  BuildStamp: freesurfer-linux-ubuntu22_x86_64-7.3.2-20220804-6354275  User: oesteban  Machine: dna086  Platform: Linux  PlatformVersion: 5.14.0-427.37.1.el9_4.x86_64  CompilerName: GCC  CompilerVersion: 8.4.0
ProgramName: tkregister2  ProgramArguments: tkregister2_cmdl -all-info  ProgramVersion: 7.3.2  TimeStamp: 2026/03/10-05:56:08-GMT  BuildTime: Aug  4 2022 06:17:15  BuildStamp: freesurfer-linux-ubuntu22_x86_64-7.3.2-20220804-6354275  User: oesteban  Machine: dna086  Platform: Linux  PlatformVersion: 5.14.0-427.37.1.el9_4.x86_64  CompilerName: GCC  CompilerVersion: 8.4.0
mri_motion_correct.fsl 7.3.2
mri_convert -all-info 
ProgramName: mri_convert  ProgramArguments: mri_convert -all-info  ProgramVersion: 7.3.2  TimeStamp: 2026/03/10-05:56:08-GMT  BuildTime: Aug  4 2022 06:17:15  BuildStamp: freesurfer-linux-ubuntu22_x86_64-7.3.2-20220804-6354275  User: oesteban  Machine: dna086  Platform: Linux  PlatformVersion: 5.14.0-427.37.1.el9_4.x86_64  CompilerName: GCC  CompilerVersion: 8.4.0
Program nu_correct, built from:
Package MNI N3, version 1.12.0, compiled by nicks@terrier (x86_64-unknown-linux-gnu) on 2015-06-19 at 01:25:34
#######################################
GCADIR /opt/freesurfer/average
GCA RB_all_2020-01-02.gca
GCASkull RB_all_withskull_2020_01_02.gca
AvgCurvTif folding.atlas.acfb40.noaparc.i12.2016-08-02.tif
GCSDIR /opt/freesurfer/average
GCS DKaparc.atlas.acfb40.noaparc.i12.2016-08-02.gcs
#######################################
/out/sourcedata/freesurfer/sub-v1s8x0051345_ses-1

 mri_convert /work/fmriprep_25_2_wf/sub_v1s8x0051345_ses_1_wf/anat_fit_wf/anat_validate/sub-v1s8x0051345_ses-1_T1w_noise_corrected_ras_valid.nii.gz /out/sourcedata/freesurfer/sub-v1s8x0051345_ses-1/mri/orig/001.mgz 

mri_convert /work/fmriprep_25_2_wf/sub_v1s8x0051345_ses_1_wf/anat_fit_wf/anat_validate/sub-v1s8x0051345_ses-1_T1w_noise_corrected_ras_valid.nii.gz /out/sourcedata/freesurfer/sub-v1s8x0051345_ses-1/mri/orig/001.mgz 
reading from /work/fmriprep_25_2_wf/sub_v1s8x0051345_ses_1_wf/anat_fit_wf/anat_validate/sub-v1s8x0051345_ses-1_T1w_noise_corrected_ras_valid.nii.gz...
TR=0.00, TE=0.00, TI=0.00, flip angle=0.00
i_ras = (1, 0, 0)
j_ras = (0, 1, 0)
k_ras = (0, 0, 1)
writing to /out/sourcedata/freesurfer/sub-v1s8x0051345_ses-1/mri/orig/001.mgz...
#--------------------------------------------
#@# MotionCor Tue Mar 10 06:56:09 CET 2026
Found 1 runs
/out/sourcedata/freesurfer/sub-v1s8x0051345_ses-1/mri/orig/001.mgz
Checking for (invalid) multi-frame inputs...
Only one run found so motion
correction will not be performed. I'll
copy the run to rawavg and continue.

 cp /out/sourcedata/freesurfer/sub-v1s8x0051345_ses-1/mri/orig/001.mgz /out/sourcedata/freesurfer/sub-v1s8x0051345_ses-1/mri/rawavg.mgz 


 mri_info /out/sourcedata/freesurfer/sub-v1s8x0051345_ses-1/mri/rawavg.mgz 

rawavg.mgz ========================================
Volume information for /out/sourcedata/freesurfer/sub-v1s8x0051345_ses-1/mri/rawavg.mgz
          type: MGH
    dimensions: 144 x 240 x 256
   voxel sizes: 1.000000, 1.000000, 1.000000
          type: FLOAT (3)
           fov: 256.000
           dof: 1
        xstart: -72.0, xend: 72.0
        ystart: -120.0, yend: 120.0
        zstart: -128.0, zend: 128.0
            TR: 0.00 msec, TE: 0.00 msec, TI: 0.00 msec, flip angle: 0.00 degrees
       nframes: 1
       PhEncDir: UNKNOWN
       FieldStrength: 0.000000
ras xform present
    xform info: x_r =   1.0000, y_r =   0.0000, z_r =   0.0000, c_r =     6.2824
              : x_a =   0.0000, y_a =   1.0000, z_a =   0.0000, c_a =    -4.5426
              : x_s =   0.0000, y_s =   0.0000, z_s =   1.0000, c_s =   -45.2453

talairach xfm : 
Orientation   : RAS
Primary Slice Direction: axial

voxel to ras transform:
                1.0000   0.0000   0.0000   -65.7176
                0.0000   1.0000   0.0000  -124.5426
                0.0000   0.0000   1.0000  -173.2453
                0.0000   0.0000   0.0000     1.0000

voxel-to-ras determinant 1

ras to voxel transform:
                1.0000   0.0000   0.0000    65.7176
                0.0000   1.0000   0.0000   124.5426
                0.0000   0.0000   1.0000   173.2453
                0.0000   0.0000   0.0000     1.0000
/out/sourcedata/freesurfer/sub-v1s8x0051345_ses-1

 mri_convert /out/sourcedata/freesurfer/sub-v1s8x0051345_ses-1/mri/rawavg.mgz /out/sourcedata/freesurfer/sub-v1s8x0051345_ses-1/mri/orig.mgz --conform 

mri_convert /out/sourcedata/freesurfer/sub-v1s8x0051345_ses-1/mri/rawavg.mgz /out/sourcedata/freesurfer/sub-v1s8x0051345_ses-1/mri/orig.mgz --conform 
reading from /out/sourcedata/freesurfer/sub-v1s8x0051345_ses-1/mri/rawavg.mgz...
TR=0.00, TE=0.00, TI=0.00, flip angle=0.00
i_ras = (1, 0, 0)
j_ras = (0, 1, 0)
k_ras = (0, 0, 1)
changing data type from float to uchar (noscale = 0)...
MRIchangeType: Building histogram 0 1182.35 1000, flo=0, fhi=0.999, dest_type=0
Reslicing using trilinear interpolation 
writing to /out/sourcedata/freesurfer/sub-v1s8x0051345_ses-1/mri/orig.mgz...

 mri_add_xform_to_header -c /out/sourcedata/freesurfer/sub-v1s8x0051345_ses-1/mri/transforms/talairach.xfm /out/sourcedata/freesurfer/sub-v1s8x0051345_ses-1/mri/orig.mgz /out/sourcedata/freesurfer/sub-v1s8x0051345_ses-1/mri/orig.mgz 

INFO: extension is mgz

 mri_info /out/sourcedata/freesurfer/sub-v1s8x0051345_ses-1/mri/orig.mgz 

orig.mgz ========================================
Volume information for /out/sourcedata/freesurfer/sub-v1s8x0051345_ses-1/mri/orig.mgz
          type: MGH
    dimensions: 256 x 256 x 256
   voxel sizes: 1.000000, 1.000000, 1.000000
          type: UCHAR (0)
           fov: 256.000
           dof: 1
        xstart: -128.0, xend: 128.0
        ystart: -128.0, yend: 128.0
        zstart: -128.0, zend: 128.0
            TR: 0.00 msec, TE: 0.00 msec, TI: 0.00 msec, flip angle: 0.00 degrees
       nframes: 1
       PhEncDir: UNKNOWN
       FieldStrength: 0.000000
ras xform present
    xform info: x_r =  -1.0000, y_r =   0.0000, z_r =   0.0000, c_r =     6.2824
              : x_a =   0.0000, y_a =   0.0000, z_a =   1.0000, c_a =    -4.5426
              : x_s =   0.0000, y_s =  -1.0000, z_s =   0.0000, c_s =   -45.2453

talairach xfm : /out/sourcedata/freesurfer/sub-v1s8x0051345_ses-1/mri/transforms/talairach.xfm
Orientation   : LIA
Primary Slice Direction: coronal

voxel to ras transform:
               -1.0000   0.0000   0.0000   134.2824
                0.0000   0.0000   1.0000  -132.5426
                0.0000  -1.0000   0.0000    82.7547
                0.0000   0.0000   0.0000     1.0000

voxel-to-ras determinant -1

ras to voxel transform:
               -1.0000  -0.0000  -0.0000   134.2824
               -0.0000  -0.0000  -1.0000    82.7547
               -0.0000   1.0000  -0.0000   132.5426
               -0.0000  -0.0000  -0.0000     1.0000
#--------------------------------------------
#@# Talairach Tue Mar 10 06:56:15 CET 2026
/out/sourcedata/freesurfer/sub-v1s8x0051345_ses-1/mri

 mri_nu_correct.mni --no-rescale --i orig.mgz --o orig_nu.mgz --ants-n4 --n 1 --proto-iters 1000 --distance 50 

/usr/bin/bc
/out/sourcedata/freesurfer/sub-v1s8x0051345_ses-1/mri
/opt/freesurfer/bin/mri_nu_correct.mni
--no-rescale --i orig.mgz --o orig_nu.mgz --ants-n4 --n 1 --proto-iters 1000 --distance 50
nIters 1
mri_nu_correct.mni 7.3.2
Linux dna086 5.14.0-427.37.1.el9_4.x86_64 #1 SMP PREEMPT_DYNAMIC Fri Sep 13 12:41:50 EDT 2024 x86_64 x86_64 x86_64 GNU/Linux
Tue Mar 10 06:56:15 CET 2026
tmpdir is ./tmp.mri_nu_correct.mni.459485
cd /out/sourcedata/freesurfer/sub-v1s8x0051345_ses-1/mri
AntsN4BiasFieldCorrectionFs -i orig.mgz -o ./tmp.mri_nu_correct.mni.459485/nu0.mgz --dtype uchar
AntsN4BiasFieldCorrectionFs done
mri_convert ./tmp.mri_nu_correct.mni.459485/nu0.mgz orig_nu.mgz --like orig.mgz --conform
mri_convert ./tmp.mri_nu_correct.mni.459485/nu0.mgz orig_nu.mgz --like orig.mgz --conform 
reading from ./tmp.mri_nu_correct.mni.459485/nu0.mgz...
TR=0.00, TE=0.00, TI=0.00, flip angle=0.00
i_ras = (-1, 0, 0)
j_ras = (0, 0, -1)
k_ras = (0, 1, 0)
INFO: transform src into the like-volume: orig.mgz
writing to orig_nu.mgz...
 
 
Tue Mar 10 06:58:48 CET 2026
mri_nu_correct.mni done

 talairach_avi --i orig_nu.mgz --xfm transforms/talairach.auto.xfm 

talairach_avi log file is transforms/talairach_avi.log...
mv -f /out/sourcedata/freesurfer/sub-v1s8x0051345_ses-1/mri/talsrcimg_to_711-2C_as_mni_average_305_t4_vox2vox.txt /out/sourcedata/freesurfer/sub-v1s8x0051345_ses-1/mri/transforms/talsrcimg_to_711-2C_as_mni_average_305_t4_vox2vox.txt
Started at Tue Mar 10 06:58:48 CET 2026
Ended   at Tue Mar 10 06:59:02 CET 2026
talairach_avi done

 cp transforms/talairach.auto.xfm transforms/talairach.xfm 

lta_convert --src orig.mgz --trg /opt/freesurfer/average/mni305.cor.mgz --inxfm transforms/talairach.xfm --outlta transforms/talairach.xfm.lta --subject fsaverage --ltavox2vox
7.3.2

--src: orig.mgz src image (geometry).
--trg: /opt/freesurfer/average/mni305.cor.mgz trg image (geometry).
--inmni: transforms/talairach.xfm input MNI/XFM transform.
--outlta: transforms/talairach.xfm.lta output LTA.
--s: fsaverage subject name
--ltavox2vox: output LTA as VOX_TO_VOX transform.
 LTA read, type : 1
 1.10212  -0.09557  -0.03320  -8.89732;
 0.08225   0.99049   0.31901   9.91975;
-0.04297  -0.31938   1.10985   16.31718;
 0.00000   0.00000   0.00000   1.00000;
setting subject to fsaverage
Writing  LTA to file transforms/talairach.xfm.lta...
lta_convert successful.
#--------------------------------------------
#@# Talairach Failure Detection Tue Mar 10 06:59:04 CET 2026
/out/sourcedata/freesurfer/sub-v1s8x0051345_ses-1/mri

 talairach_afd -T 0.005 -xfm transforms/talairach.xfm 

talairach_afd: Talairach Transform: transforms/talairach.xfm OK (p=0.7070, pval=0.4932 >= threshold=0.0050)

 awk -f /opt/freesurfer/bin/extract_talairach_avi_QA.awk /out/sourcedata/freesurfer/sub-v1s8x0051345_ses-1/mri/transforms/talairach_avi.log 


 tal_QC_AZS /out/sourcedata/freesurfer/sub-v1s8x0051345_ses-1/mri/transforms/talairach_avi.log 

TalAviQA: 0.98125
z-score: 0
#--------------------------------------------
#@# Nu Intensity Correction Tue Mar 10 06:59:04 CET 2026

 mri_nu_correct.mni --i orig.mgz --o nu.mgz --uchar transforms/talairach.xfm --n 2 --ants-n4 

/usr/bin/bc
/out/sourcedata/freesurfer/sub-v1s8x0051345_ses-1/mri
/opt/freesurfer/bin/mri_nu_correct.mni
--i orig.mgz --o nu.mgz --uchar transforms/talairach.xfm --n 2 --ants-n4
nIters 2
mri_nu_correct.mni 7.3.2
Linux dna086 5.14.0-427.37.1.el9_4.x86_64 #1 SMP PREEMPT_DYNAMIC Fri Sep 13 12:41:50 EDT 2024 x86_64 x86_64 x86_64 GNU/Linux
Tue Mar 10 06:59:04 CET 2026
tmpdir is ./tmp.mri_nu_correct.mni.460141
cd /out/sourcedata/freesurfer/sub-v1s8x0051345_ses-1/mri
AntsN4BiasFieldCorrectionFs -i orig.mgz -o ./tmp.mri_nu_correct.mni.460141/nu0.mgz --dtype uchar
AntsN4BiasFieldCorrectionFs done
mri_binarize --i ./tmp.mri_nu_correct.mni.460141/nu0.mgz --min -1 --o ./tmp.mri_nu_correct.mni.460141/ones.mgz

7.3.2
cwd /out/sourcedata/freesurfer/sub-v1s8x0051345_ses-1/mri
cmdline mri_binarize --i ./tmp.mri_nu_correct.mni.460141/nu0.mgz --min -1 --o ./tmp.mri_nu_correct.mni.460141/ones.mgz 
sysname  Linux
hostname dna086
machine  x86_64
user     oesteban

input      ./tmp.mri_nu_correct.mni.460141/nu0.mgz
frame      0
nErode3d   0
nErode2d   0
output     ./tmp.mri_nu_correct.mni.460141/ones.mgz
Binarizing based on threshold
min        -1
max        +infinity
binval        1
binvalnot     0
fstart = 0, fend = 0, nframes = 1
Starting parallel 1
Found 16777216 values in range
Counting number of voxels in first frame
Found 16777215 voxels in final mask
Writing output to ./tmp.mri_nu_correct.mni.460141/ones.mgz
Count: 16777215 16777215.000000 16777216 99.999994
mri_binarize done
mri_segstats --id 1 --seg ./tmp.mri_nu_correct.mni.460141/ones.mgz --i orig.mgz --sum ./tmp.mri_nu_correct.mni.460141/sum.junk --avgwf ./tmp.mri_nu_correct.mni.460141/input.mean.dat

7.3.2
cwd 
cmdline mri_segstats --id 1 --seg ./tmp.mri_nu_correct.mni.460141/ones.mgz --i orig.mgz --sum ./tmp.mri_nu_correct.mni.460141/sum.junk --avgwf ./tmp.mri_nu_correct.mni.460141/input.mean.dat 
sysname  Linux
hostname dna086
machine  x86_64
user     oesteban
whitesurfname  white
UseRobust  0
Loading ./tmp.mri_nu_correct.mni.460141/ones.mgz
Loading orig.mgz
Voxel Volume is 1 mm^3
Generating list of segmentation ids
Found   1 segmentations
Computing statistics for each segmentation

Reporting on   1 segmentations
Using PrintSegStat
Computing spatial average of each frame

Writing to ./tmp.mri_nu_correct.mni.460141/input.mean.dat
mri_segstats done
mri_segstats --id 1 --seg ./tmp.mri_nu_correct.mni.460141/ones.mgz --i ./tmp.mri_nu_correct.mni.460141/nu0.mgz --sum ./tmp.mri_nu_correct.mni.460141/sum.junk --avgwf ./tmp.mri_nu_correct.mni.460141/output.mean.dat

7.3.2
cwd 
cmdline mri_segstats --id 1 --seg ./tmp.mri_nu_correct.mni.460141/ones.mgz --i ./tmp.mri_nu_correct.mni.460141/nu0.mgz --sum ./tmp.mri_nu_correct.mni.460141/sum.junk --avgwf ./tmp.mri_nu_correct.mni.460141/output.mean.dat 
sysname  Linux
hostname dna086
machine  x86_64
user     oesteban
whitesurfname  white
UseRobust  0
Loading ./tmp.mri_nu_correct.mni.460141/ones.mgz
Loading ./tmp.mri_nu_correct.mni.460141/nu0.mgz
Voxel Volume is 1 mm^3
Generating list of segmentation ids
Found   1 segmentations
Computing statistics for each segmentation

Reporting on   1 segmentations
Using PrintSegStat
Computing spatial average of each frame

Writing to ./tmp.mri_nu_correct.mni.460141/output.mean.dat
mri_segstats done
mris_calc -o ./tmp.mri_nu_correct.mni.460141/nu0.mgz ./tmp.mri_nu_correct.mni.460141/nu0.mgz mul 1.21165977038410795417
Saving result to './tmp.mri_nu_correct.mni.460141/nu0.mgz' (type = MGH )                       [ ok ]
mri_convert ./tmp.mri_nu_correct.mni.460141/nu0.mgz nu.mgz --like orig.mgz
mri_convert ./tmp.mri_nu_correct.mni.460141/nu0.mgz nu.mgz --like orig.mgz 
reading from ./tmp.mri_nu_correct.mni.460141/nu0.mgz...
TR=0.00, TE=0.00, TI=0.00, flip angle=0.00
i_ras = (-1, 0, 0)
j_ras = (0, 0, -1)
k_ras = (0, 1, 0)
INFO: transform src into the like-volume: orig.mgz
writing to nu.mgz...
mri_make_uchar nu.mgz transforms/talairach.xfm nu.mgz
type change took 0 minutes and 3 seconds.
FIRST_PERCENTILE 0.010000
WM_PERCENTILE    0.900000
MAX_R 50.000000
i1 = 6, i2 = 63
#mri_make_uchar# mapping 15 162 to  3 110  :  b -8.76053 m 0.731858 : thresh 11.9703 maxsat 360.399 : nzero 13942784 nsat 0
 
 
Tue Mar 10 07:01:50 CET 2026
mri_nu_correct.mni done

 mri_add_xform_to_header -c /out/sourcedata/freesurfer/sub-v1s8x0051345_ses-1/mri/transforms/talairach.xfm nu.mgz nu.mgz 

INFO: extension is mgz
#--------------------------------------------
#@# Intensity Normalization Tue Mar 10 07:01:50 CET 2026
/out/sourcedata/freesurfer/sub-v1s8x0051345_ses-1/mri

 mri_normalize -g 1 -seed 1234 -mprage nu.mgz T1.mgz 

using max gradient = 1.000
setting seed for random number genererator to 1234
assuming input volume is MGH (Van der Kouwe) MP-RAGE
reading mri_src from nu.mgz...
normalizing image...
NOT doing gentle normalization with control points/label
talairach transform
 1.10212  -0.09557  -0.03320  -8.89732;
 0.08225   0.99049   0.31901   9.91975;
-0.04297  -0.31938   1.10985   16.31718;
 0.00000   0.00000   0.00000   1.00000;
processing without aseg, no1d=0
MRInormInit(): 
INFO: Modifying talairach volume c_(r,a,s) based on average_305
MRInormalize(): 
MRIsplineNormalize(): npeaks = 18
Starting OpenSpline(): npoints = 18
building Voronoi diagram...
performing soap bubble smoothing, sigma = 8...

Iterating 2 times
---------------------------------
3d normalization pass 1 of 2
white matter peak found at 110
white matter peak found at 110
gm peak at 75 (75), valley at 54 (54)
csf peak at 21, setting threshold to 57
building Voronoi diagram...
performing soap bubble smoothing, sigma = 8...
---------------------------------
3d normalization pass 2 of 2
white matter peak found at 110
white matter peak found at 110
gm peak at 76 (76), valley at 40 (40)
csf peak at 22, setting threshold to 58
building Voronoi diagram...
performing soap bubble smoothing, sigma = 8...
Done iterating ---------------------------------
writing output to T1.mgz
3D bias adjustment took 1 minutes and 1 seconds.

Started at Tue Mar 10 06:56:08 CET 2026 
Ended   at Tue Mar 10 07:02:52 CET 2026
#@#%# recon-all-run-time-hours 0.112
recon-all -s sub-v1s8x0051345_ses-1 finished without error at Tue Mar 10 07:02:52 CET 2026



#New# invocation of recon-all 




Tue Mar 10 07:08:35 CET 2026
cd /out/sourcedata/freesurfer/sub-v1s8x0051345_ses-1
setenv SUBJECTS_DIR /out/sourcedata/freesurfer
/opt/freesurfer/bin/recon-all -openmp 16 -subjid sub-v1s8x0051345_ses-1 -sd /out/sourcedata/freesurfer -gcareg

subjid sub-v1s8x0051345_ses-1
setenv SUBJECTS_DIR /out/sourcedata/freesurfer
FREESURFER_HOME /opt/freesurfer
Actual FREESURFER_HOME /opt/freesurfer
build-stamp.txt: freesurfer-linux-ubuntu22_x86_64-7.3.2-20220804-6354275
Linux dna086 5.14.0-427.37.1.el9_4.x86_64 #1 SMP PREEMPT_DYNAMIC Fri Sep 13 12:41:50 EDT 2024 x86_64 x86_64 x86_64 GNU/Linux
cputime      unlimited
filesize     unlimited
datasize     unlimited
stacksize    8192 kbytes
coredumpsize 0 kbytes
memoryuse    67108864 kbytes
vmemoryuse   unlimited
descriptors  1024 
memorylocked unlimited
maxproc      2061970 
maxlocks     unlimited
maxsignal    2062024 
maxmessage   819200 
maxnice      0 
maxrtprio    0 
maxrttime    unlimited

               total        used        free      shared  buff/cache   available
Mem:           503Gi       230Gi       236Gi        11Gi        36Gi       258Gi
Swap:             0B          0B          0B

########################################
program versions used
7.3.2 (freesurfer-linux-ubuntu22_x86_64-7.3.2-20220804-6354275)
7.3.2

ProgramName: lta_convert  ProgramArguments: lta_convert -all-info  ProgramVersion: 7.3.2  TimeStamp: 2026/03/10-06:08:35-GMT  BuildTime: Aug  4 2022 06:17:15  BuildStamp: freesurfer-linux-ubuntu22_x86_64-7.3.2-20220804-6354275  User: oesteban  Machine: dna086  Platform: Linux  PlatformVersion: 5.14.0-427.37.1.el9_4.x86_64  CompilerName: GCC  CompilerVersion: 8.4.0
ProgramName: mri_and  ProgramArguments: mri_and -all-info  ProgramVersion: 7.3.2  TimeStamp: 2026/03/10-06:08:35-GMT  BuildTime: Aug  4 2022 06:17:15  BuildStamp: freesurfer-linux-ubuntu22_x86_64-7.3.2-20220804-6354275  User: oesteban  Machine: dna086  Platform: Linux  PlatformVersion: 5.14.0-427.37.1.el9_4.x86_64  CompilerName: GCC  CompilerVersion: 8.4.0
ProgramName: mri_annotation2label  ProgramArguments: mri_annotation2label -all-info  ProgramVersion: 7.3.2  TimeStamp: 2026/03/10-06:08:35-GMT  BuildTime: Aug  4 2022 06:17:15  BuildStamp: freesurfer-linux-ubuntu22_x86_64-7.3.2-20220804-6354275  User: oesteban  Machine: dna086  Platform: Linux  PlatformVersion: 5.14.0-427.37.1.el9_4.x86_64  CompilerName: GCC  CompilerVersion: 8.4.0
ProgramName: mri_aparc2aseg  ProgramArguments: mri_aparc2aseg -all-info  ProgramVersion: 7.3.2  TimeStamp: 2026/03/10-06:08:35-GMT  BuildTime: Aug  4 2022 06:17:15  BuildStamp: freesurfer-linux-ubuntu22_x86_64-7.3.2-20220804-6354275  User: oesteban  Machine: dna086  Platform: Linux  PlatformVersion: 5.14.0-427.37.1.el9_4.x86_64  CompilerName: GCC  CompilerVersion: 8.4.0
ProgramName: mri_surf2volseg  ProgramArguments: mri_surf2volseg -all-info  ProgramVersion: 7.3.2  TimeStamp: 2026/03/10-06:08:35-GMT  BuildTime: Aug  4 2022 06:17:15  BuildStamp: freesurfer-linux-ubuntu22_x86_64-7.3.2-20220804-6354275  User: oesteban  Machine: dna086  Platform: Linux  PlatformVersion: 5.14.0-427.37.1.el9_4.x86_64  CompilerName: GCC  CompilerVersion: 8.4.0
ProgramName: mri_binarize  ProgramArguments: mri_binarize -all-info  ProgramVersion: 7.3.2  TimeStamp: 2026/03/10-06:08:35-GMT  BuildTime: Aug  4 2022 06:17:15  BuildStamp: freesurfer-linux-ubuntu22_x86_64-7.3.2-20220804-6354275  User: oesteban  Machine: dna086  Platform: Linux  PlatformVersion: 5.14.0-427.37.1.el9_4.x86_64  CompilerName: GCC  CompilerVersion: 8.4.0
ProgramName: mri_ca_label  ProgramArguments: mri_ca_label -all-info  ProgramVersion: 7.3.2  TimeStamp: 2026/03/10-06:08:35-GMT  BuildTime: Aug  4 2022 06:17:15  BuildStamp: freesurfer-linux-ubuntu22_x86_64-7.3.2-20220804-6354275  User: oesteban  Machine: dna086  Platform: Linux  PlatformVersion: 5.14.0-427.37.1.el9_4.x86_64  CompilerName: GCC  CompilerVersion: 8.4.0
ProgramName: mri_ca_normalize  ProgramArguments: mri_ca_normalize -all-info  ProgramVersion: 7.3.2  TimeStamp: 2026/03/10-06:08:35-GMT  BuildTime: Aug  4 2022 06:17:15  BuildStamp: freesurfer-linux-ubuntu22_x86_64-7.3.2-20220804-6354275  User: oesteban  Machine: dna086  Platform: Linux  PlatformVersion: 5.14.0-427.37.1.el9_4.x86_64  CompilerName: GCC  CompilerVersion: 8.4.0
ProgramName: mri_ca_register  ProgramArguments: mri_ca_register -all-info  ProgramVersion: 7.3.2  TimeStamp: 2026/03/10-06:08:35-GMT  BuildTime: Aug  4 2022 06:17:15  BuildStamp: freesurfer-linux-ubuntu22_x86_64-7.3.2-20220804-6354275  User: oesteban  Machine: dna086  Platform: Linux  PlatformVersion: 5.14.0-427.37.1.el9_4.x86_64  CompilerName: GCC  CompilerVersion: 8.4.0
ProgramName: mri_cc  ProgramArguments: mri_cc -all-info  ProgramVersion: 7.3.2  TimeStamp: 2026/03/10-06:08:35-GMT  BuildTime: Aug  4 2022 06:17:15  BuildStamp: freesurfer-linux-ubuntu22_x86_64-7.3.2-20220804-6354275  User: oesteban  Machine: dna086  Platform: Linux  PlatformVersion: 5.14.0-427.37.1.el9_4.x86_64  CompilerName: GCC  CompilerVersion: 8.4.0
ProgramName: mri_compute_overlap  ProgramArguments: mri_compute_overlap -all-info  ProgramVersion: 7.3.2  TimeStamp: 2026/03/10-06:08:35-GMT  BuildTime: Aug  4 2022 06:17:15  BuildStamp: freesurfer-linux-ubuntu22_x86_64-7.3.2-20220804-6354275  User: oesteban  Machine: dna086  Platform: Linux  PlatformVersion: 5.14.0-427.37.1.el9_4.x86_64  CompilerName: GCC  CompilerVersion: 8.4.0
ProgramName: mri_compute_seg_overlap  ProgramArguments: mri_compute_seg_overlap -all-info  ProgramVersion: 7.3.2  TimeStamp: 2026/03/10-06:08:35-GMT  BuildTime: Aug  4 2022 06:17:15  BuildStamp: freesurfer-linux-ubuntu22_x86_64-7.3.2-20220804-6354275  User: oesteban  Machine: dna086  Platform: Linux  PlatformVersion: 5.14.0-427.37.1.el9_4.x86_64  CompilerName: GCC  CompilerVersion: 8.4.0
ProgramName: mri_concat  ProgramArguments: mri_concat -all-info  ProgramVersion: 7.3.2  TimeStamp: 2026/03/10-06:08:35-GMT  BuildTime: Aug  4 2022 06:17:15  BuildStamp: freesurfer-linux-ubuntu22_x86_64-7.3.2-20220804-6354275  User: oesteban  Machine: dna086  Platform: Linux  PlatformVersion: 5.14.0-427.37.1.el9_4.x86_64  CompilerName: GCC  CompilerVersion: 8.4.0
ProgramName: mri_concatenate_lta  ProgramArguments: mri_concatenate_lta -all-info  ProgramVersion: 7.3.2  TimeStamp: 2026/03/10-06:08:35-GMT  BuildTime: Aug  4 2022 06:17:15  BuildStamp: freesurfer-linux-ubuntu22_x86_64-7.3.2-20220804-6354275  User: oesteban  Machine: dna086  Platform: Linux  PlatformVersion: 5.14.0-427.37.1.el9_4.x86_64  CompilerName: GCC  CompilerVersion: 8.4.0
mri_convert -all-info 
ProgramName: mri_convert  ProgramArguments: mri_convert -all-info  ProgramVersion: 7.3.2  TimeStamp: 2026/03/10-06:08:35-GMT  BuildTime: Aug  4 2022 06:17:15  BuildStamp: freesurfer-linux-ubuntu22_x86_64-7.3.2-20220804-6354275  User: oesteban  Machine: dna086  Platform: Linux  PlatformVersion: 5.14.0-427.37.1.el9_4.x86_64  CompilerName: GCC  CompilerVersion: 8.4.0
ProgramName: mri_diff  ProgramArguments: mri_diff -all-info  ProgramVersion: 7.3.2  TimeStamp: 2026/03/10-06:08:35-GMT  BuildTime: Aug  4 2022 06:17:15  BuildStamp: freesurfer-linux-ubuntu22_x86_64-7.3.2-20220804-6354275  User: oesteban  Machine: dna086  Platform: Linux  PlatformVersion: 5.14.0-427.37.1.el9_4.x86_64  CompilerName: GCC  CompilerVersion: 8.4.0
ProgramName: mri_edit_wm_with_aseg  ProgramArguments: mri_edit_wm_with_aseg -all-info  ProgramVersion: 7.3.2  TimeStamp: 2026/03/10-06:08:35-GMT  BuildTime: Aug  4 2022 06:17:15  BuildStamp: freesurfer-linux-ubuntu22_x86_64-7.3.2-20220804-6354275  User: oesteban  Machine: dna086  Platform: Linux  PlatformVersion: 5.14.0-427.37.1.el9_4.x86_64  CompilerName: GCC  CompilerVersion: 8.4.0
ProgramName: mri_em_register  ProgramArguments: mri_em_register -all-info  ProgramVersion: 7.3.2  TimeStamp: 2026/03/10-06:08:35-GMT  BuildTime: Aug  4 2022 06:17:15  BuildStamp: freesurfer-linux-ubuntu22_x86_64-7.3.2-20220804-6354275  User: oesteban  Machine: dna086  Platform: Linux  PlatformVersion: 5.14.0-427.37.1.el9_4.x86_64  CompilerName: GCC  CompilerVersion: 8.4.0
ProgramName: mri_fill  ProgramArguments: mri_fill -all-info  ProgramVersion: 7.3.2  TimeStamp: 2026/03/10-06:08:35-GMT  BuildTime: Aug  4 2022 06:17:15  BuildStamp: freesurfer-linux-ubuntu22_x86_64-7.3.2-20220804-6354275  User: oesteban  Machine: dna086  Platform: Linux  PlatformVersion: 5.14.0-427.37.1.el9_4.x86_64  CompilerName: GCC  CompilerVersion: 8.4.0
ProgramName: mri_fuse_segmentations  ProgramArguments: mri_fuse_segmentations -all-info  ProgramVersion: 7.3.2  TimeStamp: 2026/03/10-06:08:35-GMT  BuildTime: Aug  4 2022 06:17:15  BuildStamp: freesurfer-linux-ubuntu22_x86_64-7.3.2-20220804-6354275  User: oesteban  Machine: dna086  Platform: Linux  PlatformVersion: 5.14.0-427.37.1.el9_4.x86_64  CompilerName: GCC  CompilerVersion: 8.4.0
ProgramName: mri_fwhm  ProgramArguments: mri_fwhm -all-info  ProgramVersion: 7.3.2  TimeStamp: 2026/03/10-06:08:35-GMT  BuildTime: Aug  4 2022 06:17:15  BuildStamp: freesurfer-linux-ubuntu22_x86_64-7.3.2-20220804-6354275  User: oesteban  Machine: dna086  Platform: Linux  PlatformVersion: 5.14.0-427.37.1.el9_4.x86_64  CompilerName: GCC  CompilerVersion: 8.4.0
ProgramName: mri_gcut  ProgramArguments: mri_gcut -all-info  ProgramVersion: 7.3.2  TimeStamp: 2026/03/10-06:08:35-GMT  BuildTime: Aug  4 2022 06:17:15  BuildStamp: freesurfer-linux-ubuntu22_x86_64-7.3.2-20220804-6354275  User: oesteban  Machine: dna086  Platform: Linux  PlatformVersion: 5.14.0-427.37.1.el9_4.x86_64  CompilerName: GCC  CompilerVersion: 8.4.0
ProgramName: mri_info  ProgramArguments: mri_info -all-info  ProgramVersion: 7.3.2  TimeStamp: 2026/03/10-06:08:35-GMT  BuildTime: Aug  4 2022 06:17:15  BuildStamp: freesurfer-linux-ubuntu22_x86_64-7.3.2-20220804-6354275  User: oesteban  Machine: dna086  Platform: Linux  PlatformVersion: 5.14.0-427.37.1.el9_4.x86_64  CompilerName: GCC  CompilerVersion: 8.4.0
ProgramName: mri_label2label  ProgramArguments: mri_label2label -all-info  ProgramVersion: 7.3.2  TimeStamp: 2026/03/10-06:08:35-GMT  BuildTime: Aug  4 2022 06:17:15  BuildStamp: freesurfer-linux-ubuntu22_x86_64-7.3.2-20220804-6354275  User: oesteban  Machine: dna086  Platform: Linux  PlatformVersion: 5.14.0-427.37.1.el9_4.x86_64  CompilerName: GCC  CompilerVersion: 8.4.0
ProgramName: mri_label2vol  ProgramArguments: mri_label2vol -all-info  ProgramVersion: 7.3.2  TimeStamp: 2026/03/10-06:08:35-GMT  BuildTime: Aug  4 2022 06:17:15  BuildStamp: freesurfer-linux-ubuntu22_x86_64-7.3.2-20220804-6354275  User: oesteban  Machine: dna086  Platform: Linux  PlatformVersion: 5.14.0-427.37.1.el9_4.x86_64  CompilerName: GCC  CompilerVersion: 8.4.0
ProgramName: mri_log_likelihood  ProgramArguments: mri_log_likelihood -all-info  ProgramVersion: 7.3.2  TimeStamp: 2026/03/10-06:08:35-GMT  BuildTime: Aug  4 2022 06:17:15  BuildStamp: freesurfer-linux-ubuntu22_x86_64-7.3.2-20220804-6354275  User: oesteban  Machine: dna086  Platform: Linux  PlatformVersion: 5.14.0-427.37.1.el9_4.x86_64  CompilerName: GCC  CompilerVersion: 8.4.0
ProgramName: mri_mask  ProgramArguments: mri_mask -all-info  ProgramVersion: 7.3.2  TimeStamp: 2026/03/10-06:08:35-GMT  BuildTime: Aug  4 2022 06:17:15  BuildStamp: freesurfer-linux-ubuntu22_x86_64-7.3.2-20220804-6354275  User: oesteban  Machine: dna086  Platform: Linux  PlatformVersion: 5.14.0-427.37.1.el9_4.x86_64  CompilerName: GCC  CompilerVersion: 8.4.0
ProgramName: mri_matrix_multiply  ProgramArguments: mri_matrix_multiply -all-info  ProgramVersion: 7.3.2  TimeStamp: 2026/03/10-06:08:35-GMT  BuildTime: Aug  4 2022 06:17:15  BuildStamp: freesurfer-linux-ubuntu22_x86_64-7.3.2-20220804-6354275  User: oesteban  Machine: dna086  Platform: Linux  PlatformVersion: 5.14.0-427.37.1.el9_4.x86_64  CompilerName: GCC  CompilerVersion: 8.4.0
ProgramName: mri_normalize  ProgramArguments: mri_normalize -all-info  ProgramVersion: 7.3.2  TimeStamp: 2026/03/10-06:08:35-GMT  BuildTime: Aug  4 2022 06:17:15  BuildStamp: freesurfer-linux-ubuntu22_x86_64-7.3.2-20220804-6354275  User: oesteban  Machine: dna086  Platform: Linux  PlatformVersion: 5.14.0-427.37.1.el9_4.x86_64  CompilerName: GCC  CompilerVersion: 8.4.0
ProgramName: mri_normalize_tp2  ProgramArguments: mri_normalize_tp2 -all-info  ProgramVersion: 7.3.2  TimeStamp: 2026/03/10-06:08:35-GMT  BuildTime: Aug  4 2022 06:17:15  BuildStamp: freesurfer-linux-ubuntu22_x86_64-7.3.2-20220804-6354275  User: oesteban  Machine: dna086  Platform: Linux  PlatformVersion: 5.14.0-427.37.1.el9_4.x86_64  CompilerName: GCC  CompilerVersion: 8.4.0
ProgramName: mri_or  ProgramArguments: mri_or -all-info  ProgramVersion: 7.3.2  TimeStamp: 2026/03/10-06:08:35-GMT  BuildTime: Aug  4 2022 06:17:15  BuildStamp: freesurfer-linux-ubuntu22_x86_64-7.3.2-20220804-6354275  User: oesteban  Machine: dna086  Platform: Linux  PlatformVersion: 5.14.0-427.37.1.el9_4.x86_64  CompilerName: GCC  CompilerVersion: 8.4.0
ProgramName: mri_relabel_hypointensities  ProgramArguments: mri_relabel_hypointensities -all-info  ProgramVersion: 7.3.2  TimeStamp: 2026/03/10-06:08:35-GMT  BuildTime: Aug  4 2022 06:17:15  BuildStamp: freesurfer-linux-ubuntu22_x86_64-7.3.2-20220804-6354275  User: oesteban  Machine: dna086  Platform: Linux  PlatformVersion: 5.14.0-427.37.1.el9_4.x86_64  CompilerName: GCC  CompilerVersion: 8.4.0
ProgramName: mri_relabel_nonwm_hypos  ProgramArguments: mri_relabel_nonwm_hypos -all-info  ProgramVersion: 7.3.2  TimeStamp: 2026/03/10-06:08:35-GMT  BuildTime: Aug  4 2022 06:17:15  BuildStamp: freesurfer-linux-ubuntu22_x86_64-7.3.2-20220804-6354275  User: oesteban  Machine: dna086  Platform: Linux  PlatformVersion: 5.14.0-427.37.1.el9_4.x86_64  CompilerName: GCC  CompilerVersion: 8.4.0
ProgramName: mri_remove_neck  ProgramArguments: mri_remove_neck -all-info  ProgramVersion: 7.3.2  TimeStamp: 2026/03/10-06:08:35-GMT  BuildTime: Aug  4 2022 06:17:15  BuildStamp: freesurfer-linux-ubuntu22_x86_64-7.3.2-20220804-6354275  User: oesteban  Machine: dna086  Platform: Linux  PlatformVersion: 5.14.0-427.37.1.el9_4.x86_64  CompilerName: GCC  CompilerVersion: 8.4.0
7.3.2

ProgramName: mri_robust_register  ProgramArguments: mri_robust_register -all-info  ProgramVersion: 7.3.2  TimeStamp: 2026/03/10-06:08:35-GMT  BuildTime: Aug  4 2022 06:17:15  BuildStamp: freesurfer-linux-ubuntu22_x86_64-7.3.2-20220804-6354275  User: oesteban  Machine: dna086  Platform: Linux  PlatformVersion: 5.14.0-427.37.1.el9_4.x86_64  CompilerName: GCC  CompilerVersion: 8.4.0
7.3.2

ProgramName: mri_robust_template  ProgramArguments: mri_robust_template -all-info  ProgramVersion: 7.3.2  TimeStamp: 2026/03/10-06:08:35-GMT  BuildTime: Aug  4 2022 06:17:15  BuildStamp: freesurfer-linux-ubuntu22_x86_64-7.3.2-20220804-6354275  User: oesteban  Machine: dna086  Platform: Linux  PlatformVersion: 5.14.0-427.37.1.el9_4.x86_64  CompilerName: GCC  CompilerVersion: 8.4.0
ProgramName: mris_anatomical_stats  ProgramArguments: mris_anatomical_stats -all-info  ProgramVersion: 7.3.2  TimeStamp: 2026/03/10-06:08:35-GMT  BuildTime: Aug  4 2022 06:17:15  BuildStamp: freesurfer-linux-ubuntu22_x86_64-7.3.2-20220804-6354275  User: oesteban  Machine: dna086  Platform: Linux  PlatformVersion: 5.14.0-427.37.1.el9_4.x86_64  CompilerName: GCC  CompilerVersion: 8.4.0
ProgramName: mris_ca_label  ProgramArguments: mris_ca_label -all-info  ProgramVersion: 7.3.2  TimeStamp: 2026/03/10-06:08:35-GMT  BuildTime: Aug  4 2022 06:17:15  BuildStamp: freesurfer-linux-ubuntu22_x86_64-7.3.2-20220804-6354275  User: oesteban  Machine: dna086  Platform: Linux  PlatformVersion: 5.14.0-427.37.1.el9_4.x86_64  CompilerName: GCC  CompilerVersion: 8.4.0
ProgramName: mris_calc  ProgramArguments: mris_calc -all-info  ProgramVersion: 7.3.2  TimeStamp: 2026/03/10-06:08:35-GMT  BuildTime: Aug  4 2022 06:17:15  BuildStamp: freesurfer-linux-ubuntu22_x86_64-7.3.2-20220804-6354275  User: oesteban  Machine: dna086  Platform: Linux  PlatformVersion: 5.14.0-427.37.1.el9_4.x86_64  CompilerName: GCC  CompilerVersion: 8.4.0
ProgramName: mris_convert  ProgramArguments: mris_convert -all-info  ProgramVersion: 7.3.2  TimeStamp: 2026/03/10-06:08:35-GMT  BuildTime: Aug  4 2022 06:17:15  BuildStamp: freesurfer-linux-ubuntu22_x86_64-7.3.2-20220804-6354275  User: oesteban  Machine: dna086  Platform: Linux  PlatformVersion: 5.14.0-427.37.1.el9_4.x86_64  CompilerName: GCC  CompilerVersion: 8.4.0
ProgramName: mris_curvature  ProgramArguments: mris_curvature -all-info  ProgramVersion: 7.3.2  TimeStamp: 2026/03/10-06:08:35-GMT  BuildTime: Aug  4 2022 06:17:15  BuildStamp: freesurfer-linux-ubuntu22_x86_64-7.3.2-20220804-6354275  User: oesteban  Machine: dna086  Platform: Linux  PlatformVersion: 5.14.0-427.37.1.el9_4.x86_64  CompilerName: GCC  CompilerVersion: 8.4.0
ProgramName: mris_curvature_stats  ProgramArguments: mris_curvature_stats -all-info  ProgramVersion: 7.3.2  TimeStamp: 2026/03/10-06:08:35-GMT  BuildTime: Aug  4 2022 06:17:15  BuildStamp: freesurfer-linux-ubuntu22_x86_64-7.3.2-20220804-6354275  User: oesteban  Machine: dna086  Platform: Linux  PlatformVersion: 5.14.0-427.37.1.el9_4.x86_64  CompilerName: GCC  CompilerVersion: 8.4.0
ProgramName: mris_diff  ProgramArguments: mris_diff -all-info  ProgramVersion: 7.3.2  TimeStamp: 2026/03/10-06:08:35-GMT  BuildTime: Aug  4 2022 06:17:15  BuildStamp: freesurfer-linux-ubuntu22_x86_64-7.3.2-20220804-6354275  User: oesteban  Machine: dna086  Platform: Linux  PlatformVersion: 5.14.0-427.37.1.el9_4.x86_64  CompilerName: GCC  CompilerVersion: 8.4.0
ProgramName: mris_divide_parcellation  ProgramArguments: mris_divide_parcellation -all-info  ProgramVersion: 7.3.2  TimeStamp: 2026/03/10-06:08:35-GMT  BuildTime: Aug  4 2022 06:17:15  BuildStamp: freesurfer-linux-ubuntu22_x86_64-7.3.2-20220804-6354275  User: oesteban  Machine: dna086  Platform: Linux  PlatformVersion: 5.14.0-427.37.1.el9_4.x86_64  CompilerName: GCC  CompilerVersion: 8.4.0
ProgramName: mri_segment  ProgramArguments: mri_segment -all-info  ProgramVersion: 7.3.2  TimeStamp: 2026/03/10-06:08:35-GMT  BuildTime: Aug  4 2022 06:17:15  BuildStamp: freesurfer-linux-ubuntu22_x86_64-7.3.2-20220804-6354275  User: oesteban  Machine: dna086  Platform: Linux  PlatformVersion: 5.14.0-427.37.1.el9_4.x86_64  CompilerName: GCC  CompilerVersion: 8.4.0
ProgramName: mri_segstats  ProgramArguments: mri_segstats -all-info  ProgramVersion: 7.3.2  TimeStamp: 2026/03/10-06:08:35-GMT  BuildTime: Aug  4 2022 06:17:15  BuildStamp: freesurfer-linux-ubuntu22_x86_64-7.3.2-20220804-6354275  User: oesteban  Machine: dna086  Platform: Linux  PlatformVersion: 5.14.0-427.37.1.el9_4.x86_64  CompilerName: GCC  CompilerVersion: 8.4.0
ProgramName: mris_euler_number  ProgramArguments: mris_euler_number -all-info  ProgramVersion: 7.3.2  TimeStamp: 2026/03/10-06:08:35-GMT  BuildTime: Aug  4 2022 06:17:15  BuildStamp: freesurfer-linux-ubuntu22_x86_64-7.3.2-20220804-6354275  User: oesteban  Machine: dna086  Platform: Linux  PlatformVersion: 5.14.0-427.37.1.el9_4.x86_64  CompilerName: GCC  CompilerVersion: 8.4.0
ProgramName: mris_fix_topology  ProgramArguments: mris_fix_topology -all-info  ProgramVersion: 7.3.2  TimeStamp: 2026/03/10-06:08:35-GMT  BuildTime: Aug  4 2022 06:17:15  BuildStamp: freesurfer-linux-ubuntu22_x86_64-7.3.2-20220804-6354275  User: oesteban  Machine: dna086  Platform: Linux  PlatformVersion: 5.14.0-427.37.1.el9_4.x86_64  CompilerName: GCC  CompilerVersion: 8.4.0
ProgramName: mris_topo_fixer  ProgramArguments: mris_topo_fixer -all-info  ProgramVersion: 7.3.2  TimeStamp: 2026/03/10-06:08:35-GMT  BuildTime: Aug  4 2022 06:17:15  BuildStamp: freesurfer-linux-ubuntu22_x86_64-7.3.2-20220804-6354275  User: oesteban  Machine: dna086  Platform: Linux  PlatformVersion: 5.14.0-427.37.1.el9_4.x86_64  CompilerName: GCC  CompilerVersion: 8.4.0
ProgramName: mris_jacobian  ProgramArguments: mris_jacobian -all-info  ProgramVersion: 7.3.2  TimeStamp: 2026/03/10-06:08:35-GMT  BuildTime: Aug  4 2022 06:17:15  BuildStamp: freesurfer-linux-ubuntu22_x86_64-7.3.2-20220804-6354275  User: oesteban  Machine: dna086  Platform: Linux  PlatformVersion: 5.14.0-427.37.1.el9_4.x86_64  CompilerName: GCC  CompilerVersion: 8.4.0
ProgramName: mris_label2annot  ProgramArguments: mris_label2annot -all-info  ProgramVersion: 7.3.2  TimeStamp: 2026/03/10-06:08:35-GMT  BuildTime: Aug  4 2022 06:17:15  BuildStamp: freesurfer-linux-ubuntu22_x86_64-7.3.2-20220804-6354275  User: oesteban  Machine: dna086  Platform: Linux  PlatformVersion: 5.14.0-427.37.1.el9_4.x86_64  CompilerName: GCC  CompilerVersion: 8.4.0
ProgramName: mris_left_right_register  ProgramArguments: mris_left_right_register -all-info  ProgramVersion: 7.3.2  TimeStamp: 2026/03/10-06:08:35-GMT  BuildTime: Aug  4 2022 06:17:15  BuildStamp: freesurfer-linux-ubuntu22_x86_64-7.3.2-20220804-6354275  User: oesteban  Machine: dna086  Platform: Linux  PlatformVersion: 5.14.0-427.37.1.el9_4.x86_64  CompilerName: GCC  CompilerVersion: 8.4.0
ProgramName: mris_place_surface  ProgramArguments: mris_place_surface -all-info  ProgramVersion: 7.3.2  TimeStamp: 2026/03/10-06:08:35-GMT  BuildTime: Aug  4 2022 06:17:15  BuildStamp: freesurfer-linux-ubuntu22_x86_64-7.3.2-20220804-6354275  User: oesteban  Machine: dna086  Platform: Linux  PlatformVersion: 5.14.0-427.37.1.el9_4.x86_64  CompilerName: GCC  CompilerVersion: 8.4.0
ProgramName: mrisp_paint  ProgramArguments: mrisp_paint -all-info  ProgramVersion: 7.3.2  TimeStamp: 2026/03/10-06:08:35-GMT  BuildTime: Aug  4 2022 06:17:15  BuildStamp: freesurfer-linux-ubuntu22_x86_64-7.3.2-20220804-6354275  User: oesteban  Machine: dna086  Platform: Linux  PlatformVersion: 5.14.0-427.37.1.el9_4.x86_64  CompilerName: GCC  CompilerVersion: 8.4.0
ProgramName: mris_register  ProgramArguments: mris_register -all-info  ProgramVersion: 7.3.2  TimeStamp: 2026/03/10-06:08:35-GMT  BuildTime: Aug  4 2022 06:17:15  BuildStamp: freesurfer-linux-ubuntu22_x86_64-7.3.2-20220804-6354275  User: oesteban  Machine: dna086  Platform: Linux  PlatformVersion: 5.14.0-427.37.1.el9_4.x86_64  CompilerName: GCC  CompilerVersion: 8.4.0
ProgramName: mris_smooth  ProgramArguments: mris_smooth -all-info  ProgramVersion: 7.3.2  TimeStamp: 2026/03/10-06:08:35-GMT  BuildTime: Aug  4 2022 06:17:15  BuildStamp: freesurfer-linux-ubuntu22_x86_64-7.3.2-20220804-6354275  User: oesteban  Machine: dna086  Platform: Linux  PlatformVersion: 5.14.0-427.37.1.el9_4.x86_64  CompilerName: GCC  CompilerVersion: 8.4.0
ProgramName: mris_sphere  ProgramArguments: mris_sphere -all-info  ProgramVersion: 7.3.2  TimeStamp: 2026/03/10-06:08:35-GMT  BuildTime: Aug  4 2022 06:17:15  BuildStamp: freesurfer-linux-ubuntu22_x86_64-7.3.2-20220804-6354275  User: oesteban  Machine: dna086  Platform: Linux  PlatformVersion: 5.14.0-427.37.1.el9_4.x86_64  CompilerName: GCC  CompilerVersion: 8.4.0
ProgramName: mris_surface_stats  ProgramArguments: mris_surface_stats -all-info  ProgramVersion: 7.3.2  TimeStamp: 2026/03/10-06:08:35-GMT  BuildTime: Aug  4 2022 06:17:15  BuildStamp: freesurfer-linux-ubuntu22_x86_64-7.3.2-20220804-6354275  User: oesteban  Machine: dna086  Platform: Linux  PlatformVersion: 5.14.0-427.37.1.el9_4.x86_64  CompilerName: GCC  CompilerVersion: 8.4.0
ProgramName: mri_stats2seg  ProgramArguments: mri_stats2seg -all-info  ProgramVersion: 7.3.2  TimeStamp: 2026/03/10-06:08:35-GMT  BuildTime: Aug  4 2022 06:17:15  BuildStamp: freesurfer-linux-ubuntu22_x86_64-7.3.2-20220804-6354275  User: oesteban  Machine: dna086  Platform: Linux  PlatformVersion: 5.14.0-427.37.1.el9_4.x86_64  CompilerName: GCC  CompilerVersion: 8.4.0
ProgramName: mris_thickness  ProgramArguments: mris_thickness -all-info  ProgramVersion: 7.3.2  TimeStamp: 2026/03/10-06:08:35-GMT  BuildTime: Aug  4 2022 06:17:15  BuildStamp: freesurfer-linux-ubuntu22_x86_64-7.3.2-20220804-6354275  User: oesteban  Machine: dna086  Platform: Linux  PlatformVersion: 5.14.0-427.37.1.el9_4.x86_64  CompilerName: GCC  CompilerVersion: 8.4.0
ProgramName: mris_thickness_diff  ProgramArguments: mris_thickness_diff -all-info  ProgramVersion: 7.3.2  TimeStamp: 2026/03/10-06:08:35-GMT  BuildTime: Aug  4 2022 06:17:15  BuildStamp: freesurfer-linux-ubuntu22_x86_64-7.3.2-20220804-6354275  User: oesteban  Machine: dna086  Platform: Linux  PlatformVersion: 5.14.0-427.37.1.el9_4.x86_64  CompilerName: GCC  CompilerVersion: 8.4.0
ProgramName: mris_topo_fixer  ProgramArguments: mris_topo_fixer -all-info  ProgramVersion: 7.3.2  TimeStamp: 2026/03/10-06:08:35-GMT  BuildTime: Aug  4 2022 06:17:15  BuildStamp: freesurfer-linux-ubuntu22_x86_64-7.3.2-20220804-6354275  User: oesteban  Machine: dna086  Platform: Linux  PlatformVersion: 5.14.0-427.37.1.el9_4.x86_64  CompilerName: GCC  CompilerVersion: 8.4.0
ProgramName: mri_surf2surf  ProgramArguments: mri_surf2surf -all-info  ProgramVersion: 7.3.2  TimeStamp: 2026/03/10-06:08:35-GMT  BuildTime: Aug  4 2022 06:17:15  BuildStamp: freesurfer-linux-ubuntu22_x86_64-7.3.2-20220804-6354275  User: oesteban  Machine: dna086  Platform: Linux  PlatformVersion: 5.14.0-427.37.1.el9_4.x86_64  CompilerName: GCC  CompilerVersion: 8.4.0
ProgramName: mri_surf2vol  ProgramArguments: mri_surf2vol -all-info  ProgramVersion: 7.3.2  TimeStamp: 2026/03/10-06:08:35-GMT  BuildTime: Aug  4 2022 06:17:15  BuildStamp: freesurfer-linux-ubuntu22_x86_64-7.3.2-20220804-6354275  User: oesteban  Machine: dna086  Platform: Linux  PlatformVersion: 5.14.0-427.37.1.el9_4.x86_64  CompilerName: GCC  CompilerVersion: 8.4.0
ProgramName: mri_surfcluster  ProgramArguments: mri_surfcluster -all-info  ProgramVersion: 7.3.2  TimeStamp: 2026/03/10-06:08:35-GMT  BuildTime: Aug  4 2022 06:17:15  BuildStamp: freesurfer-linux-ubuntu22_x86_64-7.3.2-20220804-6354275  User: oesteban  Machine: dna086  Platform: Linux  PlatformVersion: 5.14.0-427.37.1.el9_4.x86_64  CompilerName: GCC  CompilerVersion: 8.4.0
ProgramName: mris_volmask  ProgramArguments: mris_volmask -all-info  ProgramVersion: 7.3.2  TimeStamp: 2026/03/10-06:08:35-GMT  BuildTime: Aug  4 2022 06:17:15  BuildStamp: freesurfer-linux-ubuntu22_x86_64-7.3.2-20220804-6354275  User: oesteban  Machine: dna086  Platform: Linux  PlatformVersion: 5.14.0-427.37.1.el9_4.x86_64  CompilerName: GCC  CompilerVersion: 8.4.0
ProgramName: mri_tessellate  ProgramArguments: mri_tessellate -all-info  ProgramVersion: 7.3.2  TimeStamp: 2026/03/10-06:08:35-GMT  BuildTime: Aug  4 2022 06:17:15  BuildStamp: freesurfer-linux-ubuntu22_x86_64-7.3.2-20220804-6354275  User: oesteban  Machine: dna086  Platform: Linux  PlatformVersion: 5.14.0-427.37.1.el9_4.x86_64  CompilerName: GCC  CompilerVersion: 8.4.0
ProgramName: mri_vol2surf  ProgramArguments: mri_vol2surf -all-info  ProgramVersion: 7.3.2  TimeStamp: 2026/03/10-06:08:35-GMT  BuildTime: Aug  4 2022 06:17:15  BuildStamp: freesurfer-linux-ubuntu22_x86_64-7.3.2-20220804-6354275  User: oesteban  Machine: dna086  Platform: Linux  PlatformVersion: 5.14.0-427.37.1.el9_4.x86_64  CompilerName: GCC  CompilerVersion: 8.4.0
ProgramName: mri_vol2vol  ProgramArguments: mri_vol2vol -all-info  ProgramVersion: 7.3.2  TimeStamp: 2026/03/10-06:08:35-GMT  BuildTime: Aug  4 2022 06:17:15  BuildStamp: freesurfer-linux-ubuntu22_x86_64-7.3.2-20220804-6354275  User: oesteban  Machine: dna086  Platform: Linux  PlatformVersion: 5.14.0-427.37.1.el9_4.x86_64  CompilerName: GCC  CompilerVersion: 8.4.0
ProgramName: mri_voldiff  ProgramArguments: mri_voldiff -all-info  ProgramVersion: 7.3.2  TimeStamp: 2026/03/10-06:08:35-GMT  BuildTime: Aug  4 2022 06:17:15  BuildStamp: freesurfer-linux-ubuntu22_x86_64-7.3.2-20220804-6354275  User: oesteban  Machine: dna086  Platform: Linux  PlatformVersion: 5.14.0-427.37.1.el9_4.x86_64  CompilerName: GCC  CompilerVersion: 8.4.0
ProgramName: mri_watershed  ProgramArguments: mri_watershed -all-info  ProgramVersion: 7.3.2  TimeStamp: 2026/03/10-06:08:35-GMT  BuildTime: Aug  4 2022 06:17:15  BuildStamp: freesurfer-linux-ubuntu22_x86_64-7.3.2-20220804-6354275  User: oesteban  Machine: dna086  Platform: Linux  PlatformVersion: 5.14.0-427.37.1.el9_4.x86_64  CompilerName: GCC  CompilerVersion: 8.4.0
ProgramName: tkregister2  ProgramArguments: tkregister2_cmdl -all-info  ProgramVersion: 7.3.2  TimeStamp: 2026/03/10-06:08:35-GMT  BuildTime: Aug  4 2022 06:17:15  BuildStamp: freesurfer-linux-ubuntu22_x86_64-7.3.2-20220804-6354275  User: oesteban  Machine: dna086  Platform: Linux  PlatformVersion: 5.14.0-427.37.1.el9_4.x86_64  CompilerName: GCC  CompilerVersion: 8.4.0
mri_motion_correct.fsl 7.3.2
mri_convert -all-info 
ProgramName: mri_convert  ProgramArguments: mri_convert -all-info  ProgramVersion: 7.3.2  TimeStamp: 2026/03/10-06:08:35-GMT  BuildTime: Aug  4 2022 06:17:15  BuildStamp: freesurfer-linux-ubuntu22_x86_64-7.3.2-20220804-6354275  User: oesteban  Machine: dna086  Platform: Linux  PlatformVersion: 5.14.0-427.37.1.el9_4.x86_64  CompilerName: GCC  CompilerVersion: 8.4.0
Program nu_correct, built from:
Package MNI N3, version 1.12.0, compiled by nicks@terrier (x86_64-unknown-linux-gnu) on 2015-06-19 at 01:25:34
#######################################
GCADIR /opt/freesurfer/average
GCA RB_all_2020-01-02.gca
GCASkull RB_all_withskull_2020_01_02.gca
AvgCurvTif folding.atlas.acfb40.noaparc.i12.2016-08-02.tif
GCSDIR /opt/freesurfer/average
GCS DKaparc.atlas.acfb40.noaparc.i12.2016-08-02.gcs
#######################################
#-------------------------------------
#@# EM Registration Tue Mar 10 07:08:35 CET 2026
/out/sourcedata/freesurfer/sub-v1s8x0051345_ses-1/mri

 mri_em_register -uns 3 -mask brainmask.mgz nu.mgz /opt/freesurfer/average/RB_all_2020-01-02.gca transforms/talairach.lta 

setting unknown_nbr_spacing = 3
using MR volume brainmask.mgz to mask input volume...

== Number of threads available to mri_em_register for OpenMP = 16 == 
reading 1 input volumes...
logging results to talairach.log
reading '/opt/freesurfer/average/RB_all_2020-01-02.gca'...
GCAread took 0 minutes and 1 seconds.
average std = 7.2   using min determinant for regularization = 5.2
0 singular and 884 ill-conditioned covariance matrices regularized
reading 'nu.mgz'...
MRImask(): AllowDiffGeom = 1
MRImask(): AllowDiffGeom = 1
MRImask(): AllowDiffGeom = 1
MRImask(): AllowDiffGeom = 1
MRImask(): AllowDiffGeom = 1
freeing gibbs priors...done.
accounting for voxel sizes in initial transform
bounding unknown intensity as < 5.9 or > 519.0 
total sample mean = 79.1 (1017 zeros)
************************************************
spacing=8, using 2841 sample points, tol=1.00e-05...
************************************************
register_mri: find_optimal_transform
find_optimal_transform: nsamples 2841, passno 0, spacing 8
resetting wm mean[0]: 98 --> 107
resetting gm mean[0]: 61 --> 61
input volume #1 is the most T1-like
using real data threshold=23.0
skull bounding box = (64, 42, 30) --> (194, 171, 192)
finding center of left hemi white matter
using (107, 85, 111) as brain centroid of Right_Cerebral_White_Matter...
MRImask(): AllowDiffGeom = 1
mean wm in atlas = 107, using box (91,69,91) --> (122, 100,130) to find MRI wm
before smoothing, mri peak at 107
robust fit to distribution - 106 +- 4.2
after smoothing, mri peak at 107, scaling input intensities by 1.000
scaling channel 0 by 1
initial log_p = -4.426
************************************************
First Search limited to translation only.
************************************************
max log p =    -4.213672 @ (-10.526, 10.526, -10.526)
max log p =    -3.938248 @ (5.263, 5.263, 5.263)
max log p =    -3.867761 @ (2.632, 2.632, 2.632)
max log p =    -3.849491 @ (1.316, 1.316, -1.316)
max log p =    -3.834248 @ (0.658, -1.974, 0.658)
max log p =    -3.827605 @ (-2.303, 0.329, -0.987)
max log p =    -3.827605 @ (0.000, 0.000, 0.000)
max log p =    -3.827605 @ (0.000, 0.000, 0.000)
Found translation: (-3.0, 18.1, -4.3): log p = -3.828
****************************************
Nine parameter search.  iteration 0 nscales = 0 ...
****************************************
Result so far: scale 1.000: max_log_p=-3.657, old_max_log_p =-3.828 (thresh=-3.8)
 1.04563   0.10778   0.13422  -34.51180;
-0.15998   1.18794   0.30219  -5.81670;
-0.16136  -0.23447   0.87506   61.59591;
 0.00000   0.00000   0.00000   1.00000;
iteration took 0 minutes and 11 seconds.
****************************************
Nine parameter search.  iteration 1 nscales = 0 ...
****************************************
Result so far: scale 1.000: max_log_p=-3.563, old_max_log_p =-3.657 (thresh=-3.7)
 1.13688  -0.05181   0.10065  -27.57232;
-0.02047   1.10246   0.29334  -14.92016;
-0.17347  -0.25206   0.94069   58.30904;
 0.00000   0.00000   0.00000   1.00000;
iteration took 0 minutes and 10 seconds.
****************************************
Nine parameter search.  iteration 2 nscales = 0 ...
****************************************
Result so far: scale 1.000: max_log_p=-3.563, old_max_log_p =-3.563 (thresh=-3.6)
 1.13688  -0.05181   0.10065  -27.57232;
-0.02047   1.10246   0.29334  -14.92016;
-0.17347  -0.25206   0.94069   58.30904;
 0.00000   0.00000   0.00000   1.00000;
reducing scale to 0.2500
iteration took 0 minutes and 10 seconds.
****************************************
Nine parameter search.  iteration 3 nscales = 1 ...
****************************************
Result so far: scale 0.250: max_log_p=-3.436, old_max_log_p =-3.563 (thresh=-3.6)
 1.07269  -0.01326   0.10339  -21.29554;
-0.05131   1.13230   0.26278  -12.45919;
-0.18054  -0.22530   0.98505   48.42928;
 0.00000   0.00000   0.00000   1.00000;
iteration took 0 minutes and 10 seconds.
****************************************
Nine parameter search.  iteration 4 nscales = 1 ...
****************************************
Result so far: scale 0.250: max_log_p=-3.435, old_max_log_p =-3.436 (thresh=-3.4)
 1.07269  -0.01326   0.10339  -21.29554;
-0.04623   1.16042   0.23473  -12.95794;
-0.17871  -0.18460   0.97449   45.29792;
 0.00000   0.00000   0.00000   1.00000;
reducing scale to 0.0625
iteration took 0 minutes and 10 seconds.
****************************************
Nine parameter search.  iteration 5 nscales = 2 ...
****************************************
Result so far: scale 0.062: max_log_p=-3.396, old_max_log_p =-3.435 (thresh=-3.4)
 1.07295   0.00563   0.10787  -24.11650;
-0.06935   1.14977   0.26383  -11.01415;
-0.17773  -0.22325   0.96969   50.39954;
 0.00000   0.00000   0.00000   1.00000;
iteration took 0 minutes and 10 seconds.
****************************************
Nine parameter search.  iteration 6 nscales = 2 ...
****************************************
Result so far: scale 0.062: max_log_p=-3.396, old_max_log_p =-3.396 (thresh=-3.4)
 1.07295   0.00563   0.10787  -24.11650;
-0.06935   1.14977   0.26383  -11.01415;
-0.17773  -0.22325   0.96969   50.39954;
 0.00000   0.00000   0.00000   1.00000;
min search scale 0.025000 reached
***********************************************
Computing MAP estimate using 2841 samples...
***********************************************
dt = 5.00e-06, momentum=0.80, tol=1.00e-05
l_intensity = 1.0000
Aligning input volume to GCA...
Transform matrix
 1.07295   0.00563   0.10787  -24.11650;
-0.06935   1.14977   0.26383  -11.01415;
-0.17773  -0.22325   0.96969   50.39954;
 0.00000   0.00000   0.00000   1.00000;
nsamples 2841
Quasinewton: input matrix
 1.07295   0.00563   0.10787  -24.11650;
-0.06935   1.14977   0.26383  -11.01415;
-0.17773  -0.22325   0.96969   50.39954;
 0.00000   0.00000   0.00000   1.00000;
 IFLAG= -1  LINE SEARCH FAILED. SEE DOCUMENTATION OF ROUTINE MCSRCH ERROR RETURN OF LINE SEARCH: INFO= 3 POSSIBLE CAUSES: FUNCTION OR GRADIENT ARE INCORRECT OR INCORRECT TOLERANCESoutof QuasiNewtonEMA: 009: -log(p) =   -0.0  tol 0.000010
Resulting transform:
 1.07295   0.00563   0.10787  -24.11650;
-0.06935   1.14977   0.26383  -11.01415;
-0.17773  -0.22325   0.96969   50.39954;
 0.00000   0.00000   0.00000   1.00000;

pass 1, spacing 8: log(p) = -3.396 (old=-4.426)
transform before final EM align:
 1.07295   0.00563   0.10787  -24.11650;
-0.06935   1.14977   0.26383  -11.01415;
-0.17773  -0.22325   0.96969   50.39954;
 0.00000   0.00000   0.00000   1.00000;

**************************************************
 EM alignment process ...
 Computing final MAP estimate using 315638 samples. 
**************************************************
dt = 5.00e-06, momentum=0.80, tol=1.00e-07
l_intensity = 1.0000
Aligning input volume to GCA...
Transform matrix
 1.07295   0.00563   0.10787  -24.11650;
-0.06935   1.14977   0.26383  -11.01415;
-0.17773  -0.22325   0.96969   50.39954;
 0.00000   0.00000   0.00000   1.00000;
nsamples 315638
Quasinewton: input matrix
 1.07295   0.00563   0.10787  -24.11650;
-0.06935   1.14977   0.26383  -11.01415;
-0.17773  -0.22325   0.96969   50.39954;
 0.00000   0.00000   0.00000   1.00000;
 IFLAG= -1  LINE SEARCH FAILED. SEE DOCUMENTATION OF ROUTINE MCSRCH ERROR RETURN OF LINE SEARCH: INFO= 6 POSSIBLE CAUSES: FUNCTION OR GRADIENT ARE INCORRECT OR INCORRECT TOLERANCESoutof QuasiNewtonEMA: 011: -log(p) =    3.9  tol 0.000000
final transform:
 1.07295   0.00563   0.10787  -24.11650;
-0.06935   1.14977   0.26383  -11.01415;
-0.17773  -0.22325   0.96969   50.39954;
 0.00000   0.00000   0.00000   1.00000;

writing output transformation to transforms/talairach.lta...
#VMPC# mri_em_register VmPeak  891280
FSRUNTIME@ mri_em_register  0.0268 hours 16 threads
registration took 1 minutes and 36 seconds.

Started at Tue Mar 10 07:08:35 CET 2026 
Ended   at Tue Mar 10 07:10:11 CET 2026
#@#%# recon-all-run-time-hours 0.027
recon-all -s sub-v1s8x0051345_ses-1 finished without error at Tue Mar 10 07:10:11 CET 2026



#New# invocation of recon-all 




Tue Mar 10 07:10:14 CET 2026
cd /out/sourcedata/freesurfer/sub-v1s8x0051345_ses-1
setenv SUBJECTS_DIR /out/sourcedata/freesurfer
/opt/freesurfer/bin/recon-all -autorecon2-volonly -openmp 16 -subjid sub-v1s8x0051345_ses-1 -sd /out/sourcedata/freesurfer -nogcareg

subjid sub-v1s8x0051345_ses-1
setenv SUBJECTS_DIR /out/sourcedata/freesurfer
FREESURFER_HOME /opt/freesurfer
Actual FREESURFER_HOME /opt/freesurfer
build-stamp.txt: freesurfer-linux-ubuntu22_x86_64-7.3.2-20220804-6354275
Linux dna086 5.14.0-427.37.1.el9_4.x86_64 #1 SMP PREEMPT_DYNAMIC Fri Sep 13 12:41:50 EDT 2024 x86_64 x86_64 x86_64 GNU/Linux
cputime      unlimited
filesize     unlimited
datasize     unlimited
stacksize    8192 kbytes
coredumpsize 0 kbytes
memoryuse    67108864 kbytes
vmemoryuse   unlimited
descriptors  1024 
memorylocked unlimited
maxproc      2061970 
maxlocks     unlimited
maxsignal    2062024 
maxmessage   819200 
maxnice      0 
maxrtprio    0 
maxrttime    unlimited

               total        used        free      shared  buff/cache   available
Mem:           503Gi       229Gi       237Gi        11Gi        36Gi       258Gi
Swap:             0B          0B          0B

########################################
program versions used
7.3.2 (freesurfer-linux-ubuntu22_x86_64-7.3.2-20220804-6354275)
7.3.2

ProgramName: lta_convert  ProgramArguments: lta_convert -all-info  ProgramVersion: 7.3.2  TimeStamp: 2026/03/10-06:10:14-GMT  BuildTime: Aug  4 2022 06:17:15  BuildStamp: freesurfer-linux-ubuntu22_x86_64-7.3.2-20220804-6354275  User: oesteban  Machine: dna086  Platform: Linux  PlatformVersion: 5.14.0-427.37.1.el9_4.x86_64  CompilerName: GCC  CompilerVersion: 8.4.0
ProgramName: mri_and  ProgramArguments: mri_and -all-info  ProgramVersion: 7.3.2  TimeStamp: 2026/03/10-06:10:14-GMT  BuildTime: Aug  4 2022 06:17:15  BuildStamp: freesurfer-linux-ubuntu22_x86_64-7.3.2-20220804-6354275  User: oesteban  Machine: dna086  Platform: Linux  PlatformVersion: 5.14.0-427.37.1.el9_4.x86_64  CompilerName: GCC  CompilerVersion: 8.4.0
ProgramName: mri_annotation2label  ProgramArguments: mri_annotation2label -all-info  ProgramVersion: 7.3.2  TimeStamp: 2026/03/10-06:10:14-GMT  BuildTime: Aug  4 2022 06:17:15  BuildStamp: freesurfer-linux-ubuntu22_x86_64-7.3.2-20220804-6354275  User: oesteban  Machine: dna086  Platform: Linux  PlatformVersion: 5.14.0-427.37.1.el9_4.x86_64  CompilerName: GCC  CompilerVersion: 8.4.0
ProgramName: mri_aparc2aseg  ProgramArguments: mri_aparc2aseg -all-info  ProgramVersion: 7.3.2  TimeStamp: 2026/03/10-06:10:14-GMT  BuildTime: Aug  4 2022 06:17:15  BuildStamp: freesurfer-linux-ubuntu22_x86_64-7.3.2-20220804-6354275  User: oesteban  Machine: dna086  Platform: Linux  PlatformVersion: 5.14.0-427.37.1.el9_4.x86_64  CompilerName: GCC  CompilerVersion: 8.4.0
ProgramName: mri_surf2volseg  ProgramArguments: mri_surf2volseg -all-info  ProgramVersion: 7.3.2  TimeStamp: 2026/03/10-06:10:14-GMT  BuildTime: Aug  4 2022 06:17:15  BuildStamp: freesurfer-linux-ubuntu22_x86_64-7.3.2-20220804-6354275  User: oesteban  Machine: dna086  Platform: Linux  PlatformVersion: 5.14.0-427.37.1.el9_4.x86_64  CompilerName: GCC  CompilerVersion: 8.4.0
ProgramName: mri_binarize  ProgramArguments: mri_binarize -all-info  ProgramVersion: 7.3.2  TimeStamp: 2026/03/10-06:10:14-GMT  BuildTime: Aug  4 2022 06:17:15  BuildStamp: freesurfer-linux-ubuntu22_x86_64-7.3.2-20220804-6354275  User: oesteban  Machine: dna086  Platform: Linux  PlatformVersion: 5.14.0-427.37.1.el9_4.x86_64  CompilerName: GCC  CompilerVersion: 8.4.0
ProgramName: mri_ca_label  ProgramArguments: mri_ca_label -all-info  ProgramVersion: 7.3.2  TimeStamp: 2026/03/10-06:10:14-GMT  BuildTime: Aug  4 2022 06:17:15  BuildStamp: freesurfer-linux-ubuntu22_x86_64-7.3.2-20220804-6354275  User: oesteban  Machine: dna086  Platform: Linux  PlatformVersion: 5.14.0-427.37.1.el9_4.x86_64  CompilerName: GCC  CompilerVersion: 8.4.0
ProgramName: mri_ca_normalize  ProgramArguments: mri_ca_normalize -all-info  ProgramVersion: 7.3.2  TimeStamp: 2026/03/10-06:10:14-GMT  BuildTime: Aug  4 2022 06:17:15  BuildStamp: freesurfer-linux-ubuntu22_x86_64-7.3.2-20220804-6354275  User: oesteban  Machine: dna086  Platform: Linux  PlatformVersion: 5.14.0-427.37.1.el9_4.x86_64  CompilerName: GCC  CompilerVersion: 8.4.0
ProgramName: mri_ca_register  ProgramArguments: mri_ca_register -all-info  ProgramVersion: 7.3.2  TimeStamp: 2026/03/10-06:10:14-GMT  BuildTime: Aug  4 2022 06:17:15  BuildStamp: freesurfer-linux-ubuntu22_x86_64-7.3.2-20220804-6354275  User: oesteban  Machine: dna086  Platform: Linux  PlatformVersion: 5.14.0-427.37.1.el9_4.x86_64  CompilerName: GCC  CompilerVersion: 8.4.0
ProgramName: mri_cc  ProgramArguments: mri_cc -all-info  ProgramVersion: 7.3.2  TimeStamp: 2026/03/10-06:10:14-GMT  BuildTime: Aug  4 2022 06:17:15  BuildStamp: freesurfer-linux-ubuntu22_x86_64-7.3.2-20220804-6354275  User: oesteban  Machine: dna086  Platform: Linux  PlatformVersion: 5.14.0-427.37.1.el9_4.x86_64  CompilerName: GCC  CompilerVersion: 8.4.0
ProgramName: mri_compute_overlap  ProgramArguments: mri_compute_overlap -all-info  ProgramVersion: 7.3.2  TimeStamp: 2026/03/10-06:10:14-GMT  BuildTime: Aug  4 2022 06:17:15  BuildStamp: freesurfer-linux-ubuntu22_x86_64-7.3.2-20220804-6354275  User: oesteban  Machine: dna086  Platform: Linux  PlatformVersion: 5.14.0-427.37.1.el9_4.x86_64  CompilerName: GCC  CompilerVersion: 8.4.0
ProgramName: mri_compute_seg_overlap  ProgramArguments: mri_compute_seg_overlap -all-info  ProgramVersion: 7.3.2  TimeStamp: 2026/03/10-06:10:14-GMT  BuildTime: Aug  4 2022 06:17:15  BuildStamp: freesurfer-linux-ubuntu22_x86_64-7.3.2-20220804-6354275  User: oesteban  Machine: dna086  Platform: Linux  PlatformVersion: 5.14.0-427.37.1.el9_4.x86_64  CompilerName: GCC  CompilerVersion: 8.4.0
ProgramName: mri_concat  ProgramArguments: mri_concat -all-info  ProgramVersion: 7.3.2  TimeStamp: 2026/03/10-06:10:14-GMT  BuildTime: Aug  4 2022 06:17:15  BuildStamp: freesurfer-linux-ubuntu22_x86_64-7.3.2-20220804-6354275  User: oesteban  Machine: dna086  Platform: Linux  PlatformVersion: 5.14.0-427.37.1.el9_4.x86_64  CompilerName: GCC  CompilerVersion: 8.4.0
ProgramName: mri_concatenate_lta  ProgramArguments: mri_concatenate_lta -all-info  ProgramVersion: 7.3.2  TimeStamp: 2026/03/10-06:10:14-GMT  BuildTime: Aug  4 2022 06:17:15  BuildStamp: freesurfer-linux-ubuntu22_x86_64-7.3.2-20220804-6354275  User: oesteban  Machine: dna086  Platform: Linux  PlatformVersion: 5.14.0-427.37.1.el9_4.x86_64  CompilerName: GCC  CompilerVersion: 8.4.0
mri_convert -all-info 
ProgramName: mri_convert  ProgramArguments: mri_convert -all-info  ProgramVersion: 7.3.2  TimeStamp: 2026/03/10-06:10:14-GMT  BuildTime: Aug  4 2022 06:17:15  BuildStamp: freesurfer-linux-ubuntu22_x86_64-7.3.2-20220804-6354275  User: oesteban  Machine: dna086  Platform: Linux  PlatformVersion: 5.14.0-427.37.1.el9_4.x86_64  CompilerName: GCC  CompilerVersion: 8.4.0
ProgramName: mri_diff  ProgramArguments: mri_diff -all-info  ProgramVersion: 7.3.2  TimeStamp: 2026/03/10-06:10:14-GMT  BuildTime: Aug  4 2022 06:17:15  BuildStamp: freesurfer-linux-ubuntu22_x86_64-7.3.2-20220804-6354275  User: oesteban  Machine: dna086  Platform: Linux  PlatformVersion: 5.14.0-427.37.1.el9_4.x86_64  CompilerName: GCC  CompilerVersion: 8.4.0
ProgramName: mri_edit_wm_with_aseg  ProgramArguments: mri_edit_wm_with_aseg -all-info  ProgramVersion: 7.3.2  TimeStamp: 2026/03/10-06:10:14-GMT  BuildTime: Aug  4 2022 06:17:15  BuildStamp: freesurfer-linux-ubuntu22_x86_64-7.3.2-20220804-6354275  User: oesteban  Machine: dna086  Platform: Linux  PlatformVersion: 5.14.0-427.37.1.el9_4.x86_64  CompilerName: GCC  CompilerVersion: 8.4.0
ProgramName: mri_em_register  ProgramArguments: mri_em_register -all-info  ProgramVersion: 7.3.2  TimeStamp: 2026/03/10-06:10:14-GMT  BuildTime: Aug  4 2022 06:17:15  BuildStamp: freesurfer-linux-ubuntu22_x86_64-7.3.2-20220804-6354275  User: oesteban  Machine: dna086  Platform: Linux  PlatformVersion: 5.14.0-427.37.1.el9_4.x86_64  CompilerName: GCC  CompilerVersion: 8.4.0
ProgramName: mri_fill  ProgramArguments: mri_fill -all-info  ProgramVersion: 7.3.2  TimeStamp: 2026/03/10-06:10:14-GMT  BuildTime: Aug  4 2022 06:17:15  BuildStamp: freesurfer-linux-ubuntu22_x86_64-7.3.2-20220804-6354275  User: oesteban  Machine: dna086  Platform: Linux  PlatformVersion: 5.14.0-427.37.1.el9_4.x86_64  CompilerName: GCC  CompilerVersion: 8.4.0
ProgramName: mri_fuse_segmentations  ProgramArguments: mri_fuse_segmentations -all-info  ProgramVersion: 7.3.2  TimeStamp: 2026/03/10-06:10:14-GMT  BuildTime: Aug  4 2022 06:17:15  BuildStamp: freesurfer-linux-ubuntu22_x86_64-7.3.2-20220804-6354275  User: oesteban  Machine: dna086  Platform: Linux  PlatformVersion: 5.14.0-427.37.1.el9_4.x86_64  CompilerName: GCC  CompilerVersion: 8.4.0
ProgramName: mri_fwhm  ProgramArguments: mri_fwhm -all-info  ProgramVersion: 7.3.2  TimeStamp: 2026/03/10-06:10:14-GMT  BuildTime: Aug  4 2022 06:17:15  BuildStamp: freesurfer-linux-ubuntu22_x86_64-7.3.2-20220804-6354275  User: oesteban  Machine: dna086  Platform: Linux  PlatformVersion: 5.14.0-427.37.1.el9_4.x86_64  CompilerName: GCC  CompilerVersion: 8.4.0
ProgramName: mri_gcut  ProgramArguments: mri_gcut -all-info  ProgramVersion: 7.3.2  TimeStamp: 2026/03/10-06:10:14-GMT  BuildTime: Aug  4 2022 06:17:15  BuildStamp: freesurfer-linux-ubuntu22_x86_64-7.3.2-20220804-6354275  User: oesteban  Machine: dna086  Platform: Linux  PlatformVersion: 5.14.0-427.37.1.el9_4.x86_64  CompilerName: GCC  CompilerVersion: 8.4.0
ProgramName: mri_info  ProgramArguments: mri_info -all-info  ProgramVersion: 7.3.2  TimeStamp: 2026/03/10-06:10:14-GMT  BuildTime: Aug  4 2022 06:17:15  BuildStamp: freesurfer-linux-ubuntu22_x86_64-7.3.2-20220804-6354275  User: oesteban  Machine: dna086  Platform: Linux  PlatformVersion: 5.14.0-427.37.1.el9_4.x86_64  CompilerName: GCC  CompilerVersion: 8.4.0
ProgramName: mri_label2label  ProgramArguments: mri_label2label -all-info  ProgramVersion: 7.3.2  TimeStamp: 2026/03/10-06:10:14-GMT  BuildTime: Aug  4 2022 06:17:15  BuildStamp: freesurfer-linux-ubuntu22_x86_64-7.3.2-20220804-6354275  User: oesteban  Machine: dna086  Platform: Linux  PlatformVersion: 5.14.0-427.37.1.el9_4.x86_64  CompilerName: GCC  CompilerVersion: 8.4.0
ProgramName: mri_label2vol  ProgramArguments: mri_label2vol -all-info  ProgramVersion: 7.3.2  TimeStamp: 2026/03/10-06:10:14-GMT  BuildTime: Aug  4 2022 06:17:15  BuildStamp: freesurfer-linux-ubuntu22_x86_64-7.3.2-20220804-6354275  User: oesteban  Machine: dna086  Platform: Linux  PlatformVersion: 5.14.0-427.37.1.el9_4.x86_64  CompilerName: GCC  CompilerVersion: 8.4.0
ProgramName: mri_log_likelihood  ProgramArguments: mri_log_likelihood -all-info  ProgramVersion: 7.3.2  TimeStamp: 2026/03/10-06:10:14-GMT  BuildTime: Aug  4 2022 06:17:15  BuildStamp: freesurfer-linux-ubuntu22_x86_64-7.3.2-20220804-6354275  User: oesteban  Machine: dna086  Platform: Linux  PlatformVersion: 5.14.0-427.37.1.el9_4.x86_64  CompilerName: GCC  CompilerVersion: 8.4.0
ProgramName: mri_mask  ProgramArguments: mri_mask -all-info  ProgramVersion: 7.3.2  TimeStamp: 2026/03/10-06:10:14-GMT  BuildTime: Aug  4 2022 06:17:15  BuildStamp: freesurfer-linux-ubuntu22_x86_64-7.3.2-20220804-6354275  User: oesteban  Machine: dna086  Platform: Linux  PlatformVersion: 5.14.0-427.37.1.el9_4.x86_64  CompilerName: GCC  CompilerVersion: 8.4.0
ProgramName: mri_matrix_multiply  ProgramArguments: mri_matrix_multiply -all-info  ProgramVersion: 7.3.2  TimeStamp: 2026/03/10-06:10:14-GMT  BuildTime: Aug  4 2022 06:17:15  BuildStamp: freesurfer-linux-ubuntu22_x86_64-7.3.2-20220804-6354275  User: oesteban  Machine: dna086  Platform: Linux  PlatformVersion: 5.14.0-427.37.1.el9_4.x86_64  CompilerName: GCC  CompilerVersion: 8.4.0
ProgramName: mri_normalize  ProgramArguments: mri_normalize -all-info  ProgramVersion: 7.3.2  TimeStamp: 2026/03/10-06:10:14-GMT  BuildTime: Aug  4 2022 06:17:15  BuildStamp: freesurfer-linux-ubuntu22_x86_64-7.3.2-20220804-6354275  User: oesteban  Machine: dna086  Platform: Linux  PlatformVersion: 5.14.0-427.37.1.el9_4.x86_64  CompilerName: GCC  CompilerVersion: 8.4.0
ProgramName: mri_normalize_tp2  ProgramArguments: mri_normalize_tp2 -all-info  ProgramVersion: 7.3.2  TimeStamp: 2026/03/10-06:10:14-GMT  BuildTime: Aug  4 2022 06:17:15  BuildStamp: freesurfer-linux-ubuntu22_x86_64-7.3.2-20220804-6354275  User: oesteban  Machine: dna086  Platform: Linux  PlatformVersion: 5.14.0-427.37.1.el9_4.x86_64  CompilerName: GCC  CompilerVersion: 8.4.0
ProgramName: mri_or  ProgramArguments: mri_or -all-info  ProgramVersion: 7.3.2  TimeStamp: 2026/03/10-06:10:14-GMT  BuildTime: Aug  4 2022 06:17:15  BuildStamp: freesurfer-linux-ubuntu22_x86_64-7.3.2-20220804-6354275  User: oesteban  Machine: dna086  Platform: Linux  PlatformVersion: 5.14.0-427.37.1.el9_4.x86_64  CompilerName: GCC  CompilerVersion: 8.4.0
ProgramName: mri_relabel_hypointensities  ProgramArguments: mri_relabel_hypointensities -all-info  ProgramVersion: 7.3.2  TimeStamp: 2026/03/10-06:10:14-GMT  BuildTime: Aug  4 2022 06:17:15  BuildStamp: freesurfer-linux-ubuntu22_x86_64-7.3.2-20220804-6354275  User: oesteban  Machine: dna086  Platform: Linux  PlatformVersion: 5.14.0-427.37.1.el9_4.x86_64  CompilerName: GCC  CompilerVersion: 8.4.0
ProgramName: mri_relabel_nonwm_hypos  ProgramArguments: mri_relabel_nonwm_hypos -all-info  ProgramVersion: 7.3.2  TimeStamp: 2026/03/10-06:10:14-GMT  BuildTime: Aug  4 2022 06:17:15  BuildStamp: freesurfer-linux-ubuntu22_x86_64-7.3.2-20220804-6354275  User: oesteban  Machine: dna086  Platform: Linux  PlatformVersion: 5.14.0-427.37.1.el9_4.x86_64  CompilerName: GCC  CompilerVersion: 8.4.0
ProgramName: mri_remove_neck  ProgramArguments: mri_remove_neck -all-info  ProgramVersion: 7.3.2  TimeStamp: 2026/03/10-06:10:14-GMT  BuildTime: Aug  4 2022 06:17:15  BuildStamp: freesurfer-linux-ubuntu22_x86_64-7.3.2-20220804-6354275  User: oesteban  Machine: dna086  Platform: Linux  PlatformVersion: 5.14.0-427.37.1.el9_4.x86_64  CompilerName: GCC  CompilerVersion: 8.4.0
7.3.2

ProgramName: mri_robust_register  ProgramArguments: mri_robust_register -all-info  ProgramVersion: 7.3.2  TimeStamp: 2026/03/10-06:10:14-GMT  BuildTime: Aug  4 2022 06:17:15  BuildStamp: freesurfer-linux-ubuntu22_x86_64-7.3.2-20220804-6354275  User: oesteban  Machine: dna086  Platform: Linux  PlatformVersion: 5.14.0-427.37.1.el9_4.x86_64  CompilerName: GCC  CompilerVersion: 8.4.0
7.3.2

ProgramName: mri_robust_template  ProgramArguments: mri_robust_template -all-info  ProgramVersion: 7.3.2  TimeStamp: 2026/03/10-06:10:14-GMT  BuildTime: Aug  4 2022 06:17:15  BuildStamp: freesurfer-linux-ubuntu22_x86_64-7.3.2-20220804-6354275  User: oesteban  Machine: dna086  Platform: Linux  PlatformVersion: 5.14.0-427.37.1.el9_4.x86_64  CompilerName: GCC  CompilerVersion: 8.4.0
ProgramName: mris_anatomical_stats  ProgramArguments: mris_anatomical_stats -all-info  ProgramVersion: 7.3.2  TimeStamp: 2026/03/10-06:10:14-GMT  BuildTime: Aug  4 2022 06:17:15  BuildStamp: freesurfer-linux-ubuntu22_x86_64-7.3.2-20220804-6354275  User: oesteban  Machine: dna086  Platform: Linux  PlatformVersion: 5.14.0-427.37.1.el9_4.x86_64  CompilerName: GCC  CompilerVersion: 8.4.0
ProgramName: mris_ca_label  ProgramArguments: mris_ca_label -all-info  ProgramVersion: 7.3.2  TimeStamp: 2026/03/10-06:10:14-GMT  BuildTime: Aug  4 2022 06:17:15  BuildStamp: freesurfer-linux-ubuntu22_x86_64-7.3.2-20220804-6354275  User: oesteban  Machine: dna086  Platform: Linux  PlatformVersion: 5.14.0-427.37.1.el9_4.x86_64  CompilerName: GCC  CompilerVersion: 8.4.0
ProgramName: mris_calc  ProgramArguments: mris_calc -all-info  ProgramVersion: 7.3.2  TimeStamp: 2026/03/10-06:10:14-GMT  BuildTime: Aug  4 2022 06:17:15  BuildStamp: freesurfer-linux-ubuntu22_x86_64-7.3.2-20220804-6354275  User: oesteban  Machine: dna086  Platform: Linux  PlatformVersion: 5.14.0-427.37.1.el9_4.x86_64  CompilerName: GCC  CompilerVersion: 8.4.0
ProgramName: mris_convert  ProgramArguments: mris_convert -all-info  ProgramVersion: 7.3.2  TimeStamp: 2026/03/10-06:10:14-GMT  BuildTime: Aug  4 2022 06:17:15  BuildStamp: freesurfer-linux-ubuntu22_x86_64-7.3.2-20220804-6354275  User: oesteban  Machine: dna086  Platform: Linux  PlatformVersion: 5.14.0-427.37.1.el9_4.x86_64  CompilerName: GCC  CompilerVersion: 8.4.0
ProgramName: mris_curvature  ProgramArguments: mris_curvature -all-info  ProgramVersion: 7.3.2  TimeStamp: 2026/03/10-06:10:14-GMT  BuildTime: Aug  4 2022 06:17:15  BuildStamp: freesurfer-linux-ubuntu22_x86_64-7.3.2-20220804-6354275  User: oesteban  Machine: dna086  Platform: Linux  PlatformVersion: 5.14.0-427.37.1.el9_4.x86_64  CompilerName: GCC  CompilerVersion: 8.4.0
ProgramName: mris_curvature_stats  ProgramArguments: mris_curvature_stats -all-info  ProgramVersion: 7.3.2  TimeStamp: 2026/03/10-06:10:14-GMT  BuildTime: Aug  4 2022 06:17:15  BuildStamp: freesurfer-linux-ubuntu22_x86_64-7.3.2-20220804-6354275  User: oesteban  Machine: dna086  Platform: Linux  PlatformVersion: 5.14.0-427.37.1.el9_4.x86_64  CompilerName: GCC  CompilerVersion: 8.4.0
ProgramName: mris_diff  ProgramArguments: mris_diff -all-info  ProgramVersion: 7.3.2  TimeStamp: 2026/03/10-06:10:14-GMT  BuildTime: Aug  4 2022 06:17:15  BuildStamp: freesurfer-linux-ubuntu22_x86_64-7.3.2-20220804-6354275  User: oesteban  Machine: dna086  Platform: Linux  PlatformVersion: 5.14.0-427.37.1.el9_4.x86_64  CompilerName: GCC  CompilerVersion: 8.4.0
ProgramName: mris_divide_parcellation  ProgramArguments: mris_divide_parcellation -all-info  ProgramVersion: 7.3.2  TimeStamp: 2026/03/10-06:10:14-GMT  BuildTime: Aug  4 2022 06:17:15  BuildStamp: freesurfer-linux-ubuntu22_x86_64-7.3.2-20220804-6354275  User: oesteban  Machine: dna086  Platform: Linux  PlatformVersion: 5.14.0-427.37.1.el9_4.x86_64  CompilerName: GCC  CompilerVersion: 8.4.0
ProgramName: mri_segment  ProgramArguments: mri_segment -all-info  ProgramVersion: 7.3.2  TimeStamp: 2026/03/10-06:10:14-GMT  BuildTime: Aug  4 2022 06:17:15  BuildStamp: freesurfer-linux-ubuntu22_x86_64-7.3.2-20220804-6354275  User: oesteban  Machine: dna086  Platform: Linux  PlatformVersion: 5.14.0-427.37.1.el9_4.x86_64  CompilerName: GCC  CompilerVersion: 8.4.0
ProgramName: mri_segstats  ProgramArguments: mri_segstats -all-info  ProgramVersion: 7.3.2  TimeStamp: 2026/03/10-06:10:14-GMT  BuildTime: Aug  4 2022 06:17:15  BuildStamp: freesurfer-linux-ubuntu22_x86_64-7.3.2-20220804-6354275  User: oesteban  Machine: dna086  Platform: Linux  PlatformVersion: 5.14.0-427.37.1.el9_4.x86_64  CompilerName: GCC  CompilerVersion: 8.4.0
ProgramName: mris_euler_number  ProgramArguments: mris_euler_number -all-info  ProgramVersion: 7.3.2  TimeStamp: 2026/03/10-06:10:14-GMT  BuildTime: Aug  4 2022 06:17:15  BuildStamp: freesurfer-linux-ubuntu22_x86_64-7.3.2-20220804-6354275  User: oesteban  Machine: dna086  Platform: Linux  PlatformVersion: 5.14.0-427.37.1.el9_4.x86_64  CompilerName: GCC  CompilerVersion: 8.4.0
ProgramName: mris_fix_topology  ProgramArguments: mris_fix_topology -all-info  ProgramVersion: 7.3.2  TimeStamp: 2026/03/10-06:10:14-GMT  BuildTime: Aug  4 2022 06:17:15  BuildStamp: freesurfer-linux-ubuntu22_x86_64-7.3.2-20220804-6354275  User: oesteban  Machine: dna086  Platform: Linux  PlatformVersion: 5.14.0-427.37.1.el9_4.x86_64  CompilerName: GCC  CompilerVersion: 8.4.0
ProgramName: mris_topo_fixer  ProgramArguments: mris_topo_fixer -all-info  ProgramVersion: 7.3.2  TimeStamp: 2026/03/10-06:10:14-GMT  BuildTime: Aug  4 2022 06:17:15  BuildStamp: freesurfer-linux-ubuntu22_x86_64-7.3.2-20220804-6354275  User: oesteban  Machine: dna086  Platform: Linux  PlatformVersion: 5.14.0-427.37.1.el9_4.x86_64  CompilerName: GCC  CompilerVersion: 8.4.0
ProgramName: mris_jacobian  ProgramArguments: mris_jacobian -all-info  ProgramVersion: 7.3.2  TimeStamp: 2026/03/10-06:10:14-GMT  BuildTime: Aug  4 2022 06:17:15  BuildStamp: freesurfer-linux-ubuntu22_x86_64-7.3.2-20220804-6354275  User: oesteban  Machine: dna086  Platform: Linux  PlatformVersion: 5.14.0-427.37.1.el9_4.x86_64  CompilerName: GCC  CompilerVersion: 8.4.0
ProgramName: mris_label2annot  ProgramArguments: mris_label2annot -all-info  ProgramVersion: 7.3.2  TimeStamp: 2026/03/10-06:10:14-GMT  BuildTime: Aug  4 2022 06:17:15  BuildStamp: freesurfer-linux-ubuntu22_x86_64-7.3.2-20220804-6354275  User: oesteban  Machine: dna086  Platform: Linux  PlatformVersion: 5.14.0-427.37.1.el9_4.x86_64  CompilerName: GCC  CompilerVersion: 8.4.0
ProgramName: mris_left_right_register  ProgramArguments: mris_left_right_register -all-info  ProgramVersion: 7.3.2  TimeStamp: 2026/03/10-06:10:14-GMT  BuildTime: Aug  4 2022 06:17:15  BuildStamp: freesurfer-linux-ubuntu22_x86_64-7.3.2-20220804-6354275  User: oesteban  Machine: dna086  Platform: Linux  PlatformVersion: 5.14.0-427.37.1.el9_4.x86_64  CompilerName: GCC  CompilerVersion: 8.4.0
ProgramName: mris_place_surface  ProgramArguments: mris_place_surface -all-info  ProgramVersion: 7.3.2  TimeStamp: 2026/03/10-06:10:14-GMT  BuildTime: Aug  4 2022 06:17:15  BuildStamp: freesurfer-linux-ubuntu22_x86_64-7.3.2-20220804-6354275  User: oesteban  Machine: dna086  Platform: Linux  PlatformVersion: 5.14.0-427.37.1.el9_4.x86_64  CompilerName: GCC  CompilerVersion: 8.4.0
ProgramName: mrisp_paint  ProgramArguments: mrisp_paint -all-info  ProgramVersion: 7.3.2  TimeStamp: 2026/03/10-06:10:14-GMT  BuildTime: Aug  4 2022 06:17:15  BuildStamp: freesurfer-linux-ubuntu22_x86_64-7.3.2-20220804-6354275  User: oesteban  Machine: dna086  Platform: Linux  PlatformVersion: 5.14.0-427.37.1.el9_4.x86_64  CompilerName: GCC  CompilerVersion: 8.4.0
ProgramName: mris_register  ProgramArguments: mris_register -all-info  ProgramVersion: 7.3.2  TimeStamp: 2026/03/10-06:10:14-GMT  BuildTime: Aug  4 2022 06:17:15  BuildStamp: freesurfer-linux-ubuntu22_x86_64-7.3.2-20220804-6354275  User: oesteban  Machine: dna086  Platform: Linux  PlatformVersion: 5.14.0-427.37.1.el9_4.x86_64  CompilerName: GCC  CompilerVersion: 8.4.0
ProgramName: mris_smooth  ProgramArguments: mris_smooth -all-info  ProgramVersion: 7.3.2  TimeStamp: 2026/03/10-06:10:14-GMT  BuildTime: Aug  4 2022 06:17:15  BuildStamp: freesurfer-linux-ubuntu22_x86_64-7.3.2-20220804-6354275  User: oesteban  Machine: dna086  Platform: Linux  PlatformVersion: 5.14.0-427.37.1.el9_4.x86_64  CompilerName: GCC  CompilerVersion: 8.4.0
ProgramName: mris_sphere  ProgramArguments: mris_sphere -all-info  ProgramVersion: 7.3.2  TimeStamp: 2026/03/10-06:10:14-GMT  BuildTime: Aug  4 2022 06:17:15  BuildStamp: freesurfer-linux-ubuntu22_x86_64-7.3.2-20220804-6354275  User: oesteban  Machine: dna086  Platform: Linux  PlatformVersion: 5.14.0-427.37.1.el9_4.x86_64  CompilerName: GCC  CompilerVersion: 8.4.0
ProgramName: mris_surface_stats  ProgramArguments: mris_surface_stats -all-info  ProgramVersion: 7.3.2  TimeStamp: 2026/03/10-06:10:14-GMT  BuildTime: Aug  4 2022 06:17:15  BuildStamp: freesurfer-linux-ubuntu22_x86_64-7.3.2-20220804-6354275  User: oesteban  Machine: dna086  Platform: Linux  PlatformVersion: 5.14.0-427.37.1.el9_4.x86_64  CompilerName: GCC  CompilerVersion: 8.4.0
ProgramName: mri_stats2seg  ProgramArguments: mri_stats2seg -all-info  ProgramVersion: 7.3.2  TimeStamp: 2026/03/10-06:10:14-GMT  BuildTime: Aug  4 2022 06:17:15  BuildStamp: freesurfer-linux-ubuntu22_x86_64-7.3.2-20220804-6354275  User: oesteban  Machine: dna086  Platform: Linux  PlatformVersion: 5.14.0-427.37.1.el9_4.x86_64  CompilerName: GCC  CompilerVersion: 8.4.0
ProgramName: mris_thickness  ProgramArguments: mris_thickness -all-info  ProgramVersion: 7.3.2  TimeStamp: 2026/03/10-06:10:14-GMT  BuildTime: Aug  4 2022 06:17:15  BuildStamp: freesurfer-linux-ubuntu22_x86_64-7.3.2-20220804-6354275  User: oesteban  Machine: dna086  Platform: Linux  PlatformVersion: 5.14.0-427.37.1.el9_4.x86_64  CompilerName: GCC  CompilerVersion: 8.4.0
ProgramName: mris_thickness_diff  ProgramArguments: mris_thickness_diff -all-info  ProgramVersion: 7.3.2  TimeStamp: 2026/03/10-06:10:14-GMT  BuildTime: Aug  4 2022 06:17:15  BuildStamp: freesurfer-linux-ubuntu22_x86_64-7.3.2-20220804-6354275  User: oesteban  Machine: dna086  Platform: Linux  PlatformVersion: 5.14.0-427.37.1.el9_4.x86_64  CompilerName: GCC  CompilerVersion: 8.4.0
ProgramName: mris_topo_fixer  ProgramArguments: mris_topo_fixer -all-info  ProgramVersion: 7.3.2  TimeStamp: 2026/03/10-06:10:14-GMT  BuildTime: Aug  4 2022 06:17:15  BuildStamp: freesurfer-linux-ubuntu22_x86_64-7.3.2-20220804-6354275  User: oesteban  Machine: dna086  Platform: Linux  PlatformVersion: 5.14.0-427.37.1.el9_4.x86_64  CompilerName: GCC  CompilerVersion: 8.4.0
ProgramName: mri_surf2surf  ProgramArguments: mri_surf2surf -all-info  ProgramVersion: 7.3.2  TimeStamp: 2026/03/10-06:10:14-GMT  BuildTime: Aug  4 2022 06:17:15  BuildStamp: freesurfer-linux-ubuntu22_x86_64-7.3.2-20220804-6354275  User: oesteban  Machine: dna086  Platform: Linux  PlatformVersion: 5.14.0-427.37.1.el9_4.x86_64  CompilerName: GCC  CompilerVersion: 8.4.0
ProgramName: mri_surf2vol  ProgramArguments: mri_surf2vol -all-info  ProgramVersion: 7.3.2  TimeStamp: 2026/03/10-06:10:14-GMT  BuildTime: Aug  4 2022 06:17:15  BuildStamp: freesurfer-linux-ubuntu22_x86_64-7.3.2-20220804-6354275  User: oesteban  Machine: dna086  Platform: Linux  PlatformVersion: 5.14.0-427.37.1.el9_4.x86_64  CompilerName: GCC  CompilerVersion: 8.4.0
ProgramName: mri_surfcluster  ProgramArguments: mri_surfcluster -all-info  ProgramVersion: 7.3.2  TimeStamp: 2026/03/10-06:10:14-GMT  BuildTime: Aug  4 2022 06:17:15  BuildStamp: freesurfer-linux-ubuntu22_x86_64-7.3.2-20220804-6354275  User: oesteban  Machine: dna086  Platform: Linux  PlatformVersion: 5.14.0-427.37.1.el9_4.x86_64  CompilerName: GCC  CompilerVersion: 8.4.0
ProgramName: mris_volmask  ProgramArguments: mris_volmask -all-info  ProgramVersion: 7.3.2  TimeStamp: 2026/03/10-06:10:14-GMT  BuildTime: Aug  4 2022 06:17:15  BuildStamp: freesurfer-linux-ubuntu22_x86_64-7.3.2-20220804-6354275  User: oesteban  Machine: dna086  Platform: Linux  PlatformVersion: 5.14.0-427.37.1.el9_4.x86_64  CompilerName: GCC  CompilerVersion: 8.4.0
ProgramName: mri_tessellate  ProgramArguments: mri_tessellate -all-info  ProgramVersion: 7.3.2  TimeStamp: 2026/03/10-06:10:14-GMT  BuildTime: Aug  4 2022 06:17:15  BuildStamp: freesurfer-linux-ubuntu22_x86_64-7.3.2-20220804-6354275  User: oesteban  Machine: dna086  Platform: Linux  PlatformVersion: 5.14.0-427.37.1.el9_4.x86_64  CompilerName: GCC  CompilerVersion: 8.4.0
ProgramName: mri_vol2surf  ProgramArguments: mri_vol2surf -all-info  ProgramVersion: 7.3.2  TimeStamp: 2026/03/10-06:10:14-GMT  BuildTime: Aug  4 2022 06:17:15  BuildStamp: freesurfer-linux-ubuntu22_x86_64-7.3.2-20220804-6354275  User: oesteban  Machine: dna086  Platform: Linux  PlatformVersion: 5.14.0-427.37.1.el9_4.x86_64  CompilerName: GCC  CompilerVersion: 8.4.0
ProgramName: mri_vol2vol  ProgramArguments: mri_vol2vol -all-info  ProgramVersion: 7.3.2  TimeStamp: 2026/03/10-06:10:14-GMT  BuildTime: Aug  4 2022 06:17:15  BuildStamp: freesurfer-linux-ubuntu22_x86_64-7.3.2-20220804-6354275  User: oesteban  Machine: dna086  Platform: Linux  PlatformVersion: 5.14.0-427.37.1.el9_4.x86_64  CompilerName: GCC  CompilerVersion: 8.4.0
ProgramName: mri_voldiff  ProgramArguments: mri_voldiff -all-info  ProgramVersion: 7.3.2  TimeStamp: 2026/03/10-06:10:14-GMT  BuildTime: Aug  4 2022 06:17:15  BuildStamp: freesurfer-linux-ubuntu22_x86_64-7.3.2-20220804-6354275  User: oesteban  Machine: dna086  Platform: Linux  PlatformVersion: 5.14.0-427.37.1.el9_4.x86_64  CompilerName: GCC  CompilerVersion: 8.4.0
ProgramName: mri_watershed  ProgramArguments: mri_watershed -all-info  ProgramVersion: 7.3.2  TimeStamp: 2026/03/10-06:10:14-GMT  BuildTime: Aug  4 2022 06:17:15  BuildStamp: freesurfer-linux-ubuntu22_x86_64-7.3.2-20220804-6354275  User: oesteban  Machine: dna086  Platform: Linux  PlatformVersion: 5.14.0-427.37.1.el9_4.x86_64  CompilerName: GCC  CompilerVersion: 8.4.0
ProgramName: tkregister2  ProgramArguments: tkregister2_cmdl -all-info  ProgramVersion: 7.3.2  TimeStamp: 2026/03/10-06:10:14-GMT  BuildTime: Aug  4 2022 06:17:15  BuildStamp: freesurfer-linux-ubuntu22_x86_64-7.3.2-20220804-6354275  User: oesteban  Machine: dna086  Platform: Linux  PlatformVersion: 5.14.0-427.37.1.el9_4.x86_64  CompilerName: GCC  CompilerVersion: 8.4.0
mri_motion_correct.fsl 7.3.2
mri_convert -all-info 
ProgramName: mri_convert  ProgramArguments: mri_convert -all-info  ProgramVersion: 7.3.2  TimeStamp: 2026/03/10-06:10:14-GMT  BuildTime: Aug  4 2022 06:17:15  BuildStamp: freesurfer-linux-ubuntu22_x86_64-7.3.2-20220804-6354275  User: oesteban  Machine: dna086  Platform: Linux  PlatformVersion: 5.14.0-427.37.1.el9_4.x86_64  CompilerName: GCC  CompilerVersion: 8.4.0
Program nu_correct, built from:
Package MNI N3, version 1.12.0, compiled by nicks@terrier (x86_64-unknown-linux-gnu) on 2015-06-19 at 01:25:34
#######################################
GCADIR /opt/freesurfer/average
GCA RB_all_2020-01-02.gca
GCASkull RB_all_withskull_2020_01_02.gca
AvgCurvTif folding.atlas.acfb40.noaparc.i12.2016-08-02.tif
GCSDIR /opt/freesurfer/average
GCS DKaparc.atlas.acfb40.noaparc.i12.2016-08-02.gcs
#######################################
#--------------------------------------
#@# CA Normalize Tue Mar 10 07:10:14 CET 2026
/out/sourcedata/freesurfer/sub-v1s8x0051345_ses-1/mri

 mri_ca_normalize -c ctrl_pts.mgz -mask brainmask.mgz nu.mgz /opt/freesurfer/average/RB_all_2020-01-02.gca transforms/talairach.lta norm.mgz 

writing control point volume to ctrl_pts.mgz
using MR volume brainmask.mgz to mask input volume...
reading 1 input volume
reading atlas from '/opt/freesurfer/average/RB_all_2020-01-02.gca'...
reading transform from 'transforms/talairach.lta'...
reading input volume from nu.mgz...
resetting wm mean[0]: 98 --> 107
resetting gm mean[0]: 61 --> 61
input volume #1 is the most T1-like
using real data threshold=23.0
skull bounding box = (64, 42, 30) --> (194, 171, 192)
finding center of left hemi white matter
using (107, 85, 111) as brain centroid of Right_Cerebral_White_Matter...
mean wm in atlas = 107, using box (91,69,91) --> (122, 100,130) to find MRI wm
before smoothing, mri peak at 107
robust fit to distribution - 106 +- 4.2
after smoothing, mri peak at 107, scaling input intensities by 1.000
scaling channel 0 by 1
using 246437 sample points...
INFO: compute sample coordinates transform
 1.07295   0.00563   0.10787  -24.11650;
-0.06935   1.14977   0.26383  -11.01415;
-0.17773  -0.22325   0.96969   50.39954;
 0.00000   0.00000   0.00000   1.00000;
INFO: transform used
finding control points in Left_Cerebral_White_Matter....
found 40230 control points for structure...
bounding box (125, 41, 29) --> (192, 142, 193)
Left_Cerebral_White_Matter: limiting intensities to 96.0 --> 132.0
4 of 6190 (0.1%) samples deleted
finding control points in Right_Cerebral_White_Matter....
found 39478 control points for structure...
bounding box (70, 40, 24) --> (133, 137, 190)
Right_Cerebral_White_Matter: limiting intensities to 95.0 --> 132.0
15 of 6501 (0.2%) samples deleted
finding control points in Left_Cerebellum_White_Matter....
found 3105 control points for structure...
bounding box (132, 116, 59) --> (177, 157, 111)
Left_Cerebellum_White_Matter: limiting intensities to 97.0 --> 132.0
0 of 114 (0.0%) samples deleted
finding control points in Right_Cerebellum_White_Matter....
found 2710 control points for structure...
bounding box (90, 116, 49) --> (133, 155, 106)
Right_Cerebellum_White_Matter: limiting intensities to 96.0 --> 132.0
0 of 158 (0.0%) samples deleted
finding control points in Brain_Stem....
found 3475 control points for structure...
bounding box (113, 107, 90) --> (145, 167, 121)
Brain_Stem: limiting intensities to 101.0 --> 132.0
65 of 263 (24.7%) samples deleted
using 13226 total control points for intensity normalization...
bias field = 0.971 +- 0.051
168 of 13142 control points discarded
finding control points in Left_Cerebral_White_Matter....
found 40230 control points for structure...
bounding box (125, 41, 29) --> (192, 142, 193)
Left_Cerebral_White_Matter: limiting intensities to 91.0 --> 132.0
3 of 6495 (0.0%) samples deleted
finding control points in Right_Cerebral_White_Matter....
found 39478 control points for structure...
bounding box (70, 40, 24) --> (133, 137, 190)
Right_Cerebral_White_Matter: limiting intensities to 90.0 --> 132.0
20 of 6779 (0.3%) samples deleted
finding control points in Left_Cerebellum_White_Matter....
found 3105 control points for structure...
bounding box (132, 116, 59) --> (177, 157, 111)
Left_Cerebellum_White_Matter: limiting intensities to 88.0 --> 132.0
0 of 207 (0.0%) samples deleted
finding control points in Right_Cerebellum_White_Matter....
found 2710 control points for structure...
bounding box (90, 116, 49) --> (133, 155, 106)
Right_Cerebellum_White_Matter: limiting intensities to 88.0 --> 132.0
5 of 213 (2.3%) samples deleted
finding control points in Brain_Stem....
found 3475 control points for structure...
bounding box (113, 107, 90) --> (145, 167, 121)
Brain_Stem: limiting intensities to 88.0 --> 132.0
26 of 399 (6.5%) samples deleted
using 14093 total control points for intensity normalization...
bias field = 1.014 +- 0.048
86 of 13924 control points discarded
finding control points in Left_Cerebral_White_Matter....
found 40230 control points for structure...
bounding box (125, 41, 29) --> (192, 142, 193)
Left_Cerebral_White_Matter: limiting intensities to 91.0 --> 132.0
21 of 6477 (0.3%) samples deleted
finding control points in Right_Cerebral_White_Matter....
found 39478 control points for structure...
bounding box (70, 40, 24) --> (133, 137, 190)
Right_Cerebral_White_Matter: limiting intensities to 90.0 --> 132.0
23 of 6717 (0.3%) samples deleted
finding control points in Left_Cerebellum_White_Matter....
found 3105 control points for structure...
bounding box (132, 116, 59) --> (177, 157, 111)
Left_Cerebellum_White_Matter: limiting intensities to 88.0 --> 132.0
45 of 271 (16.6%) samples deleted
finding control points in Right_Cerebellum_White_Matter....
found 2710 control points for structure...
bounding box (90, 116, 49) --> (133, 155, 106)
Right_Cerebellum_White_Matter: limiting intensities to 88.0 --> 132.0
73 of 286 (25.5%) samples deleted
finding control points in Brain_Stem....
found 3475 control points for structure...
bounding box (113, 107, 90) --> (145, 167, 121)
Brain_Stem: limiting intensities to 88.0 --> 132.0
225 of 522 (43.1%) samples deleted
using 14273 total control points for intensity normalization...
bias field = 1.010 +- 0.040
46 of 13703 control points discarded
writing normalized volume to norm.mgz...
writing control points to ctrl_pts.mgz
freeing GCA...done.
normalization took 0 minutes and 55 seconds.
#--------------------------------------
#@# CA Reg Tue Mar 10 07:11:09 CET 2026
/out/sourcedata/freesurfer/sub-v1s8x0051345_ses-1/mri

 mri_ca_register -nobigventricles -T transforms/talairach.lta -align-after -mask brainmask.mgz norm.mgz /opt/freesurfer/average/RB_all_2020-01-02.gca transforms/talairach.m3z 

not handling expanded ventricles...
using previously computed transform transforms/talairach.lta
renormalizing sequences with structure alignment, equivalent to:
	-renormalize
	-regularize_mean 0.500
	-regularize 0.500
using MR volume brainmask.mgz to mask input volume...

== Number of threads available to mri_ca_register for OpenMP = 16 == 
reading 1 input volumes...
logging results to talairach.log
reading input volume 'norm.mgz'...
reading GCA '/opt/freesurfer/average/RB_all_2020-01-02.gca'...
label assignment complete, 0 changed (0.00%)
freeing gibbs priors...done.
average std[0] = 5.0
Starting GCAMregister()
label assignment complete, 0 changed (0.00%)
npasses = 1, nlevels = 6
#pass# 1 of 1 ************************
enabling zero nodes
setting smoothness cost coefficient to 0.156

#GCAMreg# pass 0 level1 5 level2 0 tsec 0 sigma 2
l_jacobian=1.00 l_label=1.00 l_log_likelihood=0.20 l_smoothness=0.16 
tol=2.50e-01, dt=5.00e-02, exp_k=20.0, momentum=0.90, levels=6, niter=500, lbl_dist=10.00, avgs=256, sigma=2.0,type=2, relabel=0, neg=no

blurring input image with Gaussian with sigma=2.000...
GCAMRegisterLevel(): init RMS 0.816892
#FOTS# QuadFit found better minimum quadopt=(dt=196.819,rms=0.747734) vs oldopt=(dt=92.48,rms=0.766656)
#GCMRL#    0 dt 196.819277 rms  0.748  8.466% neg 0  invalid 762 tFOTS 4.1300 tGradient 2.3060 tsec 6.7550
#FOTS# QuadFit found better minimum quadopt=(dt=136.331,rms=0.730415) vs oldopt=(dt=92.48,rms=0.732471)
#GCMRL#    1 dt 136.331361 rms  0.730  2.316% neg 0  invalid 762 tFOTS 3.9910 tGradient 2.4800 tsec 6.7770
#FOTS# QuadFit found better minimum quadopt=(dt=221.952,rms=0.723428) vs oldopt=(dt=369.92,rms=0.724952)
#GCMRL#    2 dt 221.952000 rms  0.723  0.957% neg 0  invalid 762 tFOTS 4.0360 tGradient 2.4900 tsec 6.8320
#FOTS# QuadFit found better minimum quadopt=(dt=151.07,rms=0.719097) vs oldopt=(dt=92.48,rms=0.720025)
#GCMRL#    3 dt 151.069767 rms  0.719  0.599% neg 0  invalid 762 tFOTS 4.2720 tGradient 2.5300 tsec 7.1050
#FOTS# QuadFit found better minimum quadopt=(dt=129.472,rms=0.717246) vs oldopt=(dt=92.48,rms=0.717622)
#GCMRL#    4 dt 129.472000 rms  0.717  0.257% neg 0  invalid 762 tFOTS 4.0540 tGradient 2.5570 tsec 6.8820
#FOTS# QuadFit found better minimum quadopt=(dt=517.888,rms=0.711935) vs oldopt=(dt=369.92,rms=0.71295)
#GCMRL#    5 dt 517.888000 rms  0.712  0.741% neg 0  invalid 762 tFOTS 5.0220 tGradient 2.3090 tsec 7.6740
#FOTS# QuadFit found better minimum quadopt=(dt=110.976,rms=0.710794) vs oldopt=(dt=92.48,rms=0.710824)
#GCMRL#    6 dt 110.976000 rms  0.711  0.000% neg 0  invalid 762 tFOTS 4.9420 tGradient 2.9590 tsec 8.2730
#GCMRL#    7 dt 110.976000 rms  0.710  0.129% neg 0  invalid 762 tFOTS 0.0000 tGradient 2.5310 tsec 2.8430
#GCMRL#    8 dt 110.976000 rms  0.708  0.203% neg 0  invalid 762 tFOTS 0.0000 tGradient 2.6850 tsec 2.9740
#GCMRL#    9 dt 110.976000 rms  0.707  0.242% neg 0  invalid 762 tFOTS 0.0000 tGradient 2.6570 tsec 2.9920
#GCMRL#   10 dt 110.976000 rms  0.705  0.266% neg 0  invalid 762 tFOTS 0.0000 tGradient 2.5880 tsec 2.9230
#GCMRL#   11 dt 110.976000 rms  0.703  0.281% neg 0  invalid 762 tFOTS 0.0000 tGradient 2.5760 tsec 2.8570
#GCMRL#   12 dt 110.976000 rms  0.701  0.294% neg 0  invalid 762 tFOTS 0.0000 tGradient 2.4240 tsec 2.7450
#GCMRL#   13 dt 110.976000 rms  0.699  0.283% neg 0  invalid 762 tFOTS 0.0000 tGradient 2.3370 tsec 2.6540
#GCMRL#   14 dt 110.976000 rms  0.697  0.270% neg 0  invalid 762 tFOTS 0.0000 tGradient 2.5700 tsec 2.8850
#GCMRL#   15 dt 110.976000 rms  0.695  0.244% neg 0  invalid 762 tFOTS 0.0000 tGradient 2.7560 tsec 3.0650
#GCMRL#   16 dt 110.976000 rms  0.694  0.200% neg 0  invalid 762 tFOTS 0.0000 tGradient 2.4720 tsec 2.8010
#GCMRL#   17 dt 110.976000 rms  0.693  0.174% neg 0  invalid 762 tFOTS 0.0000 tGradient 2.3980 tsec 2.7020
#GCMRL#   18 dt 110.976000 rms  0.692  0.162% neg 0  invalid 762 tFOTS 0.0000 tGradient 2.5610 tsec 2.8670
#GCMRL#   19 dt 110.976000 rms  0.690  0.151% neg 0  invalid 762 tFOTS 0.0000 tGradient 2.4340 tsec 2.7240
#GCMRL#   20 dt 110.976000 rms  0.689  0.146% neg 0  invalid 762 tFOTS 0.0000 tGradient 2.3900 tsec 2.6760
#GCMRL#   21 dt 110.976000 rms  0.689  0.133% neg 0  invalid 762 tFOTS 0.0000 tGradient 2.5810 tsec 2.8610
#GCMRL#   22 dt 110.976000 rms  0.688  0.123% neg 0  invalid 762 tFOTS 0.0000 tGradient 2.5600 tsec 2.8490
#GCMRL#   23 dt 110.976000 rms  0.687  0.110% neg 0  invalid 762 tFOTS 0.0000 tGradient 2.6220 tsec 2.9440
#FOTS# QuadFit found better minimum quadopt=(dt=1183.74,rms=0.686364) vs oldopt=(dt=1479.68,rms=0.686435)
#GCMRL#   24 dt 1183.744000 rms  0.686  0.000% neg 0  invalid 762 tFOTS 4.7900 tGradient 2.5710 tsec 7.7250

#GCAMreg# pass 0 level1 5 level2 1 tsec 117.68 sigma 0.5
l_jacobian=1.00 l_label=1.00 l_log_likelihood=0.20 l_smoothness=0.16 
tol=2.50e-01, dt=5.00e-02, exp_k=20.0, momentum=0.90, levels=6, niter=500, lbl_dist=10.00, avgs=256, sigma=0.5,type=2, relabel=0, neg=no

blurring input image with Gaussian with sigma=0.500...
GCAMRegisterLevel(): init RMS 0.686769
#FOTS# QuadFit found better minimum quadopt=(dt=129.472,rms=0.684526) vs oldopt=(dt=92.48,rms=0.684891)
#GCMRL#   26 dt 129.472000 rms  0.685  0.326% neg 0  invalid 762 tFOTS 4.5120 tGradient 2.5420 tsec 7.4140
#FOTS# QuadFit found better minimum quadopt=(dt=443.904,rms=0.683732) vs oldopt=(dt=369.92,rms=0.683736)
#GCMRL#   27 dt 443.904000 rms  0.684  0.000% neg 0  invalid 762 tFOTS 4.3100 tGradient 2.5240 tsec 7.2130
setting smoothness cost coefficient to 0.615

#GCAMreg# pass 0 level1 4 level2 0 tsec 0 sigma 2
l_jacobian=1.00 l_label=1.00 l_log_likelihood=0.20 l_smoothness=0.62 
tol=2.50e-01, dt=5.00e-02, exp_k=20.0, momentum=0.90, levels=6, niter=500, lbl_dist=10.00, avgs=64, sigma=2.0,type=2, relabel=0, neg=no

blurring input image with Gaussian with sigma=2.000...
GCAMRegisterLevel(): init RMS 0.695706
#FOTS# QuadFit found better minimum quadopt=(dt=71.6522,rms=0.692279) vs oldopt=(dt=25.92,rms=0.693086)
#GCMRL#   29 dt  71.652174 rms  0.692  0.492% neg 0  invalid 762 tFOTS 4.4200 tGradient 2.1060 tsec 6.8520
#FOTS# QuadFit found better minimum quadopt=(dt=263.062,rms=0.683287) vs oldopt=(dt=103.68,rms=0.68628)
#GCMRL#   30 dt 263.062069 rms  0.683  1.299% neg 0  invalid 762 tFOTS 4.3760 tGradient 1.9930 tsec 6.7150
#FOTS# QuadFit found better minimum quadopt=(dt=69.8182,rms=0.680767) vs oldopt=(dt=25.92,rms=0.681231)
#GCMRL#   31 dt  69.818182 rms  0.681  0.369% neg 0  invalid 762 tFOTS 4.5720 tGradient 2.1660 tsec 7.0860
#FOTS# QuadFit found better minimum quadopt=(dt=116.761,rms=0.677955) vs oldopt=(dt=103.68,rms=0.677979)
#GCMRL#   32 dt 116.760976 rms  0.678  0.413% neg 0  invalid 762 tFOTS 4.5060 tGradient 1.9280 tsec 6.7830
#FOTS# QuadFit found better minimum quadopt=(dt=36.288,rms=0.676577) vs oldopt=(dt=25.92,rms=0.676823)
#GCMRL#   33 dt  36.288000 rms  0.677  0.000% neg 0  invalid 762 tFOTS 4.5070 tGradient 1.8830 tsec 6.7520
#GCMRL#   34 dt  36.288000 rms  0.676  0.064% neg 0  invalid 762 tFOTS 0.0000 tGradient 2.0730 tsec 2.4010
#GCMRL#   35 dt  36.288000 rms  0.675  0.112% neg 0  invalid 762 tFOTS 0.0000 tGradient 2.0450 tsec 2.3500
#GCMRL#   36 dt  36.288000 rms  0.674  0.162% neg 0  invalid 762 tFOTS 0.0000 tGradient 1.9930 tsec 2.3230
#GCMRL#   37 dt  36.288000 rms  0.673  0.203% neg 0  invalid 762 tFOTS 0.0000 tGradient 2.0620 tsec 2.3600
#GCMRL#   38 dt  36.288000 rms  0.671  0.232% neg 0  invalid 762 tFOTS 0.0000 tGradient 1.9800 tsec 2.3100
#GCMRL#   39 dt  36.288000 rms  0.670  0.237% neg 0  invalid 762 tFOTS 0.0000 tGradient 2.0820 tsec 2.3590
#GCMRL#   40 dt  36.288000 rms  0.668  0.225% neg 0  invalid 762 tFOTS 0.0000 tGradient 2.0420 tsec 2.3620
#GCMRL#   41 dt  36.288000 rms  0.667  0.197% neg 0  invalid 762 tFOTS 0.0000 tGradient 1.9550 tsec 2.2540
#GCMRL#   42 dt  36.288000 rms  0.666  0.156% neg 0  invalid 762 tFOTS 0.0000 tGradient 2.1710 tsec 2.4870
#GCMRL#   43 dt  36.288000 rms  0.665  0.139% neg 0  invalid 762 tFOTS 0.0000 tGradient 1.9430 tsec 2.2380
#GCMRL#   44 dt  36.288000 rms  0.664  0.135% neg 0  invalid 762 tFOTS 0.0000 tGradient 1.9440 tsec 2.2640
#GCMRL#   45 dt  36.288000 rms  0.663  0.132% neg 0  invalid 762 tFOTS 0.0000 tGradient 2.0800 tsec 2.3990
#GCMRL#   46 dt  36.288000 rms  0.662  0.120% neg 0  invalid 762 tFOTS 0.0000 tGradient 2.0520 tsec 2.3720
#GCMRL#   47 dt  36.288000 rms  0.662  0.095% neg 0  invalid 762 tFOTS 0.0000 tGradient 2.0370 tsec 2.3780
#GCMRL#   48 dt   0.450000 rms  0.662  0.000% neg 0  invalid 762 tFOTS 4.8690 tGradient 1.9950 tsec 7.2230

#GCAMreg# pass 0 level1 4 level2 1 tsec 84.973 sigma 0.5
l_jacobian=1.00 l_label=1.00 l_log_likelihood=0.20 l_smoothness=0.62 
tol=2.50e-01, dt=5.00e-02, exp_k=20.0, momentum=0.90, levels=6, niter=500, lbl_dist=10.00, avgs=64, sigma=0.5,type=2, relabel=0, neg=no

blurring input image with Gaussian with sigma=0.500...
GCAMRegisterLevel(): init RMS 0.662244
#FOTS# QuadFit found better minimum quadopt=(dt=73.0435,rms=0.660654) vs oldopt=(dt=103.68,rms=0.660826)
#GCMRL#   50 dt  73.043478 rms  0.661  0.240% neg 0  invalid 762 tFOTS 4.4200 tGradient 2.0320 tsec 6.7790
setting smoothness cost coefficient to 2.353

#GCAMreg# pass 0 level1 3 level2 0 tsec 0 sigma 2
l_jacobian=1.00 l_label=1.00 l_log_likelihood=0.20 l_smoothness=2.35 
tol=2.50e-01, dt=5.00e-02, exp_k=20.0, momentum=0.90, levels=6, niter=500, lbl_dist=10.00, avgs=16, sigma=2.0,type=2, relabel=0, neg=no

blurring input image with Gaussian with sigma=2.000...
GCAMRegisterLevel(): init RMS 0.68866
#FOTS# QuadFit found better minimum quadopt=(dt=0.7,rms=0.688182) vs oldopt=(dt=0.5,rms=0.688184)
#GCMRL#   52 dt   0.700000 rms  0.688  0.070% neg 0  invalid 762 tFOTS 4.3080 tGradient 1.7790 tsec 6.4150
#FOTS# QuadFit found better minimum quadopt=(dt=0.04375,rms=0.688186) vs oldopt=(dt=0.03125,rms=0.688186)

#GCAMreg# pass 0 level1 3 level2 1 tsec 20.707 sigma 0.5
l_jacobian=1.00 l_label=1.00 l_log_likelihood=0.20 l_smoothness=2.35 
tol=2.50e-01, dt=5.00e-02, exp_k=20.0, momentum=0.90, levels=6, niter=500, lbl_dist=10.00, avgs=16, sigma=0.5,type=2, relabel=0, neg=no

blurring input image with Gaussian with sigma=0.500...
GCAMRegisterLevel(): init RMS 0.688625
#FOTS# QuadFit found better minimum quadopt=(dt=0.7,rms=0.688157) vs oldopt=(dt=0.5,rms=0.688159)
#GCMRL#   54 dt   0.700000 rms  0.688  0.068% neg 0  invalid 762 tFOTS 4.2000 tGradient 1.6990 tsec 6.2270
#FOTS# QuadFit found better minimum quadopt=(dt=0.0375,rms=0.688151) vs oldopt=(dt=0.03125,rms=0.688151)
#GCMRL#   55 dt   0.037500 rms  0.688  0.000% neg 0  invalid 762 tFOTS 4.1310 tGradient 1.6630 tsec 6.1430
setting smoothness cost coefficient to 8.000

#GCAMreg# pass 0 level1 2 level2 0 tsec 0 sigma 2
l_jacobian=1.00 l_label=1.00 l_log_likelihood=0.20 l_smoothness=8.00 
tol=2.50e-01, dt=5.00e-02, exp_k=20.0, momentum=0.90, levels=6, niter=500, lbl_dist=10.00, avgs=4, sigma=2.0,type=2, relabel=0, neg=no

blurring input image with Gaussian with sigma=2.000...
GCAMRegisterLevel(): init RMS 0.765241
#FOTS# QuadFit found better minimum quadopt=(dt=2.60861,rms=0.738289) vs oldopt=(dt=2.88,rms=0.73859)
#GCMRL#   57 dt   2.608610 rms  0.738  3.522% neg 0  invalid 762 tFOTS 4.2010 tGradient 1.5110 tsec 6.0520
#FOTS# QuadFit found better minimum quadopt=(dt=2.00425,rms=0.734503) vs oldopt=(dt=2.88,rms=0.735212)
#GCMRL#   58 dt   2.004246 rms  0.735  0.513% neg 0  invalid 762 tFOTS 4.3470 tGradient 1.6430 tsec 6.3300
#FOTS# QuadFit found better minimum quadopt=(dt=1.53846,rms=0.733608) vs oldopt=(dt=0.72,rms=0.733876)
#GCMRL#   59 dt   1.538462 rms  0.734  0.000% neg 0  invalid 762 tFOTS 4.5170 tGradient 1.5650 tsec 6.4450

#GCAMreg# pass 0 level1 2 level2 1 tsec 28.929 sigma 0.5
l_jacobian=1.00 l_label=1.00 l_log_likelihood=0.20 l_smoothness=8.00 
tol=2.50e-01, dt=5.00e-02, exp_k=20.0, momentum=0.90, levels=6, niter=500, lbl_dist=10.00, avgs=4, sigma=0.5,type=2, relabel=0, neg=no

blurring input image with Gaussian with sigma=0.500...
GCAMRegisterLevel(): init RMS 0.733991
#FOTS# QuadFit found better minimum quadopt=(dt=0.09375,rms=0.733603) vs oldopt=(dt=0.045,rms=0.733604)
#GCMRL#   61 dt   0.093750 rms  0.734  0.053% neg 0  invalid 762 tFOTS 4.3850 tGradient 1.6350 tsec 6.3350
#FOTS# QuadFit found better minimum quadopt=(dt=0.054,rms=0.733606) vs oldopt=(dt=0.045,rms=0.733606)
setting smoothness cost coefficient to 20.000

#GCAMreg# pass 0 level1 1 level2 0 tsec 0 sigma 2
l_jacobian=1.00 l_label=1.00 l_log_likelihood=0.20 l_smoothness=20.00 
tol=2.50e-01, dt=5.00e-02, exp_k=20.0, momentum=0.90, levels=6, niter=500, lbl_dist=10.00, avgs=1, sigma=2.0,type=2, relabel=0, neg=no

blurring input image with Gaussian with sigma=2.000...
GCAMRegisterLevel(): init RMS 0.781297
#GCMRL#   63 dt   0.320000 rms  0.780  0.153% neg 0  invalid 762 tFOTS 4.2680 tGradient 1.2970 tsec 5.9230
#FOTS# QuadFit found better minimum quadopt=(dt=1.11395,rms=0.774012) vs oldopt=(dt=1.28,rms=0.774046)
#GCMRL#   64 dt   1.113946 rms  0.774  0.781% neg 0  invalid 762 tFOTS 4.4350 tGradient 1.4600 tsec 6.2750
#FOTS# QuadFit found better minimum quadopt=(dt=0.112,rms=0.773174) vs oldopt=(dt=0.08,rms=0.773341)
#GCMRL#   65 dt   0.112000 rms  0.773  0.000% neg 0  invalid 762 tFOTS 4.2090 tGradient 1.4110 tsec 5.9820
#GCMRL#   66 dt   0.112000 rms  0.773  0.048% neg 0  invalid 762 tFOTS 0.0000 tGradient 1.4460 tsec 1.7540
#GCMRL#   67 dt   0.112000 rms  0.773  0.035% neg 0  invalid 762 tFOTS 0.0000 tGradient 1.4690 tsec 1.8220
#GCMRL#   68 dt   0.112000 rms  0.772  0.062% neg 0  invalid 762 tFOTS 0.0000 tGradient 1.5120 tsec 1.8590
#GCMRL#   69 dt   0.112000 rms  0.771  0.176% neg 0  invalid 762 tFOTS 0.0000 tGradient 1.4710 tsec 1.8120
#GCMRL#   70 dt   0.112000 rms  0.769  0.250% neg 0  invalid 762 tFOTS 0.0000 tGradient 1.4010 tsec 1.7470
#GCMRL#   71 dt   0.112000 rms  0.767  0.210% neg 0  invalid 762 tFOTS 0.0000 tGradient 1.4800 tsec 1.8390
#GCMRL#   72 dt   0.112000 rms  0.766  0.117% neg 0  invalid 762 tFOTS 0.0000 tGradient 1.5600 tsec 1.8930
#GCMRL#   73 dt   0.112000 rms  0.766  0.034% neg 0  invalid 762 tFOTS 0.0000 tGradient 1.5340 tsec 1.8880

#GCAMreg# pass 0 level1 1 level2 1 tsec 46.88 sigma 0.5
l_jacobian=1.00 l_label=1.00 l_log_likelihood=0.20 l_smoothness=20.00 
tol=2.50e-01, dt=5.00e-02, exp_k=20.0, momentum=0.90, levels=6, niter=500, lbl_dist=10.00, avgs=1, sigma=0.5,type=2, relabel=0, neg=no

blurring input image with Gaussian with sigma=0.500...
GCAMRegisterLevel(): init RMS 0.766358
#FOTS# QuadFit found better minimum quadopt=(dt=0.028,rms=0.765986) vs oldopt=(dt=0.02,rms=0.765988)
#GCMRL#   75 dt   0.028000 rms  0.766  0.048% neg 0  invalid 762 tFOTS 4.3540 tGradient 1.3420 tsec 6.0470
#FOTS# QuadFit found better minimum quadopt=(dt=0.028,rms=0.765977) vs oldopt=(dt=0.02,rms=0.765978)
#GCMRL#   76 dt   0.028000 rms  0.766  0.000% neg 0  invalid 762 tFOTS 4.5760 tGradient 1.4190 tsec 6.3550
#GCMRL#   77 dt   0.028000 rms  0.766  0.001% neg 0  invalid 762 tFOTS 0.0000 tGradient 1.4030 tsec 1.7210
resetting metric properties...
setting smoothness cost coefficient to 40.000

#GCAMreg# pass 0 level1 0 level2 0 tsec 0 sigma 2
l_jacobian=1.00 l_label=1.00 l_log_likelihood=0.20 l_smoothness=40.00 
tol=2.50e-01, dt=5.00e-02, exp_k=20.0, momentum=0.90, levels=6, niter=500, lbl_dist=10.00, avgs=0, sigma=2.0,type=2, relabel=0, neg=no

blurring input image with Gaussian with sigma=2.000...
GCAMRegisterLevel(): init RMS 0.732072
#FOTS# QuadFit found better minimum quadopt=(dt=0.216339,rms=0.727219) vs oldopt=(dt=0.32,rms=0.727943)
#GCMRL#   79 dt   0.216339 rms  0.727  0.663% neg 0  invalid 762 tFOTS 3.6120 tGradient 0.7470 tsec 4.6560
#GCMRL#   80 dt   0.020000 rms  0.727  0.000% neg 0  invalid 762 tFOTS 3.5340 tGradient 0.7730 tsec 4.6170

#GCAMreg# pass 0 level1 0 level2 1 tsec 18.645 sigma 0.5
l_jacobian=1.00 l_label=1.00 l_log_likelihood=0.20 l_smoothness=40.00 
tol=2.50e-01, dt=5.00e-02, exp_k=20.0, momentum=0.90, levels=6, niter=500, lbl_dist=10.00, avgs=0, sigma=0.5,type=2, relabel=0, neg=no

blurring input image with Gaussian with sigma=0.500...
GCAMRegisterLevel(): init RMS 0.727388
#FOTS# QuadFit found better minimum quadopt=(dt=0.007,rms=0.726978) vs oldopt=(dt=0.005,rms=0.726982)
#GCMRL#   82 dt   0.007000 rms  0.727  0.056% neg 0  invalid 762 tFOTS 3.4610 tGradient 0.7700 tsec 4.5060
#FOTS# QuadFit found better minimum quadopt=(dt=0.00175,rms=0.726975) vs oldopt=(dt=0.00125,rms=0.726975)
#GCMRL#   83 dt   0.001750 rms  0.727  0.000% neg 0  invalid 762 tFOTS 3.6890 tGradient 0.7780 tsec 4.7590
#GCMRL#   84 dt   0.001750 rms  0.727  0.000% neg 0  invalid 762 tFOTS 0.0000 tGradient 0.7710 tsec 1.0640
GCAMregister done in 6.8558 min
Starting GCAmapRenormalizeWithAlignment() without scales
renormalizing by structure alignment....
renormalizing input #0
gca peak = 0.10253 (16)
mri peak = 0.14272 (21)
Left_Lateral_Ventricle (4): linear fit = 1.25 x + 0.0 (699 voxels, overlap=0.442)
Left_Lateral_Ventricle (4): linear fit = 1.25 x + 0.0 (699 voxels, peak = 20), gca=19.9
gca peak = 0.17690 (16)
mri peak = 0.15863 (24)
Right_Lateral_Ventricle (43): linear fit = 1.40 x + 0.0 (1507 voxels, overlap=0.363)
Right_Lateral_Ventricle (43): linear fit = 1.40 x + 0.0 (1507 voxels, peak = 22), gca=22.5
gca peak = 0.28275 (96)
mri peak = 0.23307 (100)
Right_Pallidum (52): linear fit = 1.05 x + 0.0 (867 voxels, overlap=0.550)
Right_Pallidum (52): linear fit = 1.05 x + 0.0 (867 voxels, peak = 101), gca=101.3
gca peak = 0.18948 (93)
mri peak = 0.14422 (100)
Left_Pallidum (13): linear fit = 1.04 x + 0.0 (780 voxels, overlap=0.962)
Left_Pallidum (13): linear fit = 1.04 x + 0.0 (780 voxels, peak = 97), gca=97.2
gca peak = 0.20755 (55)
mri peak = 0.12201 (73)
Right_Hippocampus (53): linear fit = 1.26 x + 0.0 (701 voxels, overlap=0.015)
Right_Hippocampus (53): linear fit = 1.26 x + 0.0 (701 voxels, peak = 70), gca=69.6
gca peak = 0.31831 (58)
mri peak = 0.13326 (73)
Left_Hippocampus (17): linear fit = 1.24 x + 0.0 (901 voxels, overlap=0.010)
Left_Hippocampus (17): linear fit = 1.24 x + 0.0 (901 voxels, peak = 72), gca=71.6
gca peak = 0.11957 (102)
mri peak = 0.11340 (106)
Right_Cerebral_White_Matter (41): linear fit = 1.07 x + 0.0 (55350 voxels, overlap=0.505)
Right_Cerebral_White_Matter (41): linear fit = 1.07 x + 0.0 (55350 voxels, peak = 109), gca=108.6
gca peak = 0.11429 (102)
mri peak = 0.12374 (106)
Left_Cerebral_White_Matter (2): linear fit = 1.07 x + 0.0 (58261 voxels, overlap=0.521)
Left_Cerebral_White_Matter (2): linear fit = 1.07 x + 0.0 (58261 voxels, peak = 109), gca=108.6
gca peak = 0.14521 (59)
mri peak = 0.04475 (68)
Left_Cerebral_Cortex (3): linear fit = 1.20 x + 0.0 (21365 voxels, overlap=0.167)
Left_Cerebral_Cortex (3): linear fit = 1.20 x + 0.0 (21365 voxels, peak = 71), gca=70.5
gca peak = 0.14336 (58)
mri peak = 0.04284 (75)
Right_Cerebral_Cortex (42): linear fit = 1.23 x + 0.0 (20295 voxels, overlap=0.011)
Right_Cerebral_Cortex (42): linear fit = 1.23 x + 0.0 (20295 voxels, peak = 71), gca=71.1
gca peak = 0.13305 (70)
mri peak = 0.21987 (80)
Right_Caudate (50): linear fit = 1.22 x + 0.0 (628 voxels, overlap=0.011)
Right_Caudate (50): linear fit = 1.22 x + 0.0 (628 voxels, peak = 85), gca=85.1
gca peak = 0.15761 (71)
mri peak = 0.09490 (87)
Left_Caudate (11): linear fit = 1.15 x + 0.0 (909 voxels, overlap=0.111)
Left_Caudate (11): linear fit = 1.15 x + 0.0 (909 voxels, peak = 82), gca=82.0
gca peak = 0.13537 (57)
mri peak = 0.05713 (68)
Left_Cerebellum_Cortex (8): linear fit = 1.24 x + 0.0 (23618 voxels, overlap=0.042)
Left_Cerebellum_Cortex (8): linear fit = 1.24 x + 0.0 (23618 voxels, peak = 70), gca=70.4
gca peak = 0.13487 (56)
mri peak = 0.06576 (68)
Right_Cerebellum_Cortex (47): linear fit = 1.26 x + 0.0 (27915 voxels, overlap=0.006)
Right_Cerebellum_Cortex (47): linear fit = 1.26 x + 0.0 (27915 voxels, peak = 71), gca=70.8
gca peak = 0.19040 (84)
mri peak = 0.09340 (89)
Left_Cerebellum_White_Matter (7): linear fit = 1.09 x + 0.0 (9107 voxels, overlap=0.542)
Left_Cerebellum_White_Matter (7): linear fit = 1.09 x + 0.0 (9107 voxels, peak = 91), gca=91.1
gca peak = 0.18871 (83)
mri peak = 0.13079 (88)
Right_Cerebellum_White_Matter (46): linear fit = 1.04 x + 0.0 (8009 voxels, overlap=0.742)
Right_Cerebellum_White_Matter (46): linear fit = 1.04 x + 0.0 (8009 voxels, peak = 87), gca=86.7
gca peak = 0.24248 (57)
mri peak = 0.14000 (73)
Left_Amygdala (18): linear fit = 1.26 x + 0.0 (392 voxels, overlap=0.049)
Left_Amygdala (18): linear fit = 1.26 x + 0.0 (392 voxels, peak = 72), gca=72.1
gca peak = 0.35833 (56)
mri peak = 0.15041 (74)
Right_Amygdala (54): linear fit = 1.29 x + 0.0 (490 voxels, overlap=0.032)
Right_Amygdala (54): linear fit = 1.29 x + 0.0 (490 voxels, peak = 73), gca=72.5
gca peak = 0.12897 (85)
mri peak = 0.09724 (92)
Left_Thalamus (10): linear fit = 1.07 x + 0.0 (5132 voxels, overlap=0.861)
Left_Thalamus (10): linear fit = 1.07 x + 0.0 (5132 voxels, peak = 91), gca=90.5
gca peak = 0.13127 (83)
mri peak = 0.08646 (87)
Right_Thalamus (49): linear fit = 1.07 x + 0.0 (3782 voxels, overlap=0.816)
Right_Thalamus (49): linear fit = 1.07 x + 0.0 (3782 voxels, peak = 88), gca=88.4
gca peak = 0.12974 (78)
mri peak = 0.08491 (91)
Left_Putamen (12): linear fit = 1.14 x + 0.0 (2249 voxels, overlap=0.076)
Left_Putamen (12): linear fit = 1.14 x + 0.0 (2249 voxels, peak = 89), gca=89.3
gca peak = 0.17796 (79)
mri peak = 0.08768 (94)
Right_Putamen (51): linear fit = 1.14 x + 0.0 (2241 voxels, overlap=0.058)
Right_Putamen (51): linear fit = 1.14 x + 0.0 (2241 voxels, peak = 90), gca=90.5
gca peak = 0.10999 (80)
mri peak = 0.11179 (86)
Brain_Stem (16): linear fit = 1.10 x + 0.0 (12266 voxels, overlap=0.318)
Brain_Stem (16): linear fit = 1.10 x + 0.0 (12266 voxels, peak = 88), gca=87.6
gca peak = 0.13215 (88)
mri peak = 0.10915 (94)
Right_VentralDC (60): linear fit = 1.09 x + 0.0 (1459 voxels, overlap=0.421)
Right_VentralDC (60): linear fit = 1.09 x + 0.0 (1459 voxels, peak = 95), gca=95.5
gca peak = 0.11941 (89)
mri peak = 0.11361 (95)
Left_VentralDC (28): linear fit = 1.07 x + 0.0 (1501 voxels, overlap=0.447)
Left_VentralDC (28): linear fit = 1.07 x + 0.0 (1501 voxels, peak = 95), gca=94.8
gca peak = 0.20775 (25)
mri peak = 0.19211 (26)
gca peak = 0.13297 (21)
mri peak = 0.17068 (23)
Fourth_Ventricle (15): linear fit = 1.36 x + 0.0 (380 voxels, overlap=0.402)
Fourth_Ventricle (15): linear fit = 1.36 x + 0.0 (380 voxels, peak = 28), gca=28.5
gca peak Unknown = 0.94777 ( 0)
gca peak Left_Inf_Lat_Vent = 0.19087 (28)
gca peak Third_Ventricle = 0.20775 (25)
gca peak CSF = 0.16821 (33)
gca peak Left_Accumbens_area = 0.32850 (63)
gca peak Left_undetermined = 0.98480 (28)
gca peak Left_vessel = 0.40887 (53)
gca peak Left_choroid_plexus = 0.10898 (46)
gca peak Right_Inf_Lat_Vent = 0.17798 (26)
gca peak Right_Accumbens_area = 0.30137 (64)
gca peak Right_vessel = 0.47828 (52)
gca peak Right_choroid_plexus = 0.11612 (45)
gca peak Fifth_Ventricle = 0.59466 (35)
gca peak WM_hypointensities = 0.10053 (78)
gca peak non_WM_hypointensities = 0.07253 (60)
gca peak Optic_Chiasm = 0.25330 (73)
not using caudate to estimate GM means
estimating mean gm scale to be 1.25 x + 0.0
estimating mean wm scale to be 1.07 x + 0.0
estimating mean csf scale to be 1.34 x + 0.0
saving intensity scales to talairach.label_intensities.txt
GCAmapRenormalizeWithAlignment() took 2.09137 min
noneg pre
Starting GCAMregister()
label assignment complete, 0 changed (0.00%)
npasses = 1, nlevels = 6
#pass# 1 of 1 ************************
enabling zero nodes
setting smoothness cost coefficient to 0.008

#GCAMreg# pass 0 level1 5 level2 0 tsec 0 sigma 2
l_jacobian=1.00 l_label=1.00 l_log_likelihood=0.20 l_smoothness=0.01 
tol=5.00e-02, dt=5.00e-02, exp_k=20.0, momentum=0.90, levels=6, niter=500, lbl_dist=10.00, avgs=256, sigma=2.0,type=2, relabel=0, neg=no

blurring input image with Gaussian with sigma=2.000...
GCAMRegisterLevel(): init RMS 0.749601
#FOTS# QuadFit found better minimum quadopt=(dt=151.886,rms=0.718281) vs oldopt=(dt=92.48,rms=0.723296)
#GCMRL#   86 dt 151.886040 rms  0.718  4.178% neg 0  invalid 762 tFOTS 3.8730 tGradient 2.1160 tsec 6.2910
#GCMRL#   87 dt 369.920000 rms  0.706  1.696% neg 0  invalid 762 tFOTS 3.6320 tGradient 1.9150 tsec 5.8340
#FOTS# QuadFit found better minimum quadopt=(dt=110.976,rms=0.702654) vs oldopt=(dt=92.48,rms=0.702791)
#GCMRL#   88 dt 110.976000 rms  0.703  0.488% neg 0  invalid 762 tFOTS 3.8770 tGradient 1.8880 tsec 6.0780
#FOTS# QuadFit found better minimum quadopt=(dt=517.888,rms=0.697893) vs oldopt=(dt=369.92,rms=0.698323)
#GCMRL#   89 dt 517.888000 rms  0.698  0.678% neg 0  invalid 762 tFOTS 3.9390 tGradient 1.9350 tsec 6.1750
#FOTS# QuadFit found better minimum quadopt=(dt=110.976,rms=0.695042) vs oldopt=(dt=92.48,rms=0.695181)
#GCMRL#   90 dt 110.976000 rms  0.695  0.408% neg 0  invalid 762 tFOTS 4.0180 tGradient 1.9560 tsec 6.2550
#FOTS# QuadFit found better minimum quadopt=(dt=443.904,rms=0.692124) vs oldopt=(dt=369.92,rms=0.692203)
#GCMRL#   91 dt 443.904000 rms  0.692  0.420% neg 0  invalid 762 tFOTS 3.6870 tGradient 1.8980 tsec 5.8720
#GCMRL#   92 dt  92.480000 rms  0.690  0.240% neg 0  invalid 762 tFOTS 3.7610 tGradient 2.0360 tsec 6.1030
#FOTS# QuadFit found better minimum quadopt=(dt=2071.55,rms=0.684269) vs oldopt=(dt=1479.68,rms=0.68462)
#GCMRL#   93 dt 2071.552000 rms  0.684  0.897% neg 0  invalid 762 tFOTS 3.7830 tGradient 1.9740 tsec 6.0710
#FOTS# QuadFit found better minimum quadopt=(dt=129.472,rms=0.679344) vs oldopt=(dt=92.48,rms=0.679901)
#GCMRL#   94 dt 129.472000 rms  0.679  0.720% neg 0  invalid 762 tFOTS 3.9140 tGradient 2.0900 tsec 6.3240
#FOTS# QuadFit found better minimum quadopt=(dt=129.472,rms=0.67856) vs oldopt=(dt=92.48,rms=0.67864)
#GCMRL#   95 dt 129.472000 rms  0.679  0.115% neg 0  invalid 762 tFOTS 3.8180 tGradient 2.0040 tsec 6.1480
#FOTS# QuadFit found better minimum quadopt=(dt=221.952,rms=0.677938) vs oldopt=(dt=369.92,rms=0.678101)
#GCMRL#   96 dt 221.952000 rms  0.678  0.092% neg 0  invalid 762 tFOTS 3.9770 tGradient 2.0500 tsec 6.3210
#FOTS# QuadFit found better minimum quadopt=(dt=129.472,rms=0.677357) vs oldopt=(dt=92.48,rms=0.677447)
#GCMRL#   97 dt 129.472000 rms  0.677  0.086% neg 0  invalid 762 tFOTS 3.8410 tGradient 1.9740 tsec 6.1150
#FOTS# QuadFit found better minimum quadopt=(dt=295.936,rms=0.676714) vs oldopt=(dt=369.92,rms=0.676724)
#GCMRL#   98 dt 295.936000 rms  0.677  0.095% neg 0  invalid 762 tFOTS 3.8880 tGradient 2.1790 tsec 6.3820
#FOTS# QuadFit found better minimum quadopt=(dt=129.472,rms=0.676042) vs oldopt=(dt=92.48,rms=0.676106)
#GCMRL#   99 dt 129.472000 rms  0.676  0.099% neg 0  invalid 762 tFOTS 3.8440 tGradient 1.9800 tsec 6.1470
#FOTS# QuadFit found better minimum quadopt=(dt=129.472,rms=0.675659) vs oldopt=(dt=92.48,rms=0.675745)
#GCMRL#  100 dt 129.472000 rms  0.676  0.057% neg 0  invalid 762 tFOTS 3.9340 tGradient 1.9900 tsec 6.2250
#FOTS# QuadFit found better minimum quadopt=(dt=517.888,rms=0.674533) vs oldopt=(dt=369.92,rms=0.674727)
#GCMRL#  101 dt 517.888000 rms  0.675  0.167% neg 0  invalid 762 tFOTS 4.0810 tGradient 2.0230 tsec 6.4240
#FOTS# QuadFit found better minimum quadopt=(dt=110.976,rms=0.673868) vs oldopt=(dt=92.48,rms=0.673886)
#GCMRL#  102 dt 110.976000 rms  0.674  0.099% neg 0  invalid 762 tFOTS 3.7710 tGradient 2.0240 tsec 6.1110
#GCMRL#  103 dt 369.920000 rms  0.673  0.101% neg 0  invalid 762 tFOTS 4.0180 tGradient 1.9810 tsec 6.3140
#FOTS# QuadFit found better minimum quadopt=(dt=110.976,rms=0.672603) vs oldopt=(dt=92.48,rms=0.672623)
#GCMRL#  104 dt 110.976000 rms  0.673  0.087% neg 0  invalid 762 tFOTS 3.8050 tGradient 1.9790 tsec 6.0940
#FOTS# QuadFit found better minimum quadopt=(dt=443.904,rms=0.671929) vs oldopt=(dt=369.92,rms=0.671947)
#GCMRL#  105 dt 443.904000 rms  0.672  0.100% neg 0  invalid 762 tFOTS 4.4640 tGradient 2.3280 tsec 7.1170
#FOTS# QuadFit found better minimum quadopt=(dt=110.976,rms=0.671234) vs oldopt=(dt=92.48,rms=0.671252)
#GCMRL#  106 dt 110.976000 rms  0.671  0.103% neg 0  invalid 762 tFOTS 3.7030 tGradient 1.9140 tsec 5.9270
#FOTS# QuadFit found better minimum quadopt=(dt=295.936,rms=0.670763) vs oldopt=(dt=369.92,rms=0.670763)
#GCMRL#  107 dt 295.936000 rms  0.671  0.070% neg 0  invalid 762 tFOTS 3.8960 tGradient 1.9890 tsec 6.1910
#FOTS# QuadFit found better minimum quadopt=(dt=129.472,rms=0.67027) vs oldopt=(dt=92.48,rms=0.670318)
#GCMRL#  108 dt 129.472000 rms  0.670  0.073% neg 0  invalid 762 tFOTS 3.7470 tGradient 1.9490 tsec 6.0040
#FOTS# QuadFit found better minimum quadopt=(dt=221.952,rms=0.669877) vs oldopt=(dt=369.92,rms=0.669966)
#GCMRL#  109 dt 221.952000 rms  0.670  0.059% neg 0  invalid 762 tFOTS 3.9680 tGradient 1.9480 tsec 6.2310
#FOTS# QuadFit found better minimum quadopt=(dt=129.472,rms=0.669478) vs oldopt=(dt=92.48,rms=0.669534)
#GCMRL#  110 dt 129.472000 rms  0.669  0.059% neg 0  invalid 762 tFOTS 4.4190 tGradient 1.9790 tsec 6.7320
#GCMRL#  111 dt 369.920000 rms  0.669  0.070% neg 0  invalid 762 tFOTS 4.4190 tGradient 2.1170 tsec 6.8960
#FOTS# QuadFit found better minimum quadopt=(dt=110.976,rms=0.668448) vs oldopt=(dt=92.48,rms=0.668464)
#GCMRL#  112 dt 110.976000 rms  0.668  0.083% neg 0  invalid 762 tFOTS 4.2070 tGradient 2.1620 tsec 6.7070
#GCMRL#  113 dt 369.920000 rms  0.668  0.073% neg 0  invalid 762 tFOTS 4.4960 tGradient 2.0840 tsec 6.9140
#FOTS# QuadFit found better minimum quadopt=(dt=110.976,rms=0.667471) vs oldopt=(dt=92.48,rms=0.667488)
#GCMRL#  114 dt 110.976000 rms  0.667  0.073% neg 0  invalid 762 tFOTS 4.2980 tGradient 2.0840 tsec 6.7630
#GCMRL#  115 dt 369.920000 rms  0.667  0.070% neg 0  invalid 762 tFOTS 4.4450 tGradient 2.2280 tsec 7.0040
#FOTS# QuadFit found better minimum quadopt=(dt=110.976,rms=0.666562) vs oldopt=(dt=92.48,rms=0.666584)
#GCMRL#  116 dt 110.976000 rms  0.667  0.066% neg 0  invalid 762 tFOTS 4.2170 tGradient 2.0440 tsec 6.5980
#FOTS# QuadFit found better minimum quadopt=(dt=443.904,rms=0.666072) vs oldopt=(dt=369.92,rms=0.666078)
#GCMRL#  117 dt 443.904000 rms  0.666  0.074% neg 0  invalid 762 tFOTS 4.4660 tGradient 2.1620 tsec 6.9810
#FOTS# QuadFit found better minimum quadopt=(dt=110.976,rms=0.665566) vs oldopt=(dt=92.48,rms=0.665576)
#GCMRL#  118 dt 110.976000 rms  0.666  0.076% neg 0  invalid 762 tFOTS 4.1100 tGradient 1.9930 tsec 6.4660
#FOTS# QuadFit found better minimum quadopt=(dt=295.936,rms=0.665172) vs oldopt=(dt=369.92,rms=0.665182)
#GCMRL#  119 dt 295.936000 rms  0.665  0.059% neg 0  invalid 762 tFOTS 4.5480 tGradient 2.4150 tsec 7.2980
#FOTS# QuadFit found better minimum quadopt=(dt=129.472,rms=0.664836) vs oldopt=(dt=92.48,rms=0.664863)
#GCMRL#  120 dt 129.472000 rms  0.665  0.051% neg 0  invalid 762 tFOTS 4.3780 tGradient 2.0910 tsec 6.7950
#FOTS# QuadFit found better minimum quadopt=(dt=221.952,rms=0.664523) vs oldopt=(dt=369.92,rms=0.664625)
#GCMRL#  121 dt 221.952000 rms  0.665  0.000% neg 0  invalid 762 tFOTS 4.9390 tGradient 2.0390 tsec 7.3720
#GCMRL#  122 dt 221.952000 rms  0.664  0.037% neg 0  invalid 762 tFOTS 0.0000 tGradient 2.5500 tsec 2.9060
#GCMRL#  123 dt 221.952000 rms  0.663  0.132% neg 0  invalid 762 tFOTS 0.0000 tGradient 2.3000 tsec 2.6090
#GCMRL#  124 dt 221.952000 rms  0.663  0.122% neg 0  invalid 762 tFOTS 0.0000 tGradient 2.0570 tsec 2.3460
#GCMRL#  125 dt 221.952000 rms  0.661  0.187% neg 0  invalid 762 tFOTS 0.0000 tGradient 2.0500 tsec 2.3590
#GCMRL#  126 dt 221.952000 rms  0.660  0.198% neg 0  invalid 762 tFOTS 0.0000 tGradient 2.0280 tsec 2.3370
#GCMRL#  127 dt 221.952000 rms  0.659  0.181% neg 0  invalid 762 tFOTS 0.0000 tGradient 2.0120 tsec 2.3190
#GCMRL#  128 dt 221.952000 rms  0.657  0.239% neg 0  invalid 762 tFOTS 0.0000 tGradient 2.1020 tsec 2.3890
#GCMRL#  129 dt 221.952000 rms  0.656  0.186% neg 0  invalid 762 tFOTS 0.0000 tGradient 2.0370 tsec 2.3490
#GCMRL#  130 dt 221.952000 rms  0.655  0.169% neg 0  invalid 762 tFOTS 0.0000 tGradient 2.3870 tsec 2.7100
#GCMRL#  131 dt 221.952000 rms  0.654  0.175% neg 0  invalid 762 tFOTS 0.0000 tGradient 2.3730 tsec 2.6960
#GCMRL#  132 dt 221.952000 rms  0.653  0.129% neg 0  invalid 762 tFOTS 0.0000 tGradient 2.2020 tsec 2.4860
#GCMRL#  133 dt 221.952000 rms  0.652  0.127% neg 0  invalid 762 tFOTS 0.0000 tGradient 1.9930 tsec 2.2720
#GCMRL#  134 dt 221.952000 rms  0.651  0.140% neg 0  invalid 762 tFOTS 0.0000 tGradient 2.1280 tsec 2.4090
#GCMRL#  135 dt 221.952000 rms  0.650  0.123% neg 0  invalid 762 tFOTS 0.0000 tGradient 2.0640 tsec 2.3480
#GCMRL#  136 dt 221.952000 rms  0.650  0.106% neg 0  invalid 762 tFOTS 0.0000 tGradient 2.1940 tsec 2.4770
#GCMRL#  137 dt 221.952000 rms  0.649  0.095% neg 0  invalid 762 tFOTS 0.0000 tGradient 2.1250 tsec 2.4090
#GCMRL#  138 dt 221.952000 rms  0.648  0.120% neg 0  invalid 762 tFOTS 0.0000 tGradient 2.0890 tsec 2.3730
#GCMRL#  139 dt 221.952000 rms  0.648  0.106% neg 0  invalid 762 tFOTS 0.0000 tGradient 2.0870 tsec 2.3910
#GCMRL#  140 dt 221.952000 rms  0.647  0.100% neg 0  invalid 762 tFOTS 0.0000 tGradient 1.9900 tsec 2.2720
#GCMRL#  141 dt 221.952000 rms  0.646  0.118% neg 0  invalid 762 tFOTS 0.0000 tGradient 1.9800 tsec 2.2880
#GCMRL#  142 dt 221.952000 rms  0.646  0.102% neg 0  invalid 762 tFOTS 0.0000 tGradient 2.1490 tsec 2.4610
#GCMRL#  143 dt 221.952000 rms  0.645  0.100% neg 0  invalid 762 tFOTS 0.0000 tGradient 2.1160 tsec 2.4390
#GCMRL#  144 dt 221.952000 rms  0.644  0.097% neg 0  invalid 762 tFOTS 0.0000 tGradient 2.2030 tsec 2.5630
#GCMRL#  145 dt 221.952000 rms  0.644  0.082% neg 0  invalid 762 tFOTS 0.0000 tGradient 2.3350 tsec 2.6310
#GCMRL#  146 dt 221.952000 rms  0.643  0.087% neg 0  invalid 762 tFOTS 0.0000 tGradient 2.0830 tsec 2.4060
#GCMRL#  147 dt 221.952000 rms  0.643  0.077% neg 0  invalid 762 tFOTS 0.0000 tGradient 2.4860 tsec 2.7770
#GCMRL#  148 dt 221.952000 rms  0.642  0.077% neg 0  invalid 762 tFOTS 0.0000 tGradient 2.0180 tsec 2.3120
#GCMRL#  149 dt 221.952000 rms  0.642  0.081% neg 0  invalid 762 tFOTS 0.0000 tGradient 2.1290 tsec 2.4240
#GCMRL#  150 dt 221.952000 rms  0.641  0.074% neg 0  invalid 762 tFOTS 0.0000 tGradient 2.0180 tsec 2.3040
#GCMRL#  151 dt 221.952000 rms  0.641  0.067% neg 0  invalid 762 tFOTS 0.0000 tGradient 2.0180 tsec 2.3020
#GCMRL#  152 dt 221.952000 rms  0.640  0.071% neg 0  invalid 762 tFOTS 0.0000 tGradient 1.9550 tsec 2.2400
#GCMRL#  153 dt 221.952000 rms  0.640  0.068% neg 0  invalid 762 tFOTS 0.0000 tGradient 2.2240 tsec 2.5420
#GCMRL#  154 dt 221.952000 rms  0.639  0.066% neg 0  invalid 762 tFOTS 0.0000 tGradient 2.2340 tsec 2.5600
#GCMRL#  155 dt 221.952000 rms  0.639  0.063% neg 0  invalid 762 tFOTS 0.0000 tGradient 2.3100 tsec 2.6120
#GCMRL#  156 dt 221.952000 rms  0.639  0.062% neg 0  invalid 762 tFOTS 0.0000 tGradient 2.6250 tsec 2.9290
#GCMRL#  157 dt 221.952000 rms  0.638  0.057% neg 0  invalid 762 tFOTS 0.0000 tGradient 2.6590 tsec 2.9560
#GCMRL#  158 dt 221.952000 rms  0.638  0.054% neg 0  invalid 762 tFOTS 0.0000 tGradient 2.3650 tsec 2.6410
#GCMRL#  159 dt 221.952000 rms  0.638  0.063% neg 0  invalid 762 tFOTS 0.0000 tGradient 2.5920 tsec 2.8780
#GCMRL#  160 dt 221.952000 rms  0.637  0.060% neg 0  invalid 762 tFOTS 0.0000 tGradient 1.9740 tsec 2.2380
#GCMRL#  161 dt 221.952000 rms  0.637  0.053% neg 0  invalid 762 tFOTS 0.0000 tGradient 1.9920 tsec 2.2560
#GCMRL#  162 dt 221.952000 rms  0.637  0.050% neg 0  invalid 762 tFOTS 0.0000 tGradient 1.9870 tsec 2.2520
#GCMRL#  163 dt 221.952000 rms  0.636  0.053% neg 0  invalid 762 tFOTS 0.0000 tGradient 1.9930 tsec 2.2440
#GCMRL#  164 dt 221.952000 rms  0.636  0.052% neg 0  invalid 762 tFOTS 0.0000 tGradient 2.0880 tsec 2.3510
#GCMRL#  165 dt 221.952000 rms  0.636  0.050% neg 0  invalid 762 tFOTS 0.0000 tGradient 2.0940 tsec 2.3400
#GCMRL#  166 dt 221.952000 rms  0.635  0.042% neg 0  invalid 762 tFOTS 0.0000 tGradient 2.2630 tsec 2.5340
#GCMRL#  167 dt 221.952000 rms  0.635  0.042% neg 0  invalid 762 tFOTS 0.0000 tGradient 2.0490 tsec 2.3330
#GCMRL#  168 dt 221.952000 rms  0.635  0.047% neg 0  invalid 762 tFOTS 0.0000 tGradient 1.9980 tsec 2.2670
#GCMRL#  169 dt 221.952000 rms  0.634  0.042% neg 0  invalid 762 tFOTS 0.0000 tGradient 2.0370 tsec 2.3080
#GCMRL#  170 dt 221.952000 rms  0.634  0.046% neg 0  invalid 762 tFOTS 0.0000 tGradient 2.2830 tsec 2.5810
#GCMRL#  171 dt 221.952000 rms  0.634  0.040% neg 0  invalid 762 tFOTS 0.0000 tGradient 1.9810 tsec 2.3080
#GCMRL#  172 dt 221.952000 rms  0.634  0.044% neg 0  invalid 762 tFOTS 0.0000 tGradient 2.0170 tsec 2.3320
#GCMRL#  173 dt 221.952000 rms  0.633  0.043% neg 0  invalid 762 tFOTS 0.0000 tGradient 2.0290 tsec 2.3350
#GCMRL#  174 dt 221.952000 rms  0.633  0.039% neg 0  invalid 762 tFOTS 0.0000 tGradient 1.9570 tsec 2.2820
#GCMRL#  175 dt 221.952000 rms  0.633  0.037% neg 0  invalid 762 tFOTS 0.0000 tGradient 2.0430 tsec 2.3350
#GCMRL#  176 dt 221.952000 rms  0.633  0.040% neg 0  invalid 762 tFOTS 0.0000 tGradient 1.9730 tsec 2.3190
#GCMRL#  177 dt 221.952000 rms  0.632  0.038% neg 0  invalid 762 tFOTS 0.0000 tGradient 2.0190 tsec 2.2970
#GCMRL#  178 dt 221.952000 rms  0.632  0.032% neg 0  invalid 762 tFOTS 0.0000 tGradient 1.9660 tsec 2.2850
#GCMRL#  179 dt 221.952000 rms  0.632  0.031% neg 0  invalid 762 tFOTS 0.0000 tGradient 2.0210 tsec 2.3040
#GCMRL#  180 dt 221.952000 rms  0.632  0.033% neg 0  invalid 762 tFOTS 0.0000 tGradient 2.1350 tsec 2.4540
#GCMRL#  181 dt 221.952000 rms  0.632  0.033% neg 0  invalid 762 tFOTS 0.0000 tGradient 2.2130 tsec 2.5310
#GCMRL#  182 dt 221.952000 rms  0.631  0.033% neg 0  invalid 762 tFOTS 0.0000 tGradient 2.2140 tsec 2.5080
#GCMRL#  183 dt 221.952000 rms  0.631  0.031% neg 0  invalid 762 tFOTS 0.0000 tGradient 1.9540 tsec 2.2270
#GCMRL#  184 dt 221.952000 rms  0.631  0.029% neg 0  invalid 762 tFOTS 0.0000 tGradient 1.9550 tsec 2.2400
#GCMRL#  185 dt 221.952000 rms  0.631  0.029% neg 0  invalid 762 tFOTS 0.0000 tGradient 1.8470 tsec 2.1260
#GCMRL#  186 dt 221.952000 rms  0.631  0.030% neg 0  invalid 762 tFOTS 0.0000 tGradient 1.8600 tsec 2.1390
#GCMRL#  187 dt 221.952000 rms  0.630  0.028% neg 0  invalid 762 tFOTS 0.0000 tGradient 1.9330 tsec 2.1960
#GCMRL#  188 dt 221.952000 rms  0.630  0.029% neg 0  invalid 762 tFOTS 0.0000 tGradient 1.9140 tsec 2.1850
#GCMRL#  189 dt 221.952000 rms  0.630  0.024% neg 0  invalid 762 tFOTS 0.0000 tGradient 2.2300 tsec 2.5230
#GCMRL#  190 dt 221.952000 rms  0.630  0.025% neg 0  invalid 762 tFOTS 0.0000 tGradient 2.0780 tsec 2.3930
#GCMRL#  191 dt 221.952000 rms  0.630  0.026% neg 0  invalid 762 tFOTS 0.0000 tGradient 2.1590 tsec 2.4300
#GCMRL#  192 dt 221.952000 rms  0.630  0.022% neg 0  invalid 762 tFOTS 0.0000 tGradient 1.9080 tsec 2.1960
#GCMRL#  193 dt 221.952000 rms  0.629  0.027% neg 0  invalid 762 tFOTS 0.0000 tGradient 2.1870 tsec 2.4850
#GCMRL#  194 dt 221.952000 rms  0.629  0.023% neg 0  invalid 762 tFOTS 0.0000 tGradient 1.9570 tsec 2.2530
#GCMRL#  195 dt 221.952000 rms  0.629  0.020% neg 0  invalid 762 tFOTS 0.0000 tGradient 2.2640 tsec 2.5990
#GCMRL#  196 dt 1479.680000 rms  0.629  0.029% neg 0  invalid 762 tFOTS 4.5660 tGradient 2.0410 tsec 6.8960
#FOTS# QuadFit found better minimum quadopt=(dt=32.368,rms=0.629028) vs oldopt=(dt=23.12,rms=0.629034)

#GCAMreg# pass 0 level1 5 level2 1 tsec 431.898 sigma 0.5
l_jacobian=1.00 l_label=1.00 l_log_likelihood=0.20 l_smoothness=0.01 
tol=5.00e-02, dt=5.00e-02, exp_k=20.0, momentum=0.90, levels=6, niter=500, lbl_dist=10.00, avgs=256, sigma=0.5,type=2, relabel=0, neg=no

blurring input image with Gaussian with sigma=0.500...
GCAMRegisterLevel(): init RMS 0.62942
#FOTS# QuadFit found better minimum quadopt=(dt=129.472,rms=0.628622) vs oldopt=(dt=92.48,rms=0.628679)
#GCMRL#  198 dt 129.472000 rms  0.629  0.127% neg 0  invalid 762 tFOTS 4.2380 tGradient 2.2330 tsec 6.7990
#FOTS# QuadFit found better minimum quadopt=(dt=517.888,rms=0.627738) vs oldopt=(dt=369.92,rms=0.627876)
#GCMRL#  199 dt 517.888000 rms  0.628  0.141% neg 0  invalid 762 tFOTS 4.1660 tGradient 1.8690 tsec 6.3700
#FOTS# QuadFit found better minimum quadopt=(dt=73.984,rms=0.627725) vs oldopt=(dt=92.48,rms=0.627727)
#GCMRL#  200 dt  73.984000 rms  0.628  0.000% neg 0  invalid 762 tFOTS 4.1630 tGradient 1.9290 tsec 6.4100
#GCMRL#  201 dt  73.984000 rms  0.628  0.007% neg 0  invalid 762 tFOTS 0.0000 tGradient 1.9440 tsec 2.2090
#GCMRL#  202 dt  73.984000 rms  0.628  0.008% neg 0  invalid 762 tFOTS 0.0000 tGradient 2.2720 tsec 2.5660
#GCMRL#  203 dt  73.984000 rms  0.628  0.015% neg 0  invalid 762 tFOTS 0.0000 tGradient 1.7640 tsec 2.0820
#GCMRL#  204 dt  73.984000 rms  0.627  0.020% neg 0  invalid 762 tFOTS 0.0000 tGradient 2.2590 tsec 2.5320
#GCMRL#  205 dt  73.984000 rms  0.627  0.025% neg 0  invalid 762 tFOTS 0.0000 tGradient 1.9010 tsec 2.1960
#GCMRL#  206 dt  73.984000 rms  0.627  0.025% neg 0  invalid 762 tFOTS 0.0000 tGradient 1.9190 tsec 2.1820
#GCMRL#  207 dt  73.984000 rms  0.627  0.025% neg 0  invalid 762 tFOTS 0.0000 tGradient 1.8540 tsec 2.1760
#FOTS# QuadFit found better minimum quadopt=(dt=110.976,rms=0.626933) vs oldopt=(dt=92.48,rms=0.626933)
#GCMRL#  208 dt 110.976000 rms  0.627  0.000% neg 0  invalid 762 tFOTS 4.4180 tGradient 1.8780 tsec 6.6130
#GCMRL#  209 dt 110.976000 rms  0.627  0.005% neg 0  invalid 762 tFOTS 0.0000 tGradient 1.9960 tsec 2.2980
#GCMRL#  210 dt 110.976000 rms  0.627  0.008% neg 0  invalid 762 tFOTS 0.0000 tGradient 1.8570 tsec 2.1240
#GCMRL#  211 dt 110.976000 rms  0.627  0.011% neg 0  invalid 762 tFOTS 0.0000 tGradient 1.9170 tsec 2.2030
#GCMRL#  212 dt 110.976000 rms  0.627  0.013% neg 0  invalid 762 tFOTS 0.0000 tGradient 1.9000 tsec 2.1610
#GCMRL#  213 dt 110.976000 rms  0.627  0.017% neg 0  invalid 762 tFOTS 0.0000 tGradient 1.9720 tsec 2.2720
#GCMRL#  214 dt 110.976000 rms  0.626  0.016% neg 0  invalid 762 tFOTS 0.0000 tGradient 1.8440 tsec 2.1110
setting smoothness cost coefficient to 0.031

#GCAMreg# pass 0 level1 4 level2 0 tsec 0 sigma 2
l_jacobian=1.00 l_label=1.00 l_log_likelihood=0.20 l_smoothness=0.03 
tol=5.00e-02, dt=5.00e-02, exp_k=20.0, momentum=0.90, levels=6, niter=500, lbl_dist=10.00, avgs=64, sigma=2.0,type=2, relabel=0, neg=no

blurring input image with Gaussian with sigma=2.000...
GCAMRegisterLevel(): init RMS 0.629419
#FOTS# QuadFit found better minimum quadopt=(dt=145.152,rms=0.62527) vs oldopt=(dt=103.68,rms=0.625807)
#GCMRL#  216 dt 145.152000 rms  0.625  0.659% neg 0  invalid 762 tFOTS 3.3050 tGradient 1.5760 tsec 5.2150
#FOTS# QuadFit found better minimum quadopt=(dt=331.776,rms=0.617263) vs oldopt=(dt=414.72,rms=0.618249)
#GCMRL#  217 dt 331.776000 rms  0.617  1.280% neg 0  invalid 762 tFOTS 3.3390 tGradient 1.4860 tsec 5.1420
#FOTS# QuadFit found better minimum quadopt=(dt=72.4211,rms=0.612184) vs oldopt=(dt=25.92,rms=0.613626)
#GCMRL#  218 dt  72.421053 rms  0.612  0.823% neg 0  invalid 762 tFOTS 3.5580 tGradient 1.4270 tsec 5.2870
#FOTS# QuadFit found better minimum quadopt=(dt=124.416,rms=0.6104) vs oldopt=(dt=103.68,rms=0.610467)
#GCMRL#  219 dt 124.416000 rms  0.610  0.291% neg 0  invalid 762 tFOTS 3.4080 tGradient 1.4390 tsec 5.1390
#FOTS# QuadFit found better minimum quadopt=(dt=97,rms=0.607931) vs oldopt=(dt=103.68,rms=0.60795)
#GCMRL#  220 dt  97.000000 rms  0.608  0.404% neg 0  invalid 762 tFOTS 3.4550 tGradient 1.4720 tsec 5.2520
#FOTS# QuadFit found better minimum quadopt=(dt=68.5714,rms=0.606787) vs oldopt=(dt=103.68,rms=0.607073)
#GCMRL#  221 dt  68.571429 rms  0.607  0.188% neg 0  invalid 762 tFOTS 3.5920 tGradient 1.5420 tsec 5.5200
#FOTS# QuadFit found better minimum quadopt=(dt=145.152,rms=0.60421) vs oldopt=(dt=103.68,rms=0.604696)
#GCMRL#  222 dt 145.152000 rms  0.604  0.425% neg 0  invalid 762 tFOTS 3.4950 tGradient 1.5210 tsec 5.3290
#FOTS# QuadFit found better minimum quadopt=(dt=63.6908,rms=0.603366) vs oldopt=(dt=103.68,rms=0.603673)
#GCMRL#  223 dt  63.690821 rms  0.603  0.140% neg 0  invalid 762 tFOTS 3.6870 tGradient 1.4720 tsec 5.4360
#FOTS# QuadFit found better minimum quadopt=(dt=331.776,rms=0.600339) vs oldopt=(dt=414.72,rms=0.600645)
#GCMRL#  224 dt 331.776000 rms  0.600  0.502% neg 0  invalid 762 tFOTS 3.4920 tGradient 1.4900 tsec 5.2780
#FOTS# QuadFit found better minimum quadopt=(dt=55.3846,rms=0.598346) vs oldopt=(dt=25.92,rms=0.598729)
#GCMRL#  225 dt  55.384615 rms  0.598  0.332% neg 0  invalid 762 tFOTS 3.7200 tGradient 1.8170 tsec 5.8240
#FOTS# QuadFit found better minimum quadopt=(dt=145.152,rms=0.596651) vs oldopt=(dt=103.68,rms=0.596946)
#GCMRL#  226 dt 145.152000 rms  0.597  0.283% neg 0  invalid 762 tFOTS 3.2860 tGradient 1.4400 tsec 5.0230
#FOTS# QuadFit found better minimum quadopt=(dt=65.9394,rms=0.595988) vs oldopt=(dt=103.68,rms=0.596157)
#GCMRL#  227 dt  65.939394 rms  0.596  0.111% neg 0  invalid 762 tFOTS 3.7310 tGradient 1.5170 tsec 5.5710
#FOTS# QuadFit found better minimum quadopt=(dt=248.832,rms=0.594235) vs oldopt=(dt=414.72,rms=0.594819)
#GCMRL#  228 dt 248.832000 rms  0.594  0.294% neg 0  invalid 762 tFOTS 3.4650 tGradient 1.6950 tsec 5.4750
#FOTS# QuadFit found better minimum quadopt=(dt=36.288,rms=0.593181) vs oldopt=(dt=25.92,rms=0.593353)
#GCMRL#  229 dt  36.288000 rms  0.593  0.177% neg 0  invalid 762 tFOTS 3.5920 tGradient 1.5470 tsec 5.4360
#FOTS# QuadFit found better minimum quadopt=(dt=145.152,rms=0.592302) vs oldopt=(dt=103.68,rms=0.592443)
#GCMRL#  230 dt 145.152000 rms  0.592  0.148% neg 0  invalid 762 tFOTS 4.1810 tGradient 1.5160 tsec 6.0430
#GCMRL#  231 dt 103.680000 rms  0.591  0.175% neg 0  invalid 762 tFOTS 4.0540 tGradient 1.5640 tsec 5.9530
#FOTS# QuadFit found better minimum quadopt=(dt=36.288,rms=0.590797) vs oldopt=(dt=25.92,rms=0.590881)
#GCMRL#  232 dt  36.288000 rms  0.591  0.079% neg 0  invalid 762 tFOTS 3.6760 tGradient 1.7390 tsec 5.7810
#FOTS# QuadFit found better minimum quadopt=(dt=580.608,rms=0.588742) vs oldopt=(dt=414.72,rms=0.588867)
#GCMRL#  233 dt 580.608000 rms  0.589  0.348% neg 0  invalid 762 tFOTS 3.7610 tGradient 1.6670 tsec 5.7630
#FOTS# QuadFit found better minimum quadopt=(dt=67.6364,rms=0.586198) vs oldopt=(dt=25.92,rms=0.586805)
#GCMRL#  234 dt  67.636364 rms  0.586  0.432% neg 0  invalid 762 tFOTS 4.2230 tGradient 1.7630 tsec 6.3040
#FOTS# QuadFit found better minimum quadopt=(dt=36.288,rms=0.585762) vs oldopt=(dt=25.92,rms=0.585827)
#GCMRL#  235 dt  36.288000 rms  0.586  0.074% neg 0  invalid 762 tFOTS 3.6000 tGradient 1.4590 tsec 5.3480
#GCMRL#  236 dt 414.720000 rms  0.584  0.218% neg 0  invalid 762 tFOTS 3.9320 tGradient 1.4710 tsec 5.6950
#FOTS# QuadFit found better minimum quadopt=(dt=36.288,rms=0.583078) vs oldopt=(dt=25.92,rms=0.583351)
#GCMRL#  237 dt  36.288000 rms  0.583  0.241% neg 0  invalid 762 tFOTS 4.0430 tGradient 1.4760 tsec 5.8120
#FOTS# QuadFit found better minimum quadopt=(dt=145.152,rms=0.582303) vs oldopt=(dt=103.68,rms=0.58244)
#GCMRL#  238 dt 145.152000 rms  0.582  0.133% neg 0  invalid 762 tFOTS 4.0840 tGradient 1.5540 tsec 5.9650
#FOTS# QuadFit found better minimum quadopt=(dt=36.288,rms=0.582003) vs oldopt=(dt=25.92,rms=0.582062)
#GCMRL#  239 dt  36.288000 rms  0.582  0.051% neg 0  invalid 762 tFOTS 4.2120 tGradient 1.5000 tsec 6.0290
#FOTS# QuadFit found better minimum quadopt=(dt=580.608,rms=0.579913) vs oldopt=(dt=414.72,rms=0.580273)
#GCMRL#  240 dt 580.608000 rms  0.580  0.359% neg 0  invalid 762 tFOTS 4.1350 tGradient 1.4610 tsec 5.8930
#FOTS# QuadFit found better minimum quadopt=(dt=36.288,rms=0.578784) vs oldopt=(dt=25.92,rms=0.579002)
#GCMRL#  241 dt  36.288000 rms  0.579  0.195% neg 0  invalid 762 tFOTS 4.1650 tGradient 1.4910 tsec 5.9720
#FOTS# QuadFit found better minimum quadopt=(dt=145.152,rms=0.578355) vs oldopt=(dt=103.68,rms=0.57838)
#GCMRL#  242 dt 145.152000 rms  0.578  0.074% neg 0  invalid 762 tFOTS 3.7560 tGradient 1.4820 tsec 5.5090
#FOTS# QuadFit found better minimum quadopt=(dt=62.208,rms=0.577879) vs oldopt=(dt=103.68,rms=0.57799)
#GCMRL#  243 dt  62.208000 rms  0.578  0.082% neg 0  invalid 762 tFOTS 3.9490 tGradient 1.4010 tsec 5.6480
#FOTS# QuadFit found better minimum quadopt=(dt=331.776,rms=0.576921) vs oldopt=(dt=414.72,rms=0.577027)
#GCMRL#  244 dt 331.776000 rms  0.577  0.166% neg 0  invalid 762 tFOTS 3.7270 tGradient 1.4780 tsec 5.5030
#FOTS# QuadFit found better minimum quadopt=(dt=36.288,rms=0.576185) vs oldopt=(dt=25.92,rms=0.576287)
#GCMRL#  245 dt  36.288000 rms  0.576  0.128% neg 0  invalid 762 tFOTS 3.9000 tGradient 1.4850 tsec 5.6540
#FOTS# QuadFit found better minimum quadopt=(dt=124.416,rms=0.575879) vs oldopt=(dt=103.68,rms=0.575891)
#GCMRL#  246 dt 124.416000 rms  0.576  0.053% neg 0  invalid 762 tFOTS 4.1730 tGradient 1.4700 tsec 5.9580
#GCMRL#  247 dt 103.680000 rms  0.575  0.100% neg 0  invalid 762 tFOTS 3.8850 tGradient 1.7190 tsec 5.8950
#FOTS# QuadFit found better minimum quadopt=(dt=36.288,rms=0.575092) vs oldopt=(dt=25.92,rms=0.575126)
#GCMRL#  248 dt  36.288000 rms  0.575  0.000% neg 0  invalid 762 tFOTS 4.2350 tGradient 1.4880 tsec 6.0370
#GCMRL#  249 dt  36.288000 rms  0.575  0.024% neg 0  invalid 762 tFOTS 0.0000 tGradient 1.4530 tsec 1.7020
#GCMRL#  250 dt  36.288000 rms  0.575  0.044% neg 0  invalid 762 tFOTS 0.0000 tGradient 1.4960 tsec 1.7610
#GCMRL#  251 dt  36.288000 rms  0.574  0.065% neg 0  invalid 762 tFOTS 0.0000 tGradient 1.4830 tsec 1.7340
#GCMRL#  252 dt  36.288000 rms  0.574  0.083% neg 0  invalid 762 tFOTS 0.0000 tGradient 1.4970 tsec 1.7430
#GCMRL#  253 dt  36.288000 rms  0.573  0.099% neg 0  invalid 762 tFOTS 0.0000 tGradient 1.4600 tsec 1.7070
#GCMRL#  254 dt  36.288000 rms  0.573  0.112% neg 0  invalid 762 tFOTS 0.0000 tGradient 1.4790 tsec 1.7420
#GCMRL#  255 dt  36.288000 rms  0.572  0.119% neg 0  invalid 762 tFOTS 0.0000 tGradient 1.4700 tsec 1.7510
#GCMRL#  256 dt  36.288000 rms  0.571  0.124% neg 0  invalid 762 tFOTS 0.0000 tGradient 1.5030 tsec 1.7640
#GCMRL#  257 dt  36.288000 rms  0.571  0.129% neg 0  invalid 762 tFOTS 0.0000 tGradient 1.5570 tsec 1.8110
#GCMRL#  258 dt  36.288000 rms  0.570  0.129% neg 0  invalid 762 tFOTS 0.0000 tGradient 1.4560 tsec 1.7040
#GCMRL#  259 dt  36.288000 rms  0.569  0.136% neg 0  invalid 762 tFOTS 0.0000 tGradient 1.5030 tsec 1.7590
#GCMRL#  260 dt  36.288000 rms  0.568  0.139% neg 0  invalid 762 tFOTS 0.0000 tGradient 1.4590 tsec 1.7250
#GCMRL#  261 dt  36.288000 rms  0.567  0.136% neg 0  invalid 762 tFOTS 0.0000 tGradient 1.6800 tsec 1.9370
#GCMRL#  262 dt  36.288000 rms  0.567  0.011% neg 0  invalid 762 tFOTS 0.0000 tGradient 1.4220 tsec 1.8290
#GCMRL#  263 dt  36.288000 rms  0.567  0.026% neg 0  invalid 762 tFOTS 0.0000 tGradient 1.4760 tsec 1.7240
#GCMRL#  264 dt  36.288000 rms  0.567  0.041% neg 0  invalid 762 tFOTS 0.0000 tGradient 1.6080 tsec 1.8470
#GCMRL#  265 dt  36.288000 rms  0.567  0.050% neg 0  invalid 762 tFOTS 0.0000 tGradient 1.5130 tsec 1.8000
#GCMRL#  266 dt  36.288000 rms  0.566  0.064% neg 0  invalid 762 tFOTS 0.0000 tGradient 1.4810 tsec 1.7220
#GCMRL#  267 dt  36.288000 rms  0.566  0.069% neg 0  invalid 762 tFOTS 0.0000 tGradient 1.4790 tsec 1.7170
#GCMRL#  268 dt  36.288000 rms  0.566  0.072% neg 0  invalid 762 tFOTS 0.0000 tGradient 1.4210 tsec 1.6560
#GCMRL#  269 dt  36.288000 rms  0.565  0.076% neg 0  invalid 762 tFOTS 0.0000 tGradient 1.4550 tsec 1.7090
#GCMRL#  270 dt  36.288000 rms  0.565  0.084% neg 0  invalid 762 tFOTS 0.0000 tGradient 1.4920 tsec 1.7440
#GCMRL#  271 dt  36.288000 rms  0.564  0.091% neg 0  invalid 762 tFOTS 0.0000 tGradient 1.4800 tsec 1.7220
#GCMRL#  272 dt  36.288000 rms  0.564  0.094% neg 0  invalid 762 tFOTS 0.0000 tGradient 1.4400 tsec 1.6990
#GCMRL#  273 dt  36.288000 rms  0.563  0.095% neg 0  invalid 762 tFOTS 0.0000 tGradient 1.4510 tsec 1.6840
#GCMRL#  274 dt  36.288000 rms  0.563  0.094% neg 0  invalid 762 tFOTS 0.0000 tGradient 1.4920 tsec 1.7490
#GCMRL#  275 dt  18.144000 rms  0.563  0.004% neg 0  invalid 762 tFOTS 0.0000 tGradient 1.4270 tsec 1.9970
#GCMRL#  276 dt   9.072000 rms  0.562  0.003% neg 0  invalid 762 tFOTS 0.0000 tGradient 1.4590 tsec 2.0150
#FOTS# QuadFit found better minimum quadopt=(dt=0.567,rms=0.562491) vs oldopt=(dt=0.405,rms=0.562491)
#GCMRL#  277 dt   0.567000 rms  0.562  0.000% neg 0  invalid 762 tFOTS 3.0890 tGradient 1.4940 tsec 4.9330
#GCMRL#  278 dt   0.283500 rms  0.562  0.000% neg 0  invalid 762 tFOTS 0.0000 tGradient 1.6930 tsec 2.2480
#GCMRL#  279 dt   0.141750 rms  0.562  0.000% neg 0  invalid 762 tFOTS 0.0000 tGradient 1.4300 tsec 2.0040

#GCAMreg# pass 0 level1 4 level2 1 tsec 254.578 sigma 0.5
l_jacobian=1.00 l_label=1.00 l_log_likelihood=0.20 l_smoothness=0.03 
tol=5.00e-02, dt=5.00e-02, exp_k=20.0, momentum=0.90, levels=6, niter=500, lbl_dist=10.00, avgs=64, sigma=0.5,type=2, relabel=0, neg=no

blurring input image with Gaussian with sigma=0.500...
GCAMRegisterLevel(): init RMS 0.562982
#FOTS# QuadFit found better minimum quadopt=(dt=145.152,rms=0.559728) vs oldopt=(dt=103.68,rms=0.5602)
#GCMRL#  281 dt 145.152000 rms  0.560  0.578% neg 0  invalid 762 tFOTS 3.6990 tGradient 1.4540 tsec 5.4420
#FOTS# QuadFit found better minimum quadopt=(dt=36.288,rms=0.559475) vs oldopt=(dt=25.92,rms=0.559523)
#GCMRL#  282 dt  36.288000 rms  0.559  0.000% neg 0  invalid 762 tFOTS 3.9250 tGradient 1.4350 tsec 5.6460
#GCMRL#  283 dt  36.288000 rms  0.559  0.031% neg 0  invalid 762 tFOTS 0.0000 tGradient 1.7630 tsec 2.0180
#GCMRL#  284 dt  36.288000 rms  0.559  0.047% neg 0  invalid 762 tFOTS 0.0000 tGradient 1.5080 tsec 1.7660
#GCMRL#  285 dt  36.288000 rms  0.559  0.066% neg 0  invalid 762 tFOTS 0.0000 tGradient 1.4770 tsec 1.7180
#GCMRL#  286 dt  36.288000 rms  0.558  0.094% neg 0  invalid 762 tFOTS 0.0000 tGradient 1.4650 tsec 1.7090
#GCMRL#  287 dt  36.288000 rms  0.557  0.119% neg 0  invalid 762 tFOTS 0.0000 tGradient 1.5290 tsec 1.7980
#GCMRL#  288 dt  36.288000 rms  0.557  0.126% neg 0  invalid 762 tFOTS 0.0000 tGradient 1.8370 tsec 2.1150
#GCMRL#  289 dt  36.288000 rms  0.556  0.111% neg 0  invalid 762 tFOTS 0.0000 tGradient 1.7480 tsec 2.0200
#GCMRL#  290 dt  36.288000 rms  0.556  0.100% neg 0  invalid 762 tFOTS 0.0000 tGradient 1.4720 tsec 1.7300
#GCMRL#  291 dt  36.288000 rms  0.555  0.087% neg 0  invalid 762 tFOTS 0.0000 tGradient 1.5220 tsec 1.7730
#GCMRL#  292 dt  36.288000 rms  0.555  0.013% neg 0  invalid 762 tFOTS 0.0000 tGradient 1.5090 tsec 1.9010
#GCMRL#  293 dt  36.288000 rms  0.555  0.022% neg 0  invalid 762 tFOTS 0.0000 tGradient 1.4750 tsec 1.7250
#GCMRL#  294 dt  18.144000 rms  0.555  0.007% neg 0  invalid 762 tFOTS 0.0000 tGradient 1.5180 tsec 2.1240
#FOTS# QuadFit found better minimum quadopt=(dt=2.268,rms=0.554878) vs oldopt=(dt=1.62,rms=0.55488)
#GCMRL#  295 dt   2.268000 rms  0.555  0.000% neg 0  invalid 762 tFOTS 2.8420 tGradient 1.4720 tsec 4.6190
#GCMRL#  296 dt   2.268000 rms  0.555  0.001% neg 0  invalid 762 tFOTS 0.0000 tGradient 1.4810 tsec 1.7340
#GCMRL#  297 dt   1.134000 rms  0.555  0.001% neg 0  invalid 762 tFOTS 0.0000 tGradient 1.5240 tsec 2.0790
setting smoothness cost coefficient to 0.118

#GCAMreg# pass 0 level1 3 level2 0 tsec 0 sigma 2
l_jacobian=1.00 l_label=1.00 l_log_likelihood=0.20 l_smoothness=0.12 
tol=5.00e-02, dt=5.00e-02, exp_k=20.0, momentum=0.90, levels=6, niter=500, lbl_dist=10.00, avgs=16, sigma=2.0,type=2, relabel=0, neg=no

blurring input image with Gaussian with sigma=2.000...
GCAMRegisterLevel(): init RMS 0.565811
#FOTS# QuadFit found better minimum quadopt=(dt=71.0366,rms=0.558689) vs oldopt=(dt=32,rms=0.560436)
#GCMRL#  299 dt  71.036649 rms  0.559  1.259% neg 0  invalid 762 tFOTS 3.7240 tGradient 1.3120 tsec 5.3310
#FOTS# QuadFit found better minimum quadopt=(dt=44.8,rms=0.549058) vs oldopt=(dt=32,rms=0.55117)
#GCMRL#  300 dt  44.800000 rms  0.549  1.724% neg 0  invalid 762 tFOTS 3.6570 tGradient 1.3730 tsec 5.3140
#FOTS# QuadFit found better minimum quadopt=(dt=61.6393,rms=0.546102) vs oldopt=(dt=32,rms=0.546603)
#GCMRL#  301 dt  61.639344 rms  0.546  0.538% neg 0  invalid 762 tFOTS 4.0050 tGradient 1.2780 tsec 5.5710
#FOTS# QuadFit found better minimum quadopt=(dt=50.1905,rms=0.540183) vs oldopt=(dt=32,rms=0.540829)
#GCMRL#  302 dt  50.190476 rms  0.540  1.084% neg 0  invalid 762 tFOTS 3.5750 tGradient 1.3300 tsec 5.1860
#FOTS# QuadFit found better minimum quadopt=(dt=23.2157,rms=0.538194) vs oldopt=(dt=32,rms=0.538539)
#GCMRL#  303 dt  23.215686 rms  0.538  0.368% neg 0  invalid 762 tFOTS 4.1130 tGradient 1.2970 tsec 5.6890
#FOTS# QuadFit found better minimum quadopt=(dt=179.2,rms=0.530078) vs oldopt=(dt=128,rms=0.531689)
#GCMRL#  304 dt 179.200000 rms  0.530  1.508% neg 0  invalid 762 tFOTS 3.5270 tGradient 1.2730 tsec 5.0750
#FOTS# QuadFit found better minimum quadopt=(dt=25.6,rms=0.527848) vs oldopt=(dt=32,rms=0.527965)
#GCMRL#  305 dt  25.600000 rms  0.528  0.421% neg 0  invalid 762 tFOTS 3.8570 tGradient 1.3990 tsec 5.5370
#FOTS# QuadFit found better minimum quadopt=(dt=99.6407,rms=0.525599) vs oldopt=(dt=128,rms=0.525801)
#GCMRL#  306 dt  99.640719 rms  0.526  0.426% neg 0  invalid 762 tFOTS 3.7890 tGradient 1.3220 tsec 5.3900
#FOTS# QuadFit found better minimum quadopt=(dt=20.7904,rms=0.524297) vs oldopt=(dt=32,rms=0.524695)
#GCMRL#  307 dt  20.790419 rms  0.524  0.248% neg 0  invalid 762 tFOTS 3.8170 tGradient 1.4610 tsec 5.5580
#FOTS# QuadFit found better minimum quadopt=(dt=179.2,rms=0.521431) vs oldopt=(dt=128,rms=0.521969)
#GCMRL#  308 dt 179.200000 rms  0.521  0.547% neg 0  invalid 762 tFOTS 3.8490 tGradient 1.5130 tsec 5.6740
#FOTS# QuadFit found better minimum quadopt=(dt=38.4,rms=0.519993) vs oldopt=(dt=32,rms=0.520003)
#GCMRL#  309 dt  38.400000 rms  0.520  0.276% neg 0  invalid 762 tFOTS 4.1390 tGradient 1.5310 tsec 6.0110
#GCMRL#  310 dt  32.000000 rms  0.519  0.103% neg 0  invalid 762 tFOTS 4.7230 tGradient 1.6720 tsec 6.6780
#FOTS# QuadFit found better minimum quadopt=(dt=38.4,rms=0.51889) vs oldopt=(dt=32,rms=0.518901)
#GCMRL#  311 dt  38.400000 rms  0.519  0.109% neg 0  invalid 762 tFOTS 3.8600 tGradient 1.5110 tsec 5.6550
#GCMRL#  312 dt  32.000000 rms  0.518  0.079% neg 0  invalid 762 tFOTS 4.0110 tGradient 1.4270 tsec 5.7400
#GCMRL#  313 dt  32.000000 rms  0.518  0.098% neg 0  invalid 762 tFOTS 3.4670 tGradient 1.4130 tsec 5.1720
#GCMRL#  314 dt  32.000000 rms  0.518  0.065% neg 0  invalid 762 tFOTS 3.6710 tGradient 1.2570 tsec 5.2260
#GCMRL#  315 dt  32.000000 rms  0.517  0.097% neg 0  invalid 762 tFOTS 3.3730 tGradient 1.2770 tsec 4.9410
#GCMRL#  316 dt  32.000000 rms  0.517  0.053% neg 0  invalid 762 tFOTS 3.5530 tGradient 1.2430 tsec 5.1060
#FOTS# QuadFit found better minimum quadopt=(dt=2.8,rms=0.516751) vs oldopt=(dt=2,rms=0.516769)
#GCMRL#  317 dt   2.800000 rms  0.517  0.000% neg 0  invalid 762 tFOTS 3.0280 tGradient 1.2530 tsec 4.5820
#GCMRL#  318 dt   1.400000 rms  0.517  0.008% neg 0  invalid 762 tFOTS 0.0000 tGradient 1.2380 tsec 1.8040
#GCMRL#  319 dt   0.350000 rms  0.517  0.003% neg 0  invalid 762 tFOTS 0.0000 tGradient 1.2390 tsec 1.9690
#GCMRL#  320 dt   0.175000 rms  0.517  0.000% neg 0  invalid 762 tFOTS 0.0000 tGradient 1.2920 tsec 1.9030
#FOTS# QuadFit found better minimum quadopt=(dt=0.00273437,rms=0.516692) vs oldopt=(dt=0.00195312,rms=0.516692)
#GCMRL#  321 dt   0.002734 rms  0.517  0.000% neg 0  invalid 762 tFOTS 1.9140 tGradient 1.2540 tsec 3.5080
#FOTS# QuadFit found better minimum quadopt=(dt=0.00273437,rms=0.516692) vs oldopt=(dt=0.00195312,rms=0.516692)

#GCAMreg# pass 0 level1 3 level2 1 tsec 124.868 sigma 0.5
l_jacobian=1.00 l_label=1.00 l_log_likelihood=0.20 l_smoothness=0.12 
tol=5.00e-02, dt=5.00e-02, exp_k=20.0, momentum=0.90, levels=6, niter=500, lbl_dist=10.00, avgs=16, sigma=0.5,type=2, relabel=0, neg=no

blurring input image with Gaussian with sigma=0.500...
GCAMRegisterLevel(): init RMS 0.517191
#FOTS# QuadFit found better minimum quadopt=(dt=65.9104,rms=0.512977) vs oldopt=(dt=32,rms=0.513695)
#GCMRL#  323 dt  65.910448 rms  0.513  0.815% neg 0  invalid 762 tFOTS 3.8500 tGradient 1.5590 tsec 5.7000
#FOTS# QuadFit found better minimum quadopt=(dt=23.6842,rms=0.511966) vs oldopt=(dt=32,rms=0.512187)
#GCMRL#  324 dt  23.684211 rms  0.512  0.197% neg 0  invalid 762 tFOTS 3.6490 tGradient 1.2730 tsec 5.2060
#FOTS# QuadFit found better minimum quadopt=(dt=44.8,rms=0.511254) vs oldopt=(dt=32,rms=0.511318)
#GCMRL#  325 dt  44.800000 rms  0.511  0.139% neg 0  invalid 762 tFOTS 3.5880 tGradient 1.3100 tsec 5.1590
#FOTS# QuadFit found better minimum quadopt=(dt=38.4,rms=0.510508) vs oldopt=(dt=32,rms=0.510515)
#GCMRL#  326 dt  38.400000 rms  0.511  0.146% neg 0  invalid 762 tFOTS 3.9150 tGradient 1.3130 tsec 5.5410
#FOTS# QuadFit found better minimum quadopt=(dt=19.2,rms=0.510174) vs oldopt=(dt=32,rms=0.510271)
#GCMRL#  327 dt  19.200000 rms  0.510  0.065% neg 0  invalid 762 tFOTS 3.8650 tGradient 1.4920 tsec 5.6660
#FOTS# QuadFit found better minimum quadopt=(dt=179.2,rms=0.508301) vs oldopt=(dt=128,rms=0.50856)
#GCMRL#  328 dt 179.200000 rms  0.508  0.367% neg 0  invalid 762 tFOTS 4.4690 tGradient 1.5250 tsec 6.3480
#FOTS# QuadFit found better minimum quadopt=(dt=25.6,rms=0.507639) vs oldopt=(dt=32,rms=0.507663)
#GCMRL#  329 dt  25.600000 rms  0.508  0.130% neg 0  invalid 762 tFOTS 3.6850 tGradient 1.6070 tsec 5.5660
#FOTS# QuadFit found better minimum quadopt=(dt=44.8,rms=0.507064) vs oldopt=(dt=32,rms=0.507107)
#GCMRL#  330 dt  44.800000 rms  0.507  0.113% neg 0  invalid 762 tFOTS 3.4290 tGradient 1.2370 tsec 4.9410
#FOTS# QuadFit found better minimum quadopt=(dt=19.2,rms=0.506799) vs oldopt=(dt=32,rms=0.506873)
#GCMRL#  331 dt  19.200000 rms  0.507  0.052% neg 0  invalid 762 tFOTS 3.7320 tGradient 1.2910 tsec 5.3400
#FOTS# QuadFit found better minimum quadopt=(dt=76.8,rms=0.506262) vs oldopt=(dt=128,rms=0.506367)
#GCMRL#  332 dt  76.800000 rms  0.506  0.106% neg 0  invalid 762 tFOTS 3.7070 tGradient 1.4950 tsec 5.5150
#FOTS# QuadFit found better minimum quadopt=(dt=11.2,rms=0.505986) vs oldopt=(dt=8,rms=0.506055)
#GCMRL#  333 dt  11.200000 rms  0.506  0.054% neg 0  invalid 762 tFOTS 3.6230 tGradient 1.5870 tsec 5.4880
#FOTS# QuadFit found better minimum quadopt=(dt=25.6,rms=0.505735) vs oldopt=(dt=32,rms=0.505739)
#GCMRL#  334 dt  25.600000 rms  0.506  0.000% neg 0  invalid 762 tFOTS 3.4300 tGradient 1.2620 tsec 5.0120
#GCMRL#  335 dt  25.600000 rms  0.505  0.048% neg 0  invalid 762 tFOTS 0.0000 tGradient 1.3220 tsec 1.6050
#GCMRL#  336 dt  25.600000 rms  0.505  0.089% neg 0  invalid 762 tFOTS 0.0000 tGradient 1.3130 tsec 1.5800
#GCMRL#  337 dt  25.600000 rms  0.505  0.100% neg 0  invalid 762 tFOTS 0.0000 tGradient 1.2780 tsec 1.5320
#GCMRL#  338 dt  25.600000 rms  0.504  0.134% neg 0  invalid 762 tFOTS 0.0000 tGradient 1.3290 tsec 1.5880
#GCMRL#  339 dt  25.600000 rms  0.503  0.147% neg 0  invalid 762 tFOTS 0.0000 tGradient 1.2950 tsec 1.5570
#GCMRL#  340 dt  25.600000 rms  0.502  0.165% neg 0  invalid 762 tFOTS 0.0000 tGradient 1.2510 tsec 1.5010
#GCMRL#  341 dt  25.600000 rms  0.502  0.152% neg 0  invalid 762 tFOTS 0.0000 tGradient 1.3050 tsec 1.5780
#GCMRL#  342 dt  25.600000 rms  0.501  0.177% neg 0  invalid 762 tFOTS 0.0000 tGradient 1.2430 tsec 1.5110
#GCMRL#  343 dt  25.600000 rms  0.500  0.173% neg 0  invalid 762 tFOTS 0.0000 tGradient 1.3610 tsec 1.6350
#GCMRL#  344 dt  25.600000 rms  0.499  0.166% neg 0  invalid 762 tFOTS 0.0000 tGradient 1.4490 tsec 1.7530
#GCMRL#  345 dt  25.600000 rms  0.498  0.150% neg 0  invalid 762 tFOTS 0.0000 tGradient 1.3640 tsec 1.6460
#GCMRL#  346 dt  25.600000 rms  0.497  0.154% neg 0  invalid 762 tFOTS 0.0000 tGradient 1.3370 tsec 1.6040
#GCMRL#  347 dt  25.600000 rms  0.497  0.142% neg 0  invalid 762 tFOTS 0.0000 tGradient 1.2780 tsec 1.5450
#GCMRL#  348 dt  25.600000 rms  0.496  0.131% neg 0  invalid 762 tFOTS 0.0000 tGradient 1.3520 tsec 1.6440
#GCMRL#  349 dt  25.600000 rms  0.495  0.123% neg 0  invalid 762 tFOTS 0.0000 tGradient 1.3410 tsec 1.6030
#GCMRL#  350 dt  25.600000 rms  0.495  0.104% neg 0  invalid 762 tFOTS 0.0000 tGradient 1.3900 tsec 1.6530
#GCMRL#  351 dt  25.600000 rms  0.494  0.112% neg 0  invalid 762 tFOTS 0.0000 tGradient 1.2810 tsec 1.5400
#GCMRL#  352 dt  25.600000 rms  0.494  0.100% neg 0  invalid 762 tFOTS 0.0000 tGradient 1.3010 tsec 1.5760
#GCMRL#  353 dt  25.600000 rms  0.493  0.083% neg 0  invalid 762 tFOTS 0.0000 tGradient 1.3230 tsec 1.5860
#GCMRL#  354 dt  25.600000 rms  0.493  0.084% neg 0  invalid 762 tFOTS 0.0000 tGradient 1.2740 tsec 1.5660
#GCMRL#  355 dt  25.600000 rms  0.493  0.087% neg 0  invalid 762 tFOTS 0.0000 tGradient 1.3110 tsec 1.5670
#GCMRL#  356 dt  25.600000 rms  0.492  0.077% neg 0  invalid 762 tFOTS 0.0000 tGradient 1.5930 tsec 1.8980
#GCMRL#  357 dt  25.600000 rms  0.492  0.063% neg 0  invalid 762 tFOTS 0.0000 tGradient 1.6000 tsec 1.8990
#GCMRL#  358 dt  25.600000 rms  0.492  0.071% neg 0  invalid 762 tFOTS 0.0000 tGradient 1.5330 tsec 1.8260
#GCMRL#  359 dt  25.600000 rms  0.491  0.063% neg 0  invalid 762 tFOTS 0.0000 tGradient 1.4520 tsec 1.7470
#GCMRL#  360 dt  25.600000 rms  0.491  0.051% neg 0  invalid 762 tFOTS 0.0000 tGradient 1.4540 tsec 1.7460
#GCMRL#  361 dt  25.600000 rms  0.491  0.049% neg 0  invalid 762 tFOTS 0.0000 tGradient 1.6210 tsec 1.9340
#GCMRL#  362 dt  25.600000 rms  0.491  0.053% neg 0  invalid 762 tFOTS 0.0000 tGradient 1.4350 tsec 1.6970
#GCMRL#  363 dt  25.600000 rms  0.490  0.047% neg 0  invalid 762 tFOTS 0.0000 tGradient 1.2730 tsec 1.5890
#GCMRL#  364 dt  25.600000 rms  0.490  0.043% neg 0  invalid 762 tFOTS 0.0000 tGradient 1.3490 tsec 1.6630
#GCMRL#  365 dt  25.600000 rms  0.490  0.050% neg 0  invalid 762 tFOTS 0.0000 tGradient 1.4940 tsec 1.8010
#GCMRL#  366 dt  25.600000 rms  0.490  0.041% neg 0  invalid 762 tFOTS 0.0000 tGradient 1.2980 tsec 1.5760
#GCMRL#  367 dt  25.600000 rms  0.489  0.033% neg 0  invalid 762 tFOTS 0.0000 tGradient 1.3450 tsec 1.6360
#GCMRL#  368 dt  25.600000 rms  0.489  0.039% neg 0  invalid 762 tFOTS 0.0000 tGradient 1.3100 tsec 1.6050
#GCMRL#  369 dt  25.600000 rms  0.489  0.035% neg 0  invalid 762 tFOTS 0.0000 tGradient 1.3580 tsec 1.6560
#GCMRL#  370 dt  25.600000 rms  0.489  0.033% neg 0  invalid 762 tFOTS 0.0000 tGradient 1.2300 tsec 1.5120
#GCMRL#  371 dt  25.600000 rms  0.489  0.033% neg 0  invalid 762 tFOTS 0.0000 tGradient 1.2410 tsec 1.5110
#GCMRL#  372 dt  25.600000 rms  0.489  0.037% neg 0  invalid 762 tFOTS 0.0000 tGradient 1.2680 tsec 1.5800
#GCMRL#  373 dt  25.600000 rms  0.488  0.030% neg 0  invalid 762 tFOTS 0.0000 tGradient 1.5120 tsec 1.8220
#GCMRL#  374 dt  25.600000 rms  0.488  0.031% neg 0  invalid 762 tFOTS 0.0000 tGradient 1.5620 tsec 1.8940
#GCMRL#  375 dt  25.600000 rms  0.488  0.028% neg 0  invalid 762 tFOTS 0.0000 tGradient 1.3530 tsec 1.6190
#GCMRL#  376 dt  25.600000 rms  0.488  0.029% neg 0  invalid 762 tFOTS 0.0000 tGradient 1.4560 tsec 1.7390
#GCMRL#  377 dt  25.600000 rms  0.488  0.031% neg 0  invalid 762 tFOTS 0.0000 tGradient 1.4710 tsec 1.7710
#GCMRL#  378 dt  25.600000 rms  0.488  0.025% neg 0  invalid 762 tFOTS 0.0000 tGradient 1.4880 tsec 1.7740
#GCMRL#  379 dt  25.600000 rms  0.488  0.026% neg 0  invalid 762 tFOTS 0.0000 tGradient 1.5290 tsec 1.8580
#GCMRL#  380 dt  25.600000 rms  0.488  0.027% neg 0  invalid 762 tFOTS 0.0000 tGradient 1.5320 tsec 1.8390
#GCMRL#  381 dt  25.600000 rms  0.487  0.025% neg 0  invalid 762 tFOTS 0.0000 tGradient 1.4380 tsec 1.7210
#GCMRL#  382 dt  25.600000 rms  0.487  0.018% neg 0  invalid 762 tFOTS 0.0000 tGradient 1.3330 tsec 1.6190
#GCMRL#  383 dt  25.600000 rms  0.487  0.021% neg 0  invalid 762 tFOTS 0.0000 tGradient 1.3260 tsec 1.6040
#GCMRL#  384 dt  25.600000 rms  0.487  0.016% neg 0  invalid 762 tFOTS 0.0000 tGradient 1.3080 tsec 1.6000
#GCMRL#  385 dt  32.000000 rms  0.487  0.000% neg 0  invalid 762 tFOTS 3.7280 tGradient 1.2650 tsec 5.3100
#GCMRL#  386 dt  32.000000 rms  0.487  0.004% neg 0  invalid 762 tFOTS 0.0000 tGradient 1.3010 tsec 1.5700
#GCMRL#  387 dt  32.000000 rms  0.487  0.000% neg 0  invalid 762 tFOTS 0.0000 tGradient 1.2600 tsec 1.5040
#GCMRL#  388 dt  32.000000 rms  0.487  0.007% neg 0  invalid 762 tFOTS 0.0000 tGradient 1.2920 tsec 1.5460
#GCMRL#  389 dt  32.000000 rms  0.487  0.012% neg 0  invalid 762 tFOTS 0.0000 tGradient 1.2390 tsec 1.4960
setting smoothness cost coefficient to 0.400

#GCAMreg# pass 0 level1 2 level2 0 tsec 0 sigma 2
l_jacobian=1.00 l_label=1.00 l_log_likelihood=0.20 l_smoothness=0.40 
tol=5.00e-02, dt=5.00e-02, exp_k=20.0, momentum=0.90, levels=6, niter=500, lbl_dist=10.00, avgs=4, sigma=2.0,type=2, relabel=0, neg=no

blurring input image with Gaussian with sigma=2.000...
GCAMRegisterLevel(): init RMS 0.515345
#GCMRL#  391 dt   0.000000 rms  0.515  0.083% neg 0  invalid 762 tFOTS 3.6400 tGradient 1.2030 tsec 5.1730
#GCMRL#  392 dt   0.150000 rms  0.515  0.000% neg 0  invalid 762 tFOTS 3.8040 tGradient 1.1990 tsec 5.5490

#GCAMreg# pass 0 level1 2 level2 1 tsec 20.504 sigma 0.5
l_jacobian=1.00 l_label=1.00 l_log_likelihood=0.20 l_smoothness=0.40 
tol=5.00e-02, dt=5.00e-02, exp_k=20.0, momentum=0.90, levels=6, niter=500, lbl_dist=10.00, avgs=4, sigma=0.5,type=2, relabel=0, neg=no

blurring input image with Gaussian with sigma=0.500...
GCAMRegisterLevel(): init RMS 0.515345
#GCMRL#  394 dt   0.000000 rms  0.515  0.083% neg 0  invalid 762 tFOTS 3.7990 tGradient 1.2030 tsec 5.3000
#GCMRL#  395 dt   0.150000 rms  0.515  0.000% neg 0  invalid 762 tFOTS 3.3960 tGradient 1.2420 tsec 5.2500
setting smoothness cost coefficient to 1.000

#GCAMreg# pass 0 level1 1 level2 0 tsec 0 sigma 2
l_jacobian=1.00 l_label=1.00 l_log_likelihood=0.20 l_smoothness=1.00 
tol=5.00e-02, dt=5.00e-02, exp_k=20.0, momentum=0.90, levels=6, niter=500, lbl_dist=10.00, avgs=1, sigma=2.0,type=2, relabel=0, neg=no

blurring input image with Gaussian with sigma=2.000...
GCAMRegisterLevel(): init RMS 0.570168
#FOTS# QuadFit found better minimum quadopt=(dt=1.024,rms=0.566831) vs oldopt=(dt=1.28,rms=0.566903)
#GCMRL#  397 dt   1.024000 rms  0.567  0.585% neg 0  invalid 762 tFOTS 3.8290 tGradient 1.0800 tsec 5.2430
#FOTS# QuadFit found better minimum quadopt=(dt=0.112,rms=0.566779) vs oldopt=(dt=0.08,rms=0.566789)
#GCMRL#  398 dt   0.112000 rms  0.567  0.000% neg 0  invalid 762 tFOTS 3.6460 tGradient 1.1100 tsec 5.0710
#GCMRL#  399 dt   0.112000 rms  0.567  0.002% neg 0  invalid 762 tFOTS 0.0000 tGradient 1.0400 tsec 1.3140

#GCAMreg# pass 0 level1 1 level2 1 tsec 21.219 sigma 0.5
l_jacobian=1.00 l_label=1.00 l_log_likelihood=0.20 l_smoothness=1.00 
tol=5.00e-02, dt=5.00e-02, exp_k=20.0, momentum=0.90, levels=6, niter=500, lbl_dist=10.00, avgs=1, sigma=0.5,type=2, relabel=0, neg=no

blurring input image with Gaussian with sigma=0.500...
GCAMRegisterLevel(): init RMS 0.567143
#GCMRL#  401 dt   0.320000 rms  0.567  0.094% neg 0  invalid 762 tFOTS 3.7860 tGradient 1.0620 tsec 5.1750
#FOTS# QuadFit found better minimum quadopt=(dt=0.064,rms=0.566608) vs oldopt=(dt=0.08,rms=0.566608)
#GCMRL#  402 dt   0.064000 rms  0.567  0.000% neg 0  invalid 762 tFOTS 3.5740 tGradient 1.0980 tsec 4.9840
resetting metric properties...
setting smoothness cost coefficient to 2.000

#GCAMreg# pass 0 level1 0 level2 0 tsec 0 sigma 2
l_jacobian=1.00 l_label=1.00 l_log_likelihood=0.20 l_smoothness=2.00 
tol=5.00e-02, dt=5.00e-02, exp_k=20.0, momentum=0.90, levels=6, niter=500, lbl_dist=10.00, avgs=0, sigma=2.0,type=2, relabel=0, neg=no

blurring input image with Gaussian with sigma=2.000...
GCAMRegisterLevel(): init RMS 0.494617
#FOTS# QuadFit found better minimum quadopt=(dt=0.448,rms=0.481041) vs oldopt=(dt=0.32,rms=0.484628)
#GCMRL#  404 dt   0.448000 rms  0.481  2.745% neg 0  invalid 762 tFOTS 3.2220 tGradient 0.6550 tsec 4.1680
#FOTS# QuadFit found better minimum quadopt=(dt=0.448,rms=0.478267) vs oldopt=(dt=0.32,rms=0.479037)
#GCMRL#  405 dt   0.448000 rms  0.478  0.577% neg 0  invalid 762 tFOTS 3.4810 tGradient 0.6060 tsec 4.4150
#FOTS# QuadFit found better minimum quadopt=(dt=0.448,rms=0.476567) vs oldopt=(dt=0.32,rms=0.477043)
#GCMRL#  406 dt   0.448000 rms  0.477  0.356% neg 0  invalid 762 tFOTS 3.4800 tGradient 0.6690 tsec 4.4800
#FOTS# QuadFit found better minimum quadopt=(dt=0.448,rms=0.475507) vs oldopt=(dt=0.32,rms=0.475802)
#GCMRL#  407 dt   0.448000 rms  0.476  0.222% neg 0  invalid 762 tFOTS 3.5000 tGradient 0.6270 tsec 4.4420
#FOTS# QuadFit found better minimum quadopt=(dt=0.448,rms=0.47473) vs oldopt=(dt=0.32,rms=0.474947)
#GCMRL#  408 dt   0.448000 rms  0.475  0.163% neg 0  invalid 762 tFOTS 3.5030 tGradient 0.6410 tsec 4.4790
#FOTS# QuadFit found better minimum quadopt=(dt=0.448,rms=0.474162) vs oldopt=(dt=0.32,rms=0.474318)
#GCMRL#  409 dt   0.448000 rms  0.474  0.120% neg 0  invalid 762 tFOTS 3.1990 tGradient 0.6660 tsec 4.1690
#FOTS# QuadFit found better minimum quadopt=(dt=0.448,rms=0.4737) vs oldopt=(dt=0.32,rms=0.473826)
#GCMRL#  410 dt   0.448000 rms  0.474  0.097% neg 0  invalid 762 tFOTS 3.4050 tGradient 0.6540 tsec 4.3480
#FOTS# QuadFit found better minimum quadopt=(dt=0.448,rms=0.473348) vs oldopt=(dt=0.32,rms=0.473441)
#GCMRL#  411 dt   0.448000 rms  0.473  0.074% neg 0  invalid 762 tFOTS 3.3520 tGradient 0.5910 tsec 4.2780
#FOTS# QuadFit found better minimum quadopt=(dt=0.448,rms=0.47304) vs oldopt=(dt=0.32,rms=0.47312)
#GCMRL#  412 dt   0.448000 rms  0.473  0.065% neg 0  invalid 762 tFOTS 3.6480 tGradient 0.7140 tsec 4.6560
#FOTS# QuadFit found better minimum quadopt=(dt=0.448,rms=0.472807) vs oldopt=(dt=0.32,rms=0.472866)
#GCMRL#  413 dt   0.448000 rms  0.473  0.000% neg 0  invalid 762 tFOTS 3.7150 tGradient 0.6080 tsec 4.6450
#GCMRL#  414 dt   0.448000 rms  0.473  0.047% neg 0  invalid 762 tFOTS 0.0000 tGradient 0.6330 tsec 0.9240
#GCMRL#  415 dt   0.448000 rms  0.472  0.077% neg 0  invalid 762 tFOTS 0.0000 tGradient 0.6120 tsec 0.9040
#GCMRL#  416 dt   0.448000 rms  0.472  0.027% neg 0  invalid 762 tFOTS 0.0000 tGradient 0.6400 tsec 1.1250
#GCMRL#  417 dt   0.448000 rms  0.472  0.048% neg 0  invalid 762 tFOTS 0.0000 tGradient 0.6770 tsec 0.9830
#GCMRL#  418 dt   0.448000 rms  0.472  0.022% neg 0  invalid 762 tFOTS 0.0000 tGradient 0.6490 tsec 1.1380
#GCMRL#  419 dt   0.448000 rms  0.472  0.012% neg 0  invalid 762 tFOTS 0.0000 tGradient 0.6780 tsec 1.1940
#FOTS# QuadFit found better minimum quadopt=(dt=0.448,rms=0.471629) vs oldopt=(dt=0.32,rms=0.471642)
#GCMRL#  420 dt   0.448000 rms  0.472  0.017% neg 0  invalid 762 tFOTS 3.4970 tGradient 0.6780 tsec 4.4770
#FOTS# QuadFit found better minimum quadopt=(dt=0.448,rms=0.471583) vs oldopt=(dt=0.32,rms=0.471588)
#GCMRL#  421 dt   0.448000 rms  0.472  0.000% neg 0  invalid 762 tFOTS 3.7550 tGradient 0.6300 tsec 4.7560
#GCMRL#  422 dt   0.448000 rms  0.472  0.015% neg 0  invalid 762 tFOTS 0.0000 tGradient 0.7420 tsec 1.0640
#GCMRL#  423 dt   0.448000 rms  0.471  0.020% neg 0  invalid 762 tFOTS 0.0000 tGradient 0.6710 tsec 1.0030
#GCMRL#  424 dt   0.448000 rms  0.471  0.007% neg 0  invalid 762 tFOTS 0.0000 tGradient 0.7060 tsec 1.2010
#GCMRL#  425 dt   0.448000 rms  0.471  0.017% neg 0  invalid 762 tFOTS 0.0000 tGradient 0.6960 tsec 1.0360

#GCAMreg# pass 0 level1 0 level2 1 tsec 73.202 sigma 0.5
l_jacobian=1.00 l_label=1.00 l_log_likelihood=0.20 l_smoothness=2.00 
tol=5.00e-02, dt=5.00e-02, exp_k=20.0, momentum=0.90, levels=6, niter=500, lbl_dist=10.00, avgs=0, sigma=0.5,type=2, relabel=0, neg=no

blurring input image with Gaussian with sigma=0.500...
GCAMRegisterLevel(): init RMS 0.471745
#FOTS# QuadFit found better minimum quadopt=(dt=0.448,rms=0.467867) vs oldopt=(dt=0.32,rms=0.468769)
#GCMRL#  427 dt   0.448000 rms  0.468  0.822% neg 0  invalid 762 tFOTS 3.8170 tGradient 0.6870 tsec 4.8810
#FOTS# QuadFit found better minimum quadopt=(dt=0.448,rms=0.467453) vs oldopt=(dt=0.32,rms=0.467558)
#GCMRL#  428 dt   0.448000 rms  0.467  0.089% neg 0  invalid 762 tFOTS 3.7730 tGradient 0.7400 tsec 4.8420
#GCMRL#  429 dt   0.320000 rms  0.467  0.000% neg 0  invalid 762 tFOTS 3.5510 tGradient 0.7060 tsec 4.6180
#GCMRL#  430 dt   0.320000 rms  0.467  0.022% neg 0  invalid 762 tFOTS 0.0000 tGradient 0.6970 tsec 1.0060
#GCMRL#  431 dt   0.320000 rms  0.467  0.032% neg 0  invalid 762 tFOTS 0.0000 tGradient 0.6990 tsec 1.0130
#GCMRL#  432 dt   0.320000 rms  0.467  0.028% neg 0  invalid 762 tFOTS 0.0000 tGradient 0.6940 tsec 1.0220
#GCMRL#  433 dt   0.320000 rms  0.467  0.022% neg 0  invalid 762 tFOTS 0.0000 tGradient 0.6540 tsec 0.9680
#GCMRL#  434 dt   0.320000 rms  0.467 -0.003% neg 0  invalid 762 tFOTS 0.0000 tGradient 0.6400 tsec 1.3500
#FOTS# QuadFit found better minimum quadopt=(dt=0.112,rms=0.466846) vs oldopt=(dt=0.08,rms=0.466846)
#GCMRL#  435 dt   0.112000 rms  0.467  0.001% neg 0  invalid 762 tFOTS 3.2670 tGradient 0.6210 tsec 4.1890
#GCMRL#  436 dt   0.320000 rms  0.467  0.003% neg 0  invalid 762 tFOTS 3.5400 tGradient 0.6320 tsec 4.4970
#FOTS# QuadFit found better minimum quadopt=(dt=0.256,rms=0.466832) vs oldopt=(dt=0.32,rms=0.466832)
GCAMregister done in 20.896 min
********************* ALLOWING NEGATIVE NODES IN DEFORMATION********************************
noneg post
Starting GCAMregister()
label assignment complete, 0 changed (0.00%)
npasses = 1, nlevels = 6
#pass# 1 of 1 ************************
enabling zero nodes
setting smoothness cost coefficient to 0.008

#GCAMreg# pass 0 level1 5 level2 0 tsec 0 sigma 2
l_jacobian=1.00 l_label=1.00 l_log_likelihood=0.20 l_smoothness=0.01 
tol=2.50e-01, dt=5.00e-02, exp_k=20.0, momentum=0.90, levels=6, niter=500, lbl_dist=10.00, avgs=256, sigma=2.0,type=2, relabel=0, neg=yes

blurring input image with Gaussian with sigma=2.000...
GCAMRegisterLevel(): init RMS 0.465281
#GCMRL#  438 dt   0.000000 rms  0.465  0.103% neg 0  invalid 762 tFOTS 4.0530 tGradient 1.8350 tsec 6.2090

#GCAMreg# pass 0 level1 5 level2 1 tsec 21.302 sigma 0.5
l_jacobian=1.00 l_label=1.00 l_log_likelihood=0.20 l_smoothness=0.01 
tol=2.50e-01, dt=5.00e-02, exp_k=20.0, momentum=0.90, levels=6, niter=500, lbl_dist=10.00, avgs=256, sigma=0.5,type=2, relabel=0, neg=yes

blurring input image with Gaussian with sigma=0.500...
GCAMRegisterLevel(): init RMS 0.465281
#FOTS# QuadFit found better minimum quadopt=(dt=295.936,rms=0.464424) vs oldopt=(dt=369.92,rms=0.464467)
#GCMRL#  440 dt 295.936000 rms  0.464  0.184% neg 0  invalid 762 tFOTS 4.4850 tGradient 1.7710 tsec 6.7000
#GCMRL#  441 dt  92.480000 rms  0.464  0.000% neg 0  invalid 762 tFOTS 4.0040 tGradient 1.9860 tsec 6.3060
#GCMRL#  442 dt  92.480000 rms  0.464  0.004% neg 0  invalid 762 tFOTS 0.0000 tGradient 1.8780 tsec 2.1920
#GCMRL#  443 dt  92.480000 rms  0.464  0.010% neg 0  invalid 762 tFOTS 0.0000 tGradient 1.9490 tsec 2.2450
#GCMRL#  444 dt  92.480000 rms  0.464  0.023% neg 0  invalid 762 tFOTS 0.0000 tGradient 2.0590 tsec 2.3600
#GCMRL#  445 dt  92.480000 rms  0.464  0.019% neg 0  invalid 762 tFOTS 0.0000 tGradient 2.2020 tsec 2.5000
setting smoothness cost coefficient to 0.031

#GCAMreg# pass 0 level1 4 level2 0 tsec 0 sigma 2
l_jacobian=1.00 l_label=1.00 l_log_likelihood=0.20 l_smoothness=0.03 
tol=2.50e-01, dt=5.00e-02, exp_k=20.0, momentum=0.90, levels=6, niter=500, lbl_dist=10.00, avgs=64, sigma=2.0,type=2, relabel=0, neg=yes

blurring input image with Gaussian with sigma=2.000...
GCAMRegisterLevel(): init RMS 0.464435
#GCMRL#  447 dt   0.000000 rms  0.464  0.101% neg 0  invalid 762 tFOTS 3.8630 tGradient 1.4410 tsec 5.6100

#GCAMreg# pass 0 level1 4 level2 1 tsec 19.951 sigma 0.5
l_jacobian=1.00 l_label=1.00 l_log_likelihood=0.20 l_smoothness=0.03 
tol=2.50e-01, dt=5.00e-02, exp_k=20.0, momentum=0.90, levels=6, niter=500, lbl_dist=10.00, avgs=64, sigma=0.5,type=2, relabel=0, neg=yes

blurring input image with Gaussian with sigma=0.500...
GCAMRegisterLevel(): init RMS 0.464435
#FOTS# QuadFit found better minimum quadopt=(dt=145.152,rms=0.462294) vs oldopt=(dt=103.68,rms=0.462567)
#GCMRL#  449 dt 145.152000 rms  0.462  0.461% neg 0  invalid 762 tFOTS 4.4740 tGradient 1.6580 tsec 6.4420
#FOTS# QuadFit found better minimum quadopt=(dt=36.288,rms=0.461791) vs oldopt=(dt=25.92,rms=0.461836)
#GCMRL#  450 dt  36.288000 rms  0.462  0.000% neg 0  invalid 762 tFOTS 4.1740 tGradient 1.4890 tsec 5.9770
#GCMRL#  451 dt  36.288000 rms  0.462  0.060% neg 0  invalid 762 tFOTS 0.0000 tGradient 1.4450 tsec 1.7380
#GCMRL#  452 dt  36.288000 rms  0.461  0.094% neg 0  invalid 762 tFOTS 0.0000 tGradient 1.5110 tsec 1.8320
#GCMRL#  453 dt  36.288000 rms  0.461  0.125% neg 0  invalid 762 tFOTS 0.0000 tGradient 1.4470 tsec 1.7320
#GCMRL#  454 dt  36.288000 rms  0.460  0.111% neg 0  invalid 762 tFOTS 0.0000 tGradient 1.4800 tsec 1.7800
#GCMRL#  455 dt  36.288000 rms  0.459  0.112% neg 0  invalid 762 tFOTS 0.0000 tGradient 1.4750 tsec 1.7410
#GCMRL#  456 dt  36.288000 rms  0.459  0.104% neg 0  invalid 762 tFOTS 0.0000 tGradient 1.4640 tsec 1.7560
#GCMRL#  457 dt 103.680000 rms  0.459  0.000% neg 0  invalid 762 tFOTS 4.4090 tGradient 1.7330 tsec 6.5140
setting smoothness cost coefficient to 0.118

#GCAMreg# pass 0 level1 3 level2 0 tsec 0 sigma 2
l_jacobian=1.00 l_label=1.00 l_log_likelihood=0.20 l_smoothness=0.12 
tol=2.50e-01, dt=5.00e-02, exp_k=20.0, momentum=0.90, levels=6, niter=500, lbl_dist=10.00, avgs=16, sigma=2.0,type=2, relabel=0, neg=yes

blurring input image with Gaussian with sigma=2.000...
GCAMRegisterLevel(): init RMS 0.45953
#FOTS# QuadFit found better minimum quadopt=(dt=25.6,rms=0.457635) vs oldopt=(dt=32,rms=0.457721)
#GCMRL#  459 dt  25.600000 rms  0.458  0.412% neg 0  invalid 762 tFOTS 4.3250 tGradient 1.3660 tsec 6.0420
#FOTS# QuadFit found better minimum quadopt=(dt=44.8,rms=0.455651) vs oldopt=(dt=32,rms=0.455783)
#GCMRL#  460 dt  44.800000 rms  0.456  0.434% neg 0  invalid 762 tFOTS 4.6830 tGradient 1.3290 tsec 6.3630
#FOTS# QuadFit found better minimum quadopt=(dt=24.7965,rms=0.454613) vs oldopt=(dt=32,rms=0.454765)
#GCMRL#  461 dt  24.796537 rms  0.455  0.000% neg 0  invalid 762 tFOTS 4.5770 tGradient 1.4280 tsec 6.3150
iter 0, gcam->neg = 1
after 1 iterations, nbhd size=0, neg = 0
#GCMRL#  462 dt  24.796537 rms  0.453  0.256% neg 0  invalid 762 tFOTS 0.0000 tGradient 1.3350 tsec 2.4160
#GCMRL#  463 dt  24.796537 rms  0.452  0.249% neg 0  invalid 762 tFOTS 0.0000 tGradient 1.2950 tsec 1.6110
iter 0, gcam->neg = 1
after 6 iterations, nbhd size=1, neg = 0
#GCMRL#  464 dt  24.796537 rms  0.451  0.197% neg 0  invalid 762 tFOTS 0.0000 tGradient 1.3020 tsec 3.7420
iter 0, gcam->neg = 5
after 5 iterations, nbhd size=0, neg = 0
#GCMRL#  465 dt  24.796537 rms  0.451  0.200% neg 0  invalid 762 tFOTS 0.0000 tGradient 1.1760 tsec 3.2940
iter 0, gcam->neg = 10
after 11 iterations, nbhd size=1, neg = 0
#GCMRL#  466 dt  24.796537 rms  0.450  0.125% neg 0  invalid 762 tFOTS 0.0000 tGradient 1.2830 tsec 5.0260
iter 0, gcam->neg = 13
after 10 iterations, nbhd size=1, neg = 0
#GCMRL#  467 dt  24.796537 rms  0.450  0.098% neg 0  invalid 762 tFOTS 0.0000 tGradient 1.4070 tsec 4.9110
iter 0, gcam->neg = 13
after 13 iterations, nbhd size=1, neg = 0
#GCMRL#  468 dt  24.796537 rms  0.449  0.060% neg 0  invalid 762 tFOTS 0.0000 tGradient 1.3260 tsec 5.6160
#FOTS# QuadFit found better minimum quadopt=(dt=25.6,rms=0.448755) vs oldopt=(dt=32,rms=0.448769)
#GCMRL#  469 dt  25.600000 rms  0.449  0.111% neg 0  invalid 762 tFOTS 4.4810 tGradient 1.3860 tsec 6.1920
#FOTS# QuadFit found better minimum quadopt=(dt=11.2,rms=0.448529) vs oldopt=(dt=8,rms=0.44857)
#GCMRL#  470 dt  11.200000 rms  0.449  0.000% neg 0  invalid 762 tFOTS 4.4060 tGradient 1.1680 tsec 5.9350
iter 0, gcam->neg = 1
after 0 iterations, nbhd size=0, neg = 0
#GCMRL#  471 dt  11.200000 rms  0.448  0.038% neg 0  invalid 762 tFOTS 0.0000 tGradient 1.1760 tsec 2.0130
#GCMRL#  472 dt  11.200000 rms  0.448  0.049% neg 0  invalid 762 tFOTS 0.0000 tGradient 1.1710 tsec 1.4650
#GCMRL#  473 dt  11.200000 rms  0.448  0.063% neg 0  invalid 762 tFOTS 0.0000 tGradient 1.1800 tsec 1.4810
#GCMRL#  474 dt  11.200000 rms  0.448  0.062% neg 0  invalid 762 tFOTS 0.0000 tGradient 1.1230 tsec 1.4280

#GCAMreg# pass 0 level1 3 level2 1 tsec 73.475 sigma 0.5
l_jacobian=1.00 l_label=1.00 l_log_likelihood=0.20 l_smoothness=0.12 
tol=2.50e-01, dt=5.00e-02, exp_k=20.0, momentum=0.90, levels=6, niter=500, lbl_dist=10.00, avgs=16, sigma=0.5,type=2, relabel=0, neg=yes

blurring input image with Gaussian with sigma=0.500...
GCAMRegisterLevel(): init RMS 0.447788
#FOTS# QuadFit found better minimum quadopt=(dt=66.3467,rms=0.443019) vs oldopt=(dt=32,rms=0.443904)
#GCMRL#  476 dt  66.346667 rms  0.443  1.065% neg 0  invalid 762 tFOTS 4.3060 tGradient 1.1450 tsec 5.7740
#FOTS# QuadFit found better minimum quadopt=(dt=11.2,rms=0.442065) vs oldopt=(dt=8,rms=0.442258)
#GCMRL#  477 dt  11.200000 rms  0.442  0.000% neg 0  invalid 762 tFOTS 4.3800 tGradient 1.2230 tsec 5.9620
#GCMRL#  478 dt  11.200000 rms  0.442  0.075% neg 0  invalid 762 tFOTS 0.0000 tGradient 1.2190 tsec 1.4870
#GCMRL#  479 dt  11.200000 rms  0.441  0.061% neg 0  invalid 762 tFOTS 0.0000 tGradient 1.1260 tsec 1.3990
#GCMRL#  480 dt  11.200000 rms  0.441  0.043% neg 0  invalid 762 tFOTS 0.0000 tGradient 1.1690 tsec 1.4690
#FOTS# QuadFit found better minimum quadopt=(dt=44.8,rms=0.440369) vs oldopt=(dt=32,rms=0.440478)
#GCMRL#  481 dt  44.800000 rms  0.440  0.206% neg 0  invalid 762 tFOTS 4.5170 tGradient 1.2410 tsec 6.0590
#FOTS# QuadFit found better minimum quadopt=(dt=11.2,rms=0.440199) vs oldopt=(dt=8,rms=0.44023)
setting smoothness cost coefficient to 0.400

#GCAMreg# pass 0 level1 2 level2 0 tsec 0 sigma 2
l_jacobian=1.00 l_label=1.00 l_log_likelihood=0.20 l_smoothness=0.40 
tol=2.50e-01, dt=5.00e-02, exp_k=20.0, momentum=0.90, levels=6, niter=500, lbl_dist=10.00, avgs=4, sigma=2.0,type=2, relabel=0, neg=yes

blurring input image with Gaussian with sigma=2.000...
GCAMRegisterLevel(): init RMS 0.4461
#FOTS# QuadFit found better minimum quadopt=(dt=3.42857,rms=0.445371) vs oldopt=(dt=2.88,rms=0.445374)
#GCMRL#  483 dt   3.428571 rms  0.445  0.163% neg 0  invalid 762 tFOTS 4.1990 tGradient 1.0990 tsec 5.5830
#FOTS# QuadFit found better minimum quadopt=(dt=2.304,rms=0.445333) vs oldopt=(dt=2.88,rms=0.445339)
#GCMRL#  484 dt   2.304000 rms  0.445  0.000% neg 0  invalid 762 tFOTS 3.9200 tGradient 1.1100 tsec 5.3230
#GCMRL#  485 dt   2.304000 rms  0.445  0.004% neg 0  invalid 762 tFOTS 0.0000 tGradient 1.0350 tsec 1.3280

#GCAMreg# pass 0 level1 2 level2 1 tsec 21.997 sigma 0.5
l_jacobian=1.00 l_label=1.00 l_log_likelihood=0.20 l_smoothness=0.40 
tol=2.50e-01, dt=5.00e-02, exp_k=20.0, momentum=0.90, levels=6, niter=500, lbl_dist=10.00, avgs=4, sigma=0.5,type=2, relabel=0, neg=yes

blurring input image with Gaussian with sigma=0.500...
GCAMRegisterLevel(): init RMS 0.445805
#FOTS# QuadFit found better minimum quadopt=(dt=13.5029,rms=0.4435) vs oldopt=(dt=11.52,rms=0.44354)
#GCMRL#  487 dt  13.502890 rms  0.444  0.517% neg 0  invalid 762 tFOTS 3.8610 tGradient 1.0220 tsec 5.1890
#FOTS# QuadFit found better minimum quadopt=(dt=34.8795,rms=0.440678) vs oldopt=(dt=46.08,rms=0.440973)
iter 0, gcam->neg = 12
after 14 iterations, nbhd size=1, neg = 0
#GCMRL#  488 dt  34.879457 rms  0.441  0.619% neg 0  invalid 762 tFOTS 4.0300 tGradient 1.1040 tsec 9.3690
#GCMRL#  489 dt  11.520000 rms  0.440  0.284% neg 0  invalid 762 tFOTS 4.6460 tGradient 1.1780 tsec 6.1160
#FOTS# QuadFit found better minimum quadopt=(dt=16.128,rms=0.438695) vs oldopt=(dt=11.52,rms=0.438751)
#GCMRL#  490 dt  16.128000 rms  0.439  0.000% neg 0  invalid 762 tFOTS 4.0370 tGradient 1.0630 tsec 5.4200
iter 0, gcam->neg = 20
after 5 iterations, nbhd size=0, neg = 0
#GCMRL#  491 dt  16.128000 rms  0.438  0.089% neg 0  invalid 762 tFOTS 0.0000 tGradient 1.0860 tsec 3.1390
iter 0, gcam->neg = 12
after 4 iterations, nbhd size=0, neg = 0
#GCMRL#  492 dt  16.128000 rms  0.437  0.228% neg 0  invalid 762 tFOTS 0.0000 tGradient 1.1870 tsec 3.0210
iter 0, gcam->neg = 18
after 13 iterations, nbhd size=1, neg = 0
#GCMRL#  493 dt  16.128000 rms  0.436  0.233% neg 0  invalid 762 tFOTS 0.0000 tGradient 1.1340 tsec 5.1790
iter 0, gcam->neg = 25
after 6 iterations, nbhd size=0, neg = 0
#GCMRL#  494 dt  16.128000 rms  0.435  0.331% neg 0  invalid 762 tFOTS 0.0000 tGradient 1.1060 tsec 3.4390
iter 0, gcam->neg = 36
after 17 iterations, nbhd size=1, neg = 0
#GCMRL#  495 dt  16.128000 rms  0.434  0.116% neg 0  invalid 762 tFOTS 0.0000 tGradient 1.1210 tsec 6.1280
iter 0, gcam->neg = 33
after 16 iterations, nbhd size=1, neg = 0
#GCMRL#  496 dt  16.128000 rms  0.433  0.228% neg 0  invalid 762 tFOTS 0.0000 tGradient 1.1410 tsec 5.9940
iter 0, gcam->neg = 39
after 18 iterations, nbhd size=1, neg = 0
#GCMRL#  497 dt  16.128000 rms  0.433  0.110% neg 0  invalid 762 tFOTS 0.0000 tGradient 1.0490 tsec 6.5160
iter 0, gcam->neg = 36
after 10 iterations, nbhd size=1, neg = 0
#GCMRL#  498 dt  16.128000 rms  0.432  0.118% neg 0  invalid 762 tFOTS 0.0000 tGradient 1.0950 tsec 4.2540
iter 0, gcam->neg = 62
after 14 iterations, nbhd size=1, neg = 0
#GCMRL#  499 dt  16.128000 rms  0.432  0.050% neg 0  invalid 762 tFOTS 0.0000 tGradient 1.1940 tsec 5.6760
#FOTS# QuadFit found better minimum quadopt=(dt=9.216,rms=0.431604) vs oldopt=(dt=11.52,rms=0.431646)
iter 0, gcam->neg = 10
after 2 iterations, nbhd size=0, neg = 0
#GCMRL#  500 dt   9.216000 rms  0.432  0.123% neg 0  invalid 762 tFOTS 4.0470 tGradient 1.0580 tsec 6.3610
#FOTS# QuadFit found better minimum quadopt=(dt=9.216,rms=0.431305) vs oldopt=(dt=11.52,rms=0.431306)
iter 0, gcam->neg = 7
after 4 iterations, nbhd size=0, neg = 0
#GCMRL#  501 dt   9.216000 rms  0.431  0.000% neg 0  invalid 762 tFOTS 4.1650 tGradient 1.0420 tsec 7.0900
iter 0, gcam->neg = 6
after 4 iterations, nbhd size=0, neg = 0
#GCMRL#  502 dt   9.216000 rms  0.431  0.008% neg 0  invalid 762 tFOTS 0.0000 tGradient 1.0910 tsec 2.9020
iter 0, gcam->neg = 14
after 3 iterations, nbhd size=0, neg = 0
#GCMRL#  503 dt   9.216000 rms  0.431  0.001% neg 0  invalid 762 tFOTS 0.0000 tGradient 1.1830 tsec 2.7930
iter 0, gcam->neg = 18
after 6 iterations, nbhd size=0, neg = 0
setting smoothness cost coefficient to 1.000

#GCAMreg# pass 0 level1 1 level2 0 tsec 0 sigma 2
l_jacobian=1.00 l_label=1.00 l_log_likelihood=0.20 l_smoothness=1.00 
tol=2.50e-01, dt=5.00e-02, exp_k=20.0, momentum=0.90, levels=6, niter=500, lbl_dist=10.00, avgs=1, sigma=2.0,type=2, relabel=0, neg=yes

blurring input image with Gaussian with sigma=2.000...
GCAMRegisterLevel(): init RMS 0.437362
#GCMRL#  505 dt   0.000000 rms  0.437  0.117% neg 0  invalid 762 tFOTS 4.3470 tGradient 1.1440 tsec 5.8130

#GCAMreg# pass 0 level1 1 level2 1 tsec 19.394 sigma 0.5
l_jacobian=1.00 l_label=1.00 l_log_likelihood=0.20 l_smoothness=1.00 
tol=2.50e-01, dt=5.00e-02, exp_k=20.0, momentum=0.90, levels=6, niter=500, lbl_dist=10.00, avgs=1, sigma=0.5,type=2, relabel=0, neg=yes

blurring input image with Gaussian with sigma=0.500...
GCAMRegisterLevel(): init RMS 0.437362
#GCMRL#  507 dt   0.000000 rms  0.437  0.117% neg 0  invalid 762 tFOTS 3.8360 tGradient 0.9970 tsec 5.1320
resetting metric properties...
setting smoothness cost coefficient to 2.000

#GCAMreg# pass 0 level1 0 level2 0 tsec 0 sigma 2
l_jacobian=1.00 l_label=1.00 l_log_likelihood=0.20 l_smoothness=2.00 
tol=2.50e-01, dt=5.00e-02, exp_k=20.0, momentum=0.90, levels=6, niter=500, lbl_dist=10.00, avgs=0, sigma=2.0,type=2, relabel=0, neg=yes

blurring input image with Gaussian with sigma=2.000...
GCAMRegisterLevel(): init RMS 0.427998
#FOTS# QuadFit found better minimum quadopt=(dt=1.866,rms=0.404335) vs oldopt=(dt=1.28,rms=0.406826)
iter 0, gcam->neg = 692
after 14 iterations, nbhd size=1, neg = 0
#GCMRL#  509 dt   1.865997 rms  0.405  5.260% neg 0  invalid 762 tFOTS 4.3340 tGradient 0.6220 tsec 9.5070
#GCMRL#  510 dt   0.000013 rms  0.405  0.000% neg 0  invalid 762 tFOTS 5.3280 tGradient 0.6140 tsec 6.2750

#GCAMreg# pass 0 level1 0 level2 1 tsec 24.929 sigma 0.5
l_jacobian=1.00 l_label=1.00 l_log_likelihood=0.20 l_smoothness=2.00 
tol=2.50e-01, dt=5.00e-02, exp_k=20.0, momentum=0.90, levels=6, niter=500, lbl_dist=10.00, avgs=0, sigma=0.5,type=2, relabel=0, neg=yes

blurring input image with Gaussian with sigma=0.500...
GCAMRegisterLevel(): init RMS 0.406103
#FOTS# QuadFit found better minimum quadopt=(dt=0.064,rms=0.405347) vs oldopt=(dt=0.08,rms=0.405363)
#GCMRL#  512 dt   0.064000 rms  0.405  0.186% neg 0  invalid 762 tFOTS 4.1100 tGradient 0.6000 tsec 5.0030
#GCMRL#  513 dt   0.050000 rms  0.405  0.000% neg 0  invalid 762 tFOTS 4.1290 tGradient 0.6180 tsec 5.0950
label assignment complete, 0 changed (0.00%)
GCAMregister done in 6.44238 min
Starting GCAMcomputeMaxPriorLabels()
Morphing with label term set to 0 *******************************
Starting GCAMregister()
label assignment complete, 0 changed (0.00%)
npasses = 1, nlevels = 6
#pass# 1 of 1 ************************
enabling zero nodes
setting smoothness cost coefficient to 0.008

#GCAMreg# pass 0 level1 5 level2 0 tsec 0 sigma 2
l_jacobian=1.00 l_log_likelihood=0.20 l_smoothness=0.01 
tol=2.50e-01, dt=5.00e-02, exp_k=20.0, momentum=0.90, levels=6, niter=500, lbl_dist=10.00, avgs=256, sigma=2.0,type=2, relabel=0, neg=yes

blurring input image with Gaussian with sigma=2.000...
GCAMRegisterLevel(): init RMS 0.394464

#GCAMreg# pass 0 level1 5 level2 1 tsec 13.866 sigma 0.5
l_jacobian=1.00 l_log_likelihood=0.20 l_smoothness=0.01 
tol=2.50e-01, dt=5.00e-02, exp_k=20.0, momentum=0.90, levels=6, niter=500, lbl_dist=10.00, avgs=256, sigma=0.5,type=2, relabel=0, neg=yes

blurring input image with Gaussian with sigma=0.500...
GCAMRegisterLevel(): init RMS 0.394464
setting smoothness cost coefficient to 0.031

#GCAMreg# pass 0 level1 4 level2 0 tsec 0 sigma 2
l_jacobian=1.00 l_log_likelihood=0.20 l_smoothness=0.03 
tol=2.50e-01, dt=5.00e-02, exp_k=20.0, momentum=0.90, levels=6, niter=500, lbl_dist=10.00, avgs=64, sigma=2.0,type=2, relabel=0, neg=yes

blurring input image with Gaussian with sigma=2.000...
GCAMRegisterLevel(): init RMS 0.394599

#GCAMreg# pass 0 level1 4 level2 1 tsec 13.771 sigma 0.5
l_jacobian=1.00 l_log_likelihood=0.20 l_smoothness=0.03 
tol=2.50e-01, dt=5.00e-02, exp_k=20.0, momentum=0.90, levels=6, niter=500, lbl_dist=10.00, avgs=64, sigma=0.5,type=2, relabel=0, neg=yes

blurring input image with Gaussian with sigma=0.500...
GCAMRegisterLevel(): init RMS 0.394599
#FOTS# QuadFit found better minimum quadopt=(dt=9.072,rms=0.394586) vs oldopt=(dt=6.48,rms=0.394588)
#GCMRL#  518 dt   9.072000 rms  0.395  0.003% neg 0  invalid 762 tFOTS 3.8690 tGradient 0.9450 tsec 5.0990
#FOTS# QuadFit found better minimum quadopt=(dt=5.33333,rms=0.394584) vs oldopt=(dt=6.48,rms=0.394584)
#GCMRL#  519 dt   5.333333 rms  0.395  0.000% neg 0  invalid 762 tFOTS 4.1430 tGradient 0.8940 tsec 5.3090
setting smoothness cost coefficient to 0.118

#GCAMreg# pass 0 level1 3 level2 0 tsec 0 sigma 2
l_jacobian=1.00 l_log_likelihood=0.20 l_smoothness=0.12 
tol=2.50e-01, dt=5.00e-02, exp_k=20.0, momentum=0.90, levels=6, niter=500, lbl_dist=10.00, avgs=16, sigma=2.0,type=2, relabel=0, neg=yes

blurring input image with Gaussian with sigma=2.000...
GCAMRegisterLevel(): init RMS 0.395093
#FOTS# QuadFit found better minimum quadopt=(dt=9.6,rms=0.394897) vs oldopt=(dt=8,rms=0.394897)
#GCMRL#  521 dt   9.600000 rms  0.395  0.050% neg 0  invalid 762 tFOTS 3.5700 tGradient 0.8120 tsec 4.6430
#FOTS# QuadFit found better minimum quadopt=(dt=2.8,rms=0.394873) vs oldopt=(dt=2,rms=0.394878)
#GCMRL#  522 dt   2.800000 rms  0.395  0.000% neg 0  invalid 762 tFOTS 3.7040 tGradient 0.8040 tsec 4.7930
#GCMRL#  523 dt   2.800000 rms  0.395  0.003% neg 0  invalid 762 tFOTS 0.0000 tGradient 0.7960 tsec 1.0350
iter 0, gcam->neg = 1
after 0 iterations, nbhd size=0, neg = 0

#GCAMreg# pass 0 level1 3 level2 1 tsec 20.393 sigma 0.5
l_jacobian=1.00 l_log_likelihood=0.20 l_smoothness=0.12 
tol=2.50e-01, dt=5.00e-02, exp_k=20.0, momentum=0.90, levels=6, niter=500, lbl_dist=10.00, avgs=16, sigma=0.5,type=2, relabel=0, neg=yes

blurring input image with Gaussian with sigma=0.500...
GCAMRegisterLevel(): init RMS 0.39486
#FOTS# QuadFit found better minimum quadopt=(dt=44.8,rms=0.392969) vs oldopt=(dt=32,rms=0.393188)
iter 0, gcam->neg = 7
after 3 iterations, nbhd size=0, neg = 0
#GCMRL#  525 dt  44.800000 rms  0.393  0.476% neg 0  invalid 762 tFOTS 3.5280 tGradient 0.7990 tsec 5.8570
iter 0, gcam->neg = 3
after 8 iterations, nbhd size=1, neg = 0
#GCMRL#  526 dt  32.000000 rms  0.392  0.000% neg 0  invalid 762 tFOTS 3.5890 tGradient 0.8120 tsec 7.2720
iter 0, gcam->neg = 2
after 2 iterations, nbhd size=0, neg = 0
#GCMRL#  527 dt  32.000000 rms  0.392  0.138% neg 0  invalid 762 tFOTS 0.0000 tGradient 0.8240 tsec 2.0830
iter 0, gcam->neg = 7
after 0 iterations, nbhd size=0, neg = 0
#GCMRL#  528 dt  32.000000 rms  0.391  0.157% neg 0  invalid 762 tFOTS 0.0000 tGradient 0.8450 tsec 1.5860
iter 0, gcam->neg = 12
after 1 iterations, nbhd size=0, neg = 0
#GCMRL#  529 dt  32.000000 rms  0.391  0.153% neg 0  invalid 762 tFOTS 0.0000 tGradient 0.7970 tsec 1.8410
iter 0, gcam->neg = 15
after 9 iterations, nbhd size=1, neg = 0
#GCMRL#  530 dt  32.000000 rms  0.390  0.079% neg 0  invalid 762 tFOTS 0.0000 tGradient 0.8400 tsec 3.9170
iter 0, gcam->neg = 18
after 17 iterations, nbhd size=1, neg = 0
#GCMRL#  531 dt  32.000000 rms  0.390  0.093% neg 0  invalid 762 tFOTS 0.0000 tGradient 0.8580 tsec 5.8970
iter 0, gcam->neg = 11
after 5 iterations, nbhd size=0, neg = 0
#GCMRL#  532 dt  32.000000 rms  0.390  0.114% neg 0  invalid 762 tFOTS 0.0000 tGradient 0.8050 tsec 2.8140
iter 0, gcam->neg = 14
after 12 iterations, nbhd size=1, neg = 0
#GCMRL#  533 dt  32.000000 rms  0.389  0.094% neg 0  invalid 762 tFOTS 0.0000 tGradient 0.8010 tsec 4.6550
#FOTS# QuadFit found better minimum quadopt=(dt=44.8,rms=0.389004) vs oldopt=(dt=32,rms=0.389032)
iter 0, gcam->neg = 2
after 1 iterations, nbhd size=0, neg = 0
#GCMRL#  534 dt  44.800000 rms  0.389  0.000% neg 0  invalid 762 tFOTS 3.4070 tGradient 1.0180 tsec 5.4620
iter 0, gcam->neg = 1
after 2 iterations, nbhd size=0, neg = 0
#GCMRL#  535 dt  44.800000 rms  0.389  0.042% neg 0  invalid 762 tFOTS 0.0000 tGradient 0.7980 tsec 2.0810
iter 0, gcam->neg = 1
after 0 iterations, nbhd size=0, neg = 0
#GCMRL#  536 dt  44.800000 rms  0.389  0.052% neg 0  invalid 762 tFOTS 0.0000 tGradient 0.9790 tsec 1.7370
iter 0, gcam->neg = 4
after 0 iterations, nbhd size=0, neg = 0
#GCMRL#  537 dt  44.800000 rms  0.389  0.035% neg 0  invalid 762 tFOTS 0.0000 tGradient 0.8220 tsec 1.6060
iter 0, gcam->neg = 3
after 4 iterations, nbhd size=0, neg = 0
#GCMRL#  538 dt  44.800000 rms  0.388  0.036% neg 0  invalid 762 tFOTS 0.0000 tGradient 0.7900 tsec 2.5530
iter 0, gcam->neg = 9
after 2 iterations, nbhd size=0, neg = 0
setting smoothness cost coefficient to 0.400

#GCAMreg# pass 0 level1 2 level2 0 tsec 0 sigma 2
l_jacobian=1.00 l_log_likelihood=0.20 l_smoothness=0.40 
tol=2.50e-01, dt=5.00e-02, exp_k=20.0, momentum=0.90, levels=6, niter=500, lbl_dist=10.00, avgs=4, sigma=2.0,type=2, relabel=0, neg=yes

blurring input image with Gaussian with sigma=2.000...
GCAMRegisterLevel(): init RMS 0.391575
#FOTS# QuadFit found better minimum quadopt=(dt=0.252,rms=0.391574) vs oldopt=(dt=0.18,rms=0.391574)
#GCMRL#  540 dt   0.252000 rms  0.392  0.000% neg 0  invalid 762 tFOTS 3.8520 tGradient 0.7580 tsec 4.8850
#FOTS# QuadFit found better minimum quadopt=(dt=0.216,rms=0.391573) vs oldopt=(dt=0.18,rms=0.391573)
#GCMRL#  541 dt   0.216000 rms  0.392  0.000% neg 0  invalid 762 tFOTS 4.1050 tGradient 0.8080 tsec 5.2950

#GCAMreg# pass 0 level1 2 level2 1 tsec 19.95 sigma 0.5
l_jacobian=1.00 l_log_likelihood=0.20 l_smoothness=0.40 
tol=2.50e-01, dt=5.00e-02, exp_k=20.0, momentum=0.90, levels=6, niter=500, lbl_dist=10.00, avgs=4, sigma=0.5,type=2, relabel=0, neg=yes

blurring input image with Gaussian with sigma=0.500...
GCAMRegisterLevel(): init RMS 0.391573
#FOTS# QuadFit found better minimum quadopt=(dt=9.66667,rms=0.391195) vs oldopt=(dt=11.52,rms=0.391213)
iter 0, gcam->neg = 3
after 4 iterations, nbhd size=0, neg = 0
#GCMRL#  543 dt   9.666667 rms  0.391  0.099% neg 0  invalid 762 tFOTS 4.4630 tGradient 0.9380 tsec 8.0060
#FOTS# QuadFit found better minimum quadopt=(dt=22.9565,rms=0.390499) vs oldopt=(dt=11.52,rms=0.390682)
iter 0, gcam->neg = 7
after 6 iterations, nbhd size=0, neg = 0
#GCMRL#  544 dt  22.956522 rms  0.391  0.174% neg 0  invalid 762 tFOTS 4.7470 tGradient 0.9810 tsec 9.2590
#FOTS# QuadFit found better minimum quadopt=(dt=43.3735,rms=0.389393) vs oldopt=(dt=46.08,rms=0.389398)
iter 0, gcam->neg = 54
after 17 iterations, nbhd size=1, neg = 0
#GCMRL#  545 dt  43.373494 rms  0.390  0.231% neg 0  invalid 762 tFOTS 4.4930 tGradient 0.8190 tsec 11.9550
#FOTS# QuadFit found better minimum quadopt=(dt=10.8052,rms=0.389084) vs oldopt=(dt=11.52,rms=0.389088)
iter 0, gcam->neg = 15
after 12 iterations, nbhd size=1, neg = 0
#GCMRL#  546 dt  10.805195 rms  0.389  0.000% neg 0  invalid 762 tFOTS 4.3960 tGradient 0.8170 tsec 10.1210
iter 0, gcam->neg = 4
after 2 iterations, nbhd size=0, neg = 0
#GCMRL#  547 dt  10.805195 rms  0.389  0.040% neg 0  invalid 762 tFOTS 0.0000 tGradient 0.8110 tsec 2.4810
iter 0, gcam->neg = 14
after 6 iterations, nbhd size=0, neg = 0
#GCMRL#  548 dt  10.805195 rms  0.389  0.025% neg 0  invalid 762 tFOTS 0.0000 tGradient 0.8010 tsec 3.6820
iter 0, gcam->neg = 31
after 6 iterations, nbhd size=0, neg = 0
#GCMRL#  549 dt  10.805195 rms  0.389  0.032% neg 0  invalid 762 tFOTS 0.0000 tGradient 0.8670 tsec 3.8440
iter 0, gcam->neg = 31
after 7 iterations, nbhd size=0, neg = 0
#GCMRL#  550 dt  10.805195 rms  0.389  0.044% neg 0  invalid 762 tFOTS 0.0000 tGradient 0.8360 tsec 4.0660
iter 0, gcam->neg = 35
after 5 iterations, nbhd size=0, neg = 0
#GCMRL#  551 dt  10.805195 rms  0.388  0.080% neg 0  invalid 762 tFOTS 0.0000 tGradient 0.9280 tsec 3.5380
iter 0, gcam->neg = 53
after 8 iterations, nbhd size=0, neg = 0
setting smoothness cost coefficient to 1.000

#GCAMreg# pass 0 level1 1 level2 0 tsec 0 sigma 2
l_jacobian=1.00 l_log_likelihood=0.20 l_smoothness=1.00 
tol=2.50e-01, dt=5.00e-02, exp_k=20.0, momentum=0.90, levels=6, niter=500, lbl_dist=10.00, avgs=1, sigma=2.0,type=2, relabel=0, neg=yes

blurring input image with Gaussian with sigma=2.000...
GCAMRegisterLevel(): init RMS 0.393331
#GCMRL#  553 dt   0.000050 rms  0.393  0.000% neg 0  invalid 762 tFOTS 5.5910 tGradient 0.7020 tsec 6.6490
#FOTS# QuadFit found better minimum quadopt=(dt=0,rms=0.393331) vs oldopt=(dt=0,rms=0.393331)
#GCMRL#  554 dt   0.100000 rms  0.393  0.000% neg 0  invalid 762 tFOTS 3.8370 tGradient 0.8910 tsec 5.0190

#GCAMreg# pass 0 level1 1 level2 1 tsec 21.278 sigma 0.5
l_jacobian=1.00 l_log_likelihood=0.20 l_smoothness=1.00 
tol=2.50e-01, dt=5.00e-02, exp_k=20.0, momentum=0.90, levels=6, niter=500, lbl_dist=10.00, avgs=1, sigma=0.5,type=2, relabel=0, neg=yes

blurring input image with Gaussian with sigma=0.500...
GCAMRegisterLevel(): init RMS 0.393331
resetting metric properties...
setting smoothness cost coefficient to 2.000

#GCAMreg# pass 0 level1 0 level2 0 tsec 0 sigma 2
l_jacobian=1.00 l_log_likelihood=0.20 l_smoothness=2.00 
tol=2.50e-01, dt=5.00e-02, exp_k=20.0, momentum=0.90, levels=6, niter=500, lbl_dist=10.00, avgs=0, sigma=2.0,type=2, relabel=0, neg=yes

blurring input image with Gaussian with sigma=2.000...
GCAMRegisterLevel(): init RMS 0.384584
#FOTS# QuadFit found better minimum quadopt=(dt=1.03425,rms=0.377129) vs oldopt=(dt=1.28,rms=0.377561)
iter 0, gcam->neg = 495
after 18 iterations, nbhd size=1, neg = 0
#GCMRL#  557 dt   1.034253 rms  0.378  1.624% neg 0  invalid 762 tFOTS 4.0920 tGradient 0.2840 tsec 10.1340
#FOTS# QuadFit found better minimum quadopt=(dt=2.73438e-05,rms=0.37834) vs oldopt=(dt=1.95313e-05,rms=0.37834)
#GCMRL#  558 dt   0.000027 rms  0.378  0.000% neg 0  invalid 762 tFOTS 5.1480 tGradient 0.3100 tsec 5.7590

#GCAMreg# pass 0 level1 0 level2 1 tsec 24.877 sigma 0.5
l_jacobian=1.00 l_log_likelihood=0.20 l_smoothness=2.00 
tol=2.50e-01, dt=5.00e-02, exp_k=20.0, momentum=0.90, levels=6, niter=500, lbl_dist=10.00, avgs=0, sigma=0.5,type=2, relabel=0, neg=yes

blurring input image with Gaussian with sigma=0.500...
GCAMRegisterLevel(): init RMS 0.37834
#FOTS# QuadFit found better minimum quadopt=(dt=0.112,rms=0.378114) vs oldopt=(dt=0.08,rms=0.378139)
#GCMRL#  560 dt   0.112000 rms  0.378  0.059% neg 0  invalid 762 tFOTS 3.9450 tGradient 0.2700 tsec 4.4790
#FOTS# QuadFit found better minimum quadopt=(dt=0.112,rms=0.378003) vs oldopt=(dt=0.08,rms=0.378015)
#GCMRL#  561 dt   0.112000 rms  0.378  0.000% neg 0  invalid 762 tFOTS 4.1290 tGradient 0.2670 tsec 4.6700
#GCMRL#  562 dt   0.112000 rms  0.378  0.027% neg 0  invalid 762 tFOTS 0.0000 tGradient 0.2590 tsec 0.5050
#GCMRL#  563 dt   0.112000 rms  0.378  0.006% neg 0  invalid 762 tFOTS 0.0000 tGradient 0.2610 tsec 0.4990
GCAMregister done in 4.43717 min
writing output transformation to transforms/talairach.m3z...
GCAMwrite
Calls to gcamLogLikelihoodEnergy 4727 tmin = 2.05982
Calls to gcamLabelEnergy         4191 tmin = 1.13332
Calls to gcamJacobianEnergy      4727 tmin = 1.24283
Calls to gcamSmoothnessEnergy    4727 tmin = 4.5719
Calls to gcamLogLikelihoodTerm 565 tmin = 0.609383
Calls to gcamLabelTerm         515 tmin = 3.5529
Calls to gcamJacobianTerm      565 tmin = 1.00577
Calls to gcamSmoothnessTerm    565 tmin = 0.501717
Calls to gcamComputeGradient    565 tmin = 14.3645
Calls to gcamComputeMetricProperties    6670 tmin = 3.59137
mri_ca_register took 0 hours, 40 minutes and 53 seconds.
#VMPC# mri_ca_register VmPeak  3394760
FSRUNTIME@ mri_ca_register  0.6815 hours 16 threads
#--------------------------------------
#@# SubCort Seg Tue Mar 10 07:52:03 CET 2026

 mri_ca_label -relabel_unlikely 9 .3 -prior 0.5 -align norm.mgz transforms/talairach.m3z /opt/freesurfer/average/RB_all_2020-01-02.gca aseg.auto_noCCseg.mgz 

sysname  Linux
hostname dna086
machine  x86_64

setenv SUBJECTS_DIR /out/sourcedata/freesurfer
cd /out/sourcedata/freesurfer/sub-v1s8x0051345_ses-1/mri
mri_ca_label -relabel_unlikely 9 .3 -prior 0.5 -align norm.mgz transforms/talairach.m3z /opt/freesurfer/average/RB_all_2020-01-02.gca aseg.auto_noCCseg.mgz 

relabeling unlikely voxels with window_size = 9 and prior threshold 0.30
using Gibbs prior factor = 0.500
renormalizing sequences with structure alignment, equivalent to:
	-renormalize
	-renormalize_mean 0.500
	-regularize 0.500

== Number of threads available to for OpenMP = 16 == 
reading 1 input volumes
reading classifier array from /opt/freesurfer/average/RB_all_2020-01-02.gca
reading input volume from norm.mgz
average std[0] = 7.2
reading transform from transforms/talairach.m3z
setting orig areas to linear transform determinant scaled 6.23
Atlas used for the 3D morph was /opt/freesurfer/average/RB_all_2020-01-02.gca
average std = 7.2   using min determinant for regularization = 5.2
0 singular and 0 ill-conditioned covariance matrices regularized
labeling volume...
renormalizing by structure alignment....
renormalizing input #0
gca peak = 0.15521 (20)
mri peak = 0.14339 (21)
Left_Lateral_Ventricle (4): linear fit = 1.16 x + 0.0 (1063 voxels, overlap=0.619)
Left_Lateral_Ventricle (4): linear fit = 1.16 x + 0.0 (1063 voxels, peak = 23), gca=23.3
gca peak = 0.20380 (13)
mri peak = 0.16231 (24)
Right_Lateral_Ventricle (43): linear fit = 1.67 x + 0.0 (3592 voxels, overlap=0.277)
Right_Lateral_Ventricle (43): linear fit = 1.50 x + 0.0 (3592 voxels, peak = 22), gca=19.5
gca peak = 0.26283 (96)
mri peak = 0.19307 (100)
Right_Pallidum (52): linear fit = 1.05 x + 0.0 (604 voxels, overlap=0.574)
Right_Pallidum (52): linear fit = 1.05 x + 0.0 (604 voxels, peak = 101), gca=101.3
gca peak = 0.15814 (97)
mri peak = 0.19056 (100)
Left_Pallidum (13): linear fit = 1.05 x + 0.0 (593 voxels, overlap=0.487)
Left_Pallidum (13): linear fit = 1.05 x + 0.0 (593 voxels, peak = 102), gca=102.3
gca peak = 0.27624 (56)
mri peak = 0.13288 (73)
Right_Hippocampus (53): linear fit = 1.27 x + 0.0 (1036 voxels, overlap=0.019)
Right_Hippocampus (53): linear fit = 1.27 x + 0.0 (1036 voxels, peak = 71), gca=71.4
gca peak = 0.28723 (59)
mri peak = 0.13327 (73)
Left_Hippocampus (17): linear fit = 1.23 x + 0.0 (1048 voxels, overlap=0.020)
Left_Hippocampus (17): linear fit = 1.23 x + 0.0 (1048 voxels, peak = 72), gca=72.3
gca peak = 0.07623 (103)
mri peak = 0.13107 (106)
Right_Cerebral_White_Matter (41): linear fit = 1.03 x + 0.0 (29902 voxels, overlap=0.516)
Right_Cerebral_White_Matter (41): linear fit = 1.03 x + 0.0 (29902 voxels, peak = 107), gca=106.6
gca peak = 0.07837 (105)
mri peak = 0.13671 (106)
Left_Cerebral_White_Matter (2): linear fit = 1.03 x + 0.0 (32154 voxels, overlap=0.474)
Left_Cerebral_White_Matter (2): linear fit = 1.03 x + 0.0 (32154 voxels, peak = 109), gca=108.7
gca peak = 0.10165 (58)
mri peak = 0.05001 (68)
Left_Cerebral_Cortex (3): linear fit = 1.20 x + 0.0 (31137 voxels, overlap=0.283)
Left_Cerebral_Cortex (3): linear fit = 1.20 x + 0.0 (31137 voxels, peak = 69), gca=69.3
gca peak = 0.11113 (58)
mri peak = 0.04690 (75)
Right_Cerebral_Cortex (42): linear fit = 1.20 x + 0.0 (31198 voxels, overlap=0.166)
Right_Cerebral_Cortex (42): linear fit = 1.20 x + 0.0 (31198 voxels, peak = 69), gca=69.3
gca peak = 0.27796 (67)
mri peak = 0.13349 (80)
Right_Caudate (50): linear fit = 1.22 x + 0.0 (1261 voxels, overlap=0.018)
Right_Caudate (50): linear fit = 1.22 x + 0.0 (1261 voxels, peak = 81), gca=81.4
gca peak = 0.14473 (69)
mri peak = 0.14432 (83)
Left_Caudate (11): linear fit = 1.12 x + 0.0 (1074 voxels, overlap=0.119)
Left_Caudate (11): linear fit = 1.12 x + 0.0 (1074 voxels, peak = 78), gca=77.6
gca peak = 0.14301 (56)
mri peak = 0.06440 (72)
Left_Cerebellum_Cortex (8): linear fit = 1.26 x + 0.0 (27057 voxels, overlap=0.041)
Left_Cerebellum_Cortex (8): linear fit = 1.26 x + 0.0 (27057 voxels, peak = 71), gca=70.8
gca peak = 0.14610 (55)
mri peak = 0.07791 (72)
Right_Cerebellum_Cortex (47): linear fit = 1.26 x + 0.0 (29894 voxels, overlap=0.018)
Right_Cerebellum_Cortex (47): linear fit = 1.26 x + 0.0 (29894 voxels, peak = 70), gca=69.6
gca peak = 0.16309 (85)
mri peak = 0.12724 (89)
Left_Cerebellum_White_Matter (7): linear fit = 1.07 x + 0.0 (6091 voxels, overlap=0.426)
Left_Cerebellum_White_Matter (7): linear fit = 1.07 x + 0.0 (6091 voxels, peak = 91), gca=90.5
gca peak = 0.15172 (84)
mri peak = 0.17423 (88)
Right_Cerebellum_White_Matter (46): linear fit = 1.04 x + 0.0 (6155 voxels, overlap=0.588)
Right_Cerebellum_White_Matter (46): linear fit = 1.04 x + 0.0 (6155 voxels, peak = 88), gca=87.8
gca peak = 0.30461 (58)
mri peak = 0.14903 (74)
Left_Amygdala (18): linear fit = 1.26 x + 0.0 (456 voxels, overlap=0.053)
Left_Amygdala (18): linear fit = 1.26 x + 0.0 (456 voxels, peak = 73), gca=73.4
gca peak = 0.32293 (57)
mri peak = 0.13980 (74)
Right_Amygdala (54): linear fit = 1.30 x + 0.0 (606 voxels, overlap=0.043)
Right_Amygdala (54): linear fit = 1.30 x + 0.0 (606 voxels, peak = 74), gca=74.4
gca peak = 0.11083 (90)
mri peak = 0.10147 (92)
Left_Thalamus (10): linear fit = 1.04 x + 0.0 (5112 voxels, overlap=0.805)
Left_Thalamus (10): linear fit = 1.04 x + 0.0 (5112 voxels, peak = 94), gca=94.0
gca peak = 0.11393 (83)
mri peak = 0.10389 (92)
Right_Thalamus (49): linear fit = 1.09 x + 0.0 (4844 voxels, overlap=0.688)
Right_Thalamus (49): linear fit = 1.09 x + 0.0 (4844 voxels, peak = 90), gca=90.1
gca peak = 0.08575 (81)
mri peak = 0.10492 (92)
Left_Putamen (12): linear fit = 1.13 x + 0.0 (1683 voxels, overlap=0.154)
Left_Putamen (12): linear fit = 1.13 x + 0.0 (1683 voxels, peak = 92), gca=91.9
gca peak = 0.08618 (78)
mri peak = 0.09616 (87)
Right_Putamen (51): linear fit = 1.13 x + 0.0 (1854 voxels, overlap=0.333)
Right_Putamen (51): linear fit = 1.13 x + 0.0 (1854 voxels, peak = 89), gca=88.5
gca peak = 0.08005 (78)
mri peak = 0.11130 (86)
Brain_Stem (16): linear fit = 1.08 x + 0.0 (14090 voxels, overlap=0.429)
Brain_Stem (16): linear fit = 1.08 x + 0.0 (14090 voxels, peak = 84), gca=83.9
gca peak = 0.12854 (88)
mri peak = 0.09465 (96)
Right_VentralDC (60): linear fit = 1.09 x + 0.0 (1581 voxels, overlap=0.419)
Right_VentralDC (60): linear fit = 1.09 x + 0.0 (1581 voxels, peak = 95), gca=95.5
gca peak = 0.15703 (87)
mri peak = 0.11985 (96)
Left_VentralDC (28): linear fit = 1.08 x + 0.0 (1657 voxels, overlap=0.329)
Left_VentralDC (28): linear fit = 1.08 x + 0.0 (1657 voxels, peak = 94), gca=93.5
gca peak = 0.17522 (25)
mri peak = 0.14104 (27)
gca peak = 0.17113 (14)
mri peak = 0.16803 (25)
Fourth_Ventricle (15): linear fit = 1.54 x + 0.0 (169 voxels, overlap=0.169)
Fourth_Ventricle (15): linear fit = 1.54 x + 0.0 (169 voxels, peak = 22), gca=21.6
gca peak Unknown = 0.94777 ( 0)
gca peak Left_Inf_Lat_Vent = 0.16627 (28)
gca peak Third_Ventricle = 0.17522 (25)
gca peak Fourth_Ventricle = 0.17113 (14)
gca peak CSF = 0.20346 (36)
gca peak Left_Accumbens_area = 0.70646 (62)
gca peak Left_undetermined = 1.00000 (28)
gca peak Left_vessel = 0.89917 (53)
gca peak Left_choroid_plexus = 0.11689 (35)
gca peak Right_Inf_Lat_Vent = 0.25504 (23)
gca peak Right_Accumbens_area = 0.31650 (65)
gca peak Right_vessel = 0.77268 (52)
gca peak Right_choroid_plexus = 0.13275 (38)
gca peak Fifth_Ventricle = 0.60973 (33)
gca peak WM_hypointensities = 0.11013 (77)
gca peak non_WM_hypointensities = 0.11354 (41)
gca peak Optic_Chiasm = 0.51646 (76)
not using caudate to estimate GM means
estimating mean gm scale to be 1.24 x + 0.0
estimating mean wm scale to be 1.03 x + 0.0
estimating mean csf scale to be 1.33 x + 0.0
saving intensity scales to aseg.auto_noCCseg.label_intensities.txt
renormalizing by structure alignment....
renormalizing input #0
gca peak = 0.14719 (24)
mri peak = 0.14339 (21)
Left_Lateral_Ventricle (4): linear fit = 0.98 x + 0.0 (1063 voxels, overlap=0.815)
Left_Lateral_Ventricle (4): linear fit = 0.98 x + 0.0 (1063 voxels, peak = 23), gca=23.4
gca peak = 0.16334 (19)
mri peak = 0.16231 (24)
Right_Lateral_Ventricle (43): linear fit = 1.13 x + 0.0 (3592 voxels, overlap=0.464)
Right_Lateral_Ventricle (43): linear fit = 1.13 x + 0.0 (3592 voxels, peak = 22), gca=21.6
gca peak = 0.21445 (101)
mri peak = 0.19307 (100)
Right_Pallidum (52): linear fit = 1.00 x + 0.0 (604 voxels, overlap=0.999)
Right_Pallidum (52): linear fit = 1.00 x + 0.0 (604 voxels, peak = 100), gca=100.5
gca peak = 0.16455 (100)
mri peak = 0.19056 (100)
Left_Pallidum (13): linear fit = 1.00 x + 0.0 (593 voxels, overlap=0.994)
Left_Pallidum (13): linear fit = 1.00 x + 0.0 (593 voxels, peak = 100), gca=100.0
gca peak = 0.26401 (71)
mri peak = 0.13288 (73)
Right_Hippocampus (53): linear fit = 1.01 x + 0.0 (1036 voxels, overlap=1.000)
Right_Hippocampus (53): linear fit = 1.01 x + 0.0 (1036 voxels, peak = 72), gca=72.1
gca peak = 0.31098 (69)
mri peak = 0.13327 (73)
Left_Hippocampus (17): linear fit = 0.99 x + 0.0 (1048 voxels, overlap=1.006)
Left_Hippocampus (17): linear fit = 0.99 x + 0.0 (1048 voxels, peak = 68), gca=68.0
gca peak = 0.07642 (107)
mri peak = 0.13107 (106)
Right_Cerebral_White_Matter (41): linear fit = 1.00 x + 0.0 (29902 voxels, overlap=0.681)
Right_Cerebral_White_Matter (41): linear fit = 1.00 x + 0.0 (29902 voxels, peak = 107), gca=107.0
gca peak = 0.07610 (108)
mri peak = 0.13671 (106)
Left_Cerebral_White_Matter (2): linear fit = 1.00 x + 0.0 (32154 voxels, overlap=0.639)
Left_Cerebral_White_Matter (2): linear fit = 1.00 x + 0.0 (32154 voxels, peak = 109), gca=108.5
gca peak = 0.08235 (69)
mri peak = 0.05001 (68)
Left_Cerebral_Cortex (3): linear fit = 1.00 x + 0.0 (31137 voxels, overlap=0.952)
Left_Cerebral_Cortex (3): linear fit = 1.00 x + 0.0 (31137 voxels, peak = 69), gca=69.0
gca peak = 0.09469 (70)
mri peak = 0.04690 (75)
Right_Cerebral_Cortex (42): linear fit = 1.03 x + 0.0 (31198 voxels, overlap=0.946)
Right_Cerebral_Cortex (42): linear fit = 1.03 x + 0.0 (31198 voxels, peak = 72), gca=72.4
gca peak = 0.20955 (81)
mri peak = 0.13349 (80)
Right_Caudate (50): linear fit = 0.99 x + 0.0 (1261 voxels, overlap=1.000)
Right_Caudate (50): linear fit = 0.99 x + 0.0 (1261 voxels, peak = 80), gca=79.8
gca peak = 0.14146 (77)
mri peak = 0.14432 (83)
Left_Caudate (11): linear fit = 1.02 x + 0.0 (1074 voxels, overlap=0.766)
Left_Caudate (11): linear fit = 1.02 x + 0.0 (1074 voxels, peak = 79), gca=78.9
gca peak = 0.10937 (70)
mri peak = 0.06440 (72)
Left_Cerebellum_Cortex (8): linear fit = 0.99 x + 0.0 (27057 voxels, overlap=0.970)
Left_Cerebellum_Cortex (8): linear fit = 0.99 x + 0.0 (27057 voxels, peak = 69), gca=69.0
gca peak = 0.12849 (70)
mri peak = 0.07791 (72)
Right_Cerebellum_Cortex (47): linear fit = 0.99 x + 0.0 (29894 voxels, overlap=0.963)
Right_Cerebellum_Cortex (47): linear fit = 0.99 x + 0.0 (29894 voxels, peak = 69), gca=69.0
gca peak = 0.15236 (90)
mri peak = 0.12724 (89)
Left_Cerebellum_White_Matter (7): linear fit = 1.00 x + 0.0 (6091 voxels, overlap=0.880)
Left_Cerebellum_White_Matter (7): linear fit = 1.00 x + 0.0 (6091 voxels, peak = 90), gca=89.6
gca peak = 0.15300 (88)
mri peak = 0.17423 (88)
Right_Cerebellum_White_Matter (46): linear fit = 1.00 x + 0.0 (6155 voxels, overlap=0.857)
Right_Cerebellum_White_Matter (46): linear fit = 1.00 x + 0.0 (6155 voxels, peak = 88), gca=87.6
gca peak = 0.27588 (72)
mri peak = 0.14903 (74)
Left_Amygdala (18): linear fit = 1.01 x + 0.0 (456 voxels, overlap=1.012)
Left_Amygdala (18): linear fit = 1.01 x + 0.0 (456 voxels, peak = 73), gca=73.1
gca peak = 0.28901 (74)
mri peak = 0.13980 (74)
Right_Amygdala (54): linear fit = 0.99 x + 0.0 (606 voxels, overlap=1.003)
Right_Amygdala (54): linear fit = 0.99 x + 0.0 (606 voxels, peak = 73), gca=72.9
gca peak = 0.10857 (94)
mri peak = 0.10147 (92)
Left_Thalamus (10): linear fit = 1.00 x + 0.0 (5112 voxels, overlap=0.936)
Left_Thalamus (10): linear fit = 1.00 x + 0.0 (5112 voxels, peak = 94), gca=93.5
gca peak = 0.10482 (90)
mri peak = 0.10389 (92)
Right_Thalamus (49): linear fit = 1.00 x + 0.0 (4844 voxels, overlap=0.880)
Right_Thalamus (49): linear fit = 1.00 x + 0.0 (4844 voxels, peak = 90), gca=89.6
gca peak = 0.07625 (92)
mri peak = 0.10492 (92)
Left_Putamen (12): linear fit = 1.00 x + 0.0 (1683 voxels, overlap=0.724)
Left_Putamen (12): linear fit = 1.00 x + 0.0 (1683 voxels, peak = 92), gca=91.5
gca peak = 0.08626 (86)
mri peak = 0.09616 (87)
Right_Putamen (51): linear fit = 1.00 x + 0.0 (1854 voxels, overlap=0.846)
Right_Putamen (51): linear fit = 1.00 x + 0.0 (1854 voxels, peak = 86), gca=85.6
gca peak = 0.08358 (84)
mri peak = 0.11130 (86)
Brain_Stem (16): linear fit = 1.00 x + 0.0 (14090 voxels, overlap=0.711)
Brain_Stem (16): linear fit = 1.00 x + 0.0 (14090 voxels, peak = 84), gca=84.0
gca peak = 0.11740 (97)
mri peak = 0.09465 (96)
Right_VentralDC (60): linear fit = 0.98 x + 0.0 (1581 voxels, overlap=0.800)
Right_VentralDC (60): linear fit = 0.98 x + 0.0 (1581 voxels, peak = 95), gca=94.6
gca peak = 0.14874 (93)
mri peak = 0.11985 (96)
Left_VentralDC (28): linear fit = 1.01 x + 0.0 (1657 voxels, overlap=0.861)
Left_VentralDC (28): linear fit = 1.01 x + 0.0 (1657 voxels, peak = 94), gca=94.4
gca peak = 0.12726 (34)
mri peak = 0.14104 (27)
gca peak = 0.15172 (19)
mri peak = 0.16803 (25)
Fourth_Ventricle (15): linear fit = 1.16 x + 0.0 (169 voxels, overlap=0.405)
Fourth_Ventricle (15): linear fit = 1.16 x + 0.0 (169 voxels, peak = 22), gca=22.1
gca peak Unknown = 0.94777 ( 0)
gca peak Left_Inf_Lat_Vent = 0.17357 (34)
gca peak Third_Ventricle = 0.12726 (34)
gca peak CSF = 0.15662 (41)
gca peak Left_Accumbens_area = 0.75147 (70)
gca peak Left_undetermined = 1.00000 (28)
gca peak Left_vessel = 0.89837 (53)
gca peak Left_choroid_plexus = 0.10623 (35)
gca peak Right_Inf_Lat_Vent = 0.17464 (37)
gca peak Right_Accumbens_area = 0.29173 (79)
gca peak Right_vessel = 0.77268 (52)
gca peak Right_choroid_plexus = 0.13289 (38)
gca peak Fifth_Ventricle = 0.77755 (42)
gca peak WM_hypointensities = 0.10896 (79)
gca peak non_WM_hypointensities = 0.14624 (42)
gca peak Optic_Chiasm = 0.51658 (76)
not using caudate to estimate GM means
estimating mean gm scale to be 1.01 x + 0.0
estimating mean wm scale to be 1.00 x + 0.0
estimating mean csf scale to be 1.09 x + 0.0
saving intensity scales to aseg.auto_noCCseg.label_intensities.txt
saving sequentially combined intensity scales to aseg.auto_noCCseg.label_intensities.txt
45537 voxels changed in iteration 0 of unlikely voxel relabeling
167 voxels changed in iteration 1 of unlikely voxel relabeling
0 voxels changed in iteration 2 of unlikely voxel relabeling
41901 gm and wm labels changed (%35 to gray, %65 to white out of all changed labels)
308 hippocampal voxels changed.
0 amygdala voxels changed.
Reclassifying using Gibbs Priors
pass 1: 56471 changed. image ll: -2.069, PF=0.500
pass 2: 14378 changed. image ll: -2.068, PF=0.500
pass 3: 4185 changed.
33208 voxels changed in iteration 0 of unlikely voxel relabeling
229 voxels changed in iteration 1 of unlikely voxel relabeling
7 voxels changed in iteration 2 of unlikely voxel relabeling
2 voxels changed in iteration 3 of unlikely voxel relabeling
0 voxels changed in iteration 4 of unlikely voxel relabeling
6977 voxels changed in iteration 0 of unlikely voxel relabeling
168 voxels changed in iteration 1 of unlikely voxel relabeling
13 voxels changed in iteration 2 of unlikely voxel relabeling
0 voxels changed in iteration 3 of unlikely voxel relabeling
5041 voxels changed in iteration 0 of unlikely voxel relabeling
68 voxels changed in iteration 1 of unlikely voxel relabeling
4 voxels changed in iteration 2 of unlikely voxel relabeling
0 voxels changed in iteration 3 of unlikely voxel relabeling
4393 voxels changed in iteration 0 of unlikely voxel relabeling
28 voxels changed in iteration 1 of unlikely voxel relabeling
0 voxels changed in iteration 2 of unlikely voxel relabeling
 !!!!!!!!! ventricle segment 0 with volume 6464 above threshold 100 - not erasing !!!!!!!!!!
 !!!!!!!!! ventricle segment 1 with volume 12010 above threshold 100 - not erasing !!!!!!!!!!
writing labeled volume to aseg.auto_noCCseg.mgz
mri_ca_label utimesec    1365.785581
mri_ca_label stimesec    4.682367
mri_ca_label ru_maxrss   2094764
mri_ca_label ru_ixrss    0
mri_ca_label ru_idrss    0
mri_ca_label ru_isrss    0
mri_ca_label ru_minflt   5509055
mri_ca_label ru_majflt   8
mri_ca_label ru_nswap    0
mri_ca_label ru_inblock  1128
mri_ca_label ru_oublock  648
mri_ca_label ru_msgsnd   0
mri_ca_label ru_msgrcv   0
mri_ca_label ru_nsignals 0
mri_ca_label ru_nvcsw    2942
mri_ca_label ru_nivcsw   1845
auto-labeling took 21 minutes and 48 seconds.
#--------------------------------------
#@# CC Seg Tue Mar 10 08:13:51 CET 2026

 mri_cc -aseg aseg.auto_noCCseg.mgz -o aseg.auto.mgz -lta /out/sourcedata/freesurfer/sub-v1s8x0051345_ses-1/mri/transforms/cc_up.lta sub-v1s8x0051345_ses-1 

will read input aseg from aseg.auto_noCCseg.mgz
writing aseg with cc labels to aseg.auto.mgz
will write lta as /out/sourcedata/freesurfer/sub-v1s8x0051345_ses-1/mri/transforms/cc_up.lta
reading aseg from /out/sourcedata/freesurfer/sub-v1s8x0051345_ses-1/mri/aseg.auto_noCCseg.mgz
reading norm from /out/sourcedata/freesurfer/sub-v1s8x0051345_ses-1/mri/norm.mgz
94798 voxels in left wm, 71290 in right wm, xrange [121, 140]
searching rotation angles z=[-6  8], y=[-2 12]
searching scale 1 Z rot -5.7  searching scale 1 Z rot -5.5  searching scale 1 Z rot -5.2  searching scale 1 Z rot -5.0  searching scale 1 Z rot -4.7  searching scale 1 Z rot -4.5  searching scale 1 Z rot -4.2  searching scale 1 Z rot -4.0  searching scale 1 Z rot -3.7  searching scale 1 Z rot -3.5  searching scale 1 Z rot -3.2  searching scale 1 Z rot -3.0  searching scale 1 Z rot -2.7  searching scale 1 Z rot -2.5  searching scale 1 Z rot -2.2  searching scale 1 Z rot -2.0  searching scale 1 Z rot -1.7  searching scale 1 Z rot -1.5  searching scale 1 Z rot -1.2  searching scale 1 Z rot -1.0  searching scale 1 Z rot -0.7  searching scale 1 Z rot -0.5  searching scale 1 Z rot -0.2  searching scale 1 Z rot 0.0  searching scale 1 Z rot 0.3  searching scale 1 Z rot 0.5  searching scale 1 Z rot 0.8  searching scale 1 Z rot 1.0  searching scale 1 Z rot 1.3  searching scale 1 Z rot 1.5  searching scale 1 Z rot 1.8  searching scale 1 Z rot 2.0  searching scale 1 Z rot 2.3  searching scale 1 Z rot 2.5  searching scale 1 Z rot 2.8  searching scale 1 Z rot 3.0  searching scale 1 Z rot 3.3  searching scale 1 Z rot 3.5  searching scale 1 Z rot 3.8  searching scale 1 Z rot 4.0  searching scale 1 Z rot 4.3  searching scale 1 Z rot 4.5  searching scale 1 Z rot 4.8  searching scale 1 Z rot 5.0  searching scale 1 Z rot 5.3  searching scale 1 Z rot 5.5  searching scale 1 Z rot 5.8  searching scale 1 Z rot 6.0  searching scale 1 Z rot 6.3  searching scale 1 Z rot 6.5  searching scale 1 Z rot 6.8  searching scale 1 Z rot 7.0  searching scale 1 Z rot 7.3  searching scale 1 Z rot 7.5  global minimum found at slice 129.0, rotations (5.37, 0.77)
final transformation (x=129.0, yr=5.368, zr=0.768):
 0.99552  -0.01340   0.09354  -8.94594;
 0.01334   0.99991   0.00125   43.15784;
-0.09355   0.00000   0.99561   37.52010;
 0.00000   0.00000   0.00000   1.00000;
updating x range to be [126, 131] in xformed coordinates
best xformed slice 128
min_x_fornix = 128
min_x_fornix = 129
min_x_fornix = 131
min_x_fornix = 136
min_x_fornix = 137
cc center is found at 128 83 103
eigenvectors:
 0.00092  -0.00112   1.00000;
-0.15952  -0.98719  -0.00096;
 0.98719  -0.15952  -0.00108;
writing aseg with callosum to /out/sourcedata/freesurfer/sub-v1s8x0051345_ses-1/mri/aseg.auto.mgz...
corpus callosum segmentation took 0.6 minutes
#VMPC# mri_cc VmPeak  556464
mri_cc done
#--------------------------------------
#@# Merge ASeg Tue Mar 10 08:14:26 CET 2026

 cp aseg.auto.mgz aseg.presurf.mgz 

#--------------------------------------------
#@# Intensity Normalization2 Tue Mar 10 08:14:26 CET 2026
/out/sourcedata/freesurfer/sub-v1s8x0051345_ses-1/mri

 mri_normalize -seed 1234 -mprage -aseg aseg.presurf.mgz -mask brainmask.mgz norm.mgz brain.mgz 

setting seed for random number genererator to 1234
assuming input volume is MGH (Van der Kouwe) MP-RAGE
using segmentation for initial intensity normalization
using MR volume brainmask.mgz to mask input volume...
reading mri_src from norm.mgz...
Reading aseg aseg.presurf.mgz
normalizing image...
NOT doing gentle normalization with control points/label
processing with aseg
removing outliers in the aseg WM...
400 control points removed
Building bias image
building Voronoi diagram...
performing soap bubble smoothing, sigma = 0...
Smoothing with sigma 8
Applying bias correction
building Voronoi diagram...
performing soap bubble smoothing, sigma = 8...

Iterating 2 times
---------------------------------
3d normalization pass 1 of 2
white matter peak found at 110
white matter peak found at 109
gm peak at 77 (77), valley at 32 (32)
csf peak at 38, setting threshold to 64
building Voronoi diagram...
performing soap bubble smoothing, sigma = 8...
---------------------------------
3d normalization pass 2 of 2
white matter peak found at 110
white matter peak found at 110
gm peak at 78 (78), valley at 25 (25)
csf peak at 40, setting threshold to 65
building Voronoi diagram...
performing soap bubble smoothing, sigma = 8...
Done iterating ---------------------------------
writing output to brain.mgz
3D bias adjustment took 1 minutes and 27 seconds.
#--------------------------------------------
#@# Mask BFS Tue Mar 10 08:15:54 CET 2026
/out/sourcedata/freesurfer/sub-v1s8x0051345_ses-1/mri

 mri_mask -T 5 brain.mgz brainmask.mgz brain.finalsurfs.mgz 

threshold mask volume at 5
DoAbs = 0
Found 1385753 voxels in mask (pct=  8.26)
Writing masked volume to brain.finalsurfs.mgz...done.
#--------------------------------------------
#@# WM Segmentation Tue Mar 10 08:15:55 CET 2026

 AntsDenoiseImageFs -i brain.mgz -o antsdn.brain.mgz 


 mri_segment -wsizemm 13 -mprage antsdn.brain.mgz wm.seg.mgz 

wsizemm = 13, voxres = 1, wsize = 13
Widening wm low from 89 to 79
assuming input volume is MGH (Van der Kouwe) MP-RAGE
wm mean:  110
wsize:    13
wm low:   79
wm hi:    125
gray low: 30
gray hi:  99
Doing initial trinary intensity segmentation 
Using local statistics to label ambiguous voxels
Autodetecting stats
Computing class statistics for intensity windows...
CCS WM (102.0): 101.7 +- 5.9 [79.0 --> 125.0]
CCS GM (77.0) : 76.5 +- 10.1 [30.0 --> 95.0]
 white_mean 101.664
 white_sigma 5.92887
 gray_mean 76.4767
 gray_sigma 10.1268
setting bottom of white matter range wm_low to 86.6
setting top of gray matter range gray_hi to 96.7
 wm_low 86.6035
 wm_hi  125
 gray_low 30
 gray_hi  96.7303
Redoing initial intensity segmentation...
Recomputing local statistics to label ambiguous voxels...
 wm_low 86.6035
 wm_hi  125
 gray_low 30
 gray_hi  96.7303
using local geometry to label remaining ambiguous voxels...
polvwsize = 5, polvlen = 3, gray_hi = 96.7303, wm_low = 86.6035
MRIcpolvMedianCurveSegment(): wsize=5, len=3, gmhi=96.7303, wmlow=86.6035
    141256 voxels processed (0.84%)
     59802 voxels white (0.36%)
     81454 voxels non-white (0.49%)

Reclassifying voxels using Gaussian border classifier niter=1
MRIreclassify(): wm_low=81.6035, gray_hi=96.7303, wsize=13
    289381 voxels tested (1.72%)
     52754 voxels changed (0.31%)
     58498 multi-scale searches  (0.35%)
Recovering bright white
MRIrecoverBrightWhite()
 wm_low 86.6035
 wm_hi 125
 slack 5.92887
 pct_thresh 0.33
 intensity_thresh 130.929
 nvox_thresh 8.58
       20 voxels tested (0.00%)
        8 voxels changed (0.00%)

removing voxels with positive offset direction...
MRIremoveWrongDirection() wsize=3, lowthr=81.6035, hithr=96.7303
  smoothing input volume with sigma = 0.250
   104807 voxels tested (0.62%)
    16399 voxels changed (0.10%)
thicken = 1
removing 1-dimensional structures...
MRIremove1dStructures(): max_iter=10000, thresh=2, WM_MIN_VAL=5
 2416 sparsely connected voxels removed in 1 iterations
thickening thin strands....
thickness 4
nsegments 20
wm_hi 125
1775 diagonally connected voxels added...
MRIthickenThinWMStrands(): thickness=4, nsegments=20
  20 segments, 6207 filled
MRIfindBrightNonWM(): 76 bright non-wm voxels segmented.
MRIfilterMorphology() WM_MIN_VAL=5, DIAGONAL_FILL=230
white matter segmentation took 0.8 minutes
writing output to wm.seg.mgz...

 mri_edit_wm_with_aseg -keep-in wm.seg.mgz brain.mgz aseg.presurf.mgz wm.asegedit.mgz 

preserving editing changes in input volume...
auto filling took 0.30 minutes
reading wm segmentation from wm.seg.mgz...
0 voxels added to wm to prevent paths from MTL structures to cortex
2826 additional wm voxels added
0 additional wm voxels added
SEG EDIT: 46760 voxels turned on, 51432 voxels turned off.
propagating editing to output volume from wm.seg.mgz
writing edited volume to wm.asegedit.mgz....

 mri_pretess wm.asegedit.mgz wm norm.mgz wm.mgz 


Iteration Number : 1
pass   1 (xy+):  10 found -  10 modified     |    TOTAL:  10
pass   2 (xy+):   0 found -  10 modified     |    TOTAL:  10
pass   1 (xy-):   4 found -   4 modified     |    TOTAL:  14
pass   2 (xy-):   0 found -   4 modified     |    TOTAL:  14
pass   1 (yz+):  16 found -  16 modified     |    TOTAL:  30
pass   2 (yz+):   0 found -  16 modified     |    TOTAL:  30
pass   1 (yz-):  11 found -  11 modified     |    TOTAL:  41
pass   2 (yz-):   0 found -  11 modified     |    TOTAL:  41
pass   1 (xz+):   9 found -   9 modified     |    TOTAL:  50
pass   2 (xz+):   0 found -   9 modified     |    TOTAL:  50
pass   1 (xz-):  11 found -  11 modified     |    TOTAL:  61
pass   2 (xz-):   0 found -  11 modified     |    TOTAL:  61
Iteration Number : 1
pass   1 (+++):   6 found -   6 modified     |    TOTAL:   6
pass   2 (+++):   0 found -   6 modified     |    TOTAL:   6
pass   1 (+++):  11 found -  11 modified     |    TOTAL:  17
pass   2 (+++):   0 found -  11 modified     |    TOTAL:  17
pass   1 (+++):   7 found -   7 modified     |    TOTAL:  24
pass   2 (+++):   0 found -   7 modified     |    TOTAL:  24
pass   1 (+++):   0 found -   0 modified     |    TOTAL:  24
Iteration Number : 1
pass   1 (++):  55 found -  55 modified     |    TOTAL:  55
pass   2 (++):   0 found -  55 modified     |    TOTAL:  55
pass   1 (+-):  56 found -  56 modified     |    TOTAL: 111
pass   2 (+-):   0 found -  56 modified     |    TOTAL: 111
pass   1 (--):  60 found -  60 modified     |    TOTAL: 171
pass   2 (--):   0 found -  60 modified     |    TOTAL: 171
pass   1 (-+):  37 found -  37 modified     |    TOTAL: 208
pass   2 (-+):   0 found -  37 modified     |    TOTAL: 208
Iteration Number : 2
pass   1 (xy+):   2 found -   2 modified     |    TOTAL:   2
pass   2 (xy+):   0 found -   2 modified     |    TOTAL:   2
pass   1 (xy-):   2 found -   2 modified     |    TOTAL:   4
pass   2 (xy-):   0 found -   2 modified     |    TOTAL:   4
pass   1 (yz+):   3 found -   3 modified     |    TOTAL:   7
pass   2 (yz+):   0 found -   3 modified     |    TOTAL:   7
pass   1 (yz-):   1 found -   1 modified     |    TOTAL:   8
pass   2 (yz-):   0 found -   1 modified     |    TOTAL:   8
pass   1 (xz+):   1 found -   1 modified     |    TOTAL:   9
pass   2 (xz+):   0 found -   1 modified     |    TOTAL:   9
pass   1 (xz-):   1 found -   1 modified     |    TOTAL:  10
pass   2 (xz-):   0 found -   1 modified     |    TOTAL:  10
Iteration Number : 2
pass   1 (+++):   0 found -   0 modified     |    TOTAL:   0
pass   1 (+++):   0 found -   0 modified     |    TOTAL:   0
pass   1 (+++):   0 found -   0 modified     |    TOTAL:   0
pass   1 (+++):   2 found -   2 modified     |    TOTAL:   2
pass   2 (+++):   0 found -   2 modified     |    TOTAL:   2
Iteration Number : 2
pass   1 (++):   0 found -   0 modified     |    TOTAL:   0
pass   1 (+-):   0 found -   0 modified     |    TOTAL:   0
pass   1 (--):   0 found -   0 modified     |    TOTAL:   0
pass   1 (-+):   1 found -   1 modified     |    TOTAL:   1
pass   2 (-+):   0 found -   1 modified     |    TOTAL:   1
Iteration Number : 3
pass   1 (xy+):   0 found -   0 modified     |    TOTAL:   0
pass   1 (xy-):   0 found -   0 modified     |    TOTAL:   0
pass   1 (yz+):   0 found -   0 modified     |    TOTAL:   0
pass   1 (yz-):   1 found -   1 modified     |    TOTAL:   1
pass   2 (yz-):   0 found -   1 modified     |    TOTAL:   1
pass   1 (xz+):   0 found -   0 modified     |    TOTAL:   1
pass   1 (xz-):   0 found -   0 modified     |    TOTAL:   1
Iteration Number : 3
pass   1 (+++):   0 found -   0 modified     |    TOTAL:   0
pass   1 (+++):   0 found -   0 modified     |    TOTAL:   0
pass   1 (+++):   0 found -   0 modified     |    TOTAL:   0
pass   1 (+++):   0 found -   0 modified     |    TOTAL:   0
Iteration Number : 3
pass   1 (++):   1 found -   1 modified     |    TOTAL:   1
pass   2 (++):   0 found -   1 modified     |    TOTAL:   1
pass   1 (+-):   0 found -   0 modified     |    TOTAL:   1
pass   1 (--):   0 found -   0 modified     |    TOTAL:   1
pass   1 (-+):   0 found -   0 modified     |    TOTAL:   1
Iteration Number : 4
pass   1 (xy+):   0 found -   0 modified     |    TOTAL:   0
pass   1 (xy-):   0 found -   0 modified     |    TOTAL:   0
pass   1 (yz+):   0 found -   0 modified     |    TOTAL:   0
pass   1 (yz-):   0 found -   0 modified     |    TOTAL:   0
pass   1 (xz+):   0 found -   0 modified     |    TOTAL:   0
pass   1 (xz-):   0 found -   0 modified     |    TOTAL:   0
Iteration Number : 4
pass   1 (+++):   0 found -   0 modified     |    TOTAL:   0
pass   1 (+++):   0 found -   0 modified     |    TOTAL:   0
pass   1 (+++):   0 found -   0 modified     |    TOTAL:   0
pass   1 (+++):   0 found -   0 modified     |    TOTAL:   0
Iteration Number : 4
pass   1 (++):   0 found -   0 modified     |    TOTAL:   0
pass   1 (+-):   0 found -   0 modified     |    TOTAL:   0
pass   1 (--):   0 found -   0 modified     |    TOTAL:   0
pass   1 (-+):   0 found -   0 modified     |    TOTAL:   0

Total Number of Modified Voxels = 308 (out of 519750: 0.059259)
binarizing input wm segmentation...
Ambiguous edge configurations... 

mri_pretess done

#--------------------------------------------
#@# Fill Tue Mar 10 08:17:29 CET 2026
/out/sourcedata/freesurfer/sub-v1s8x0051345_ses-1/mri

 mri_fill -a ../scripts/ponscc.cut.log -xform transforms/talairach.lta -segmentation aseg.presurf.mgz -ctab /opt/freesurfer/SubCorticalMassLUT.txt wm.mgz filled.mgz 

logging cutting plane coordinates to ../scripts/ponscc.cut.log...
INFO: Using transforms/talairach.lta and its offset for Talairach volume ...
using segmentation aseg.presurf.mgz...
reading input volume...done.
searching for cutting planes...voxel to talairach voxel transform
 1.07295   0.00563   0.10787  -24.11650;
-0.06935   1.14977   0.26383  -11.01416;
-0.17773  -0.22325   0.96969   50.39954;
 0.00000   0.00000   0.00000   1.00000;
voxel to talairach voxel transform
 1.07295   0.00563   0.10787  -24.11650;
-0.06935   1.14977   0.26383  -11.01416;
-0.17773  -0.22325   0.96969   50.39954;
 0.00000   0.00000   0.00000   1.00000;
reading segmented volume aseg.presurf.mgz
removing CC from segmentation
Looking for area (min, max) = (350, 1400)
area[0] = 1258 (min = 350, max = 1400), aspect = 0.57 (min = 0.10, max = 0.75)
no need to search
using seed (126, 120, 154), TAL = (2.0, 26.0, 8.0)
talairach voxel to voxel transform
 0.91471  -0.02302  -0.09549   26.61850;
 0.01587   0.82570  -0.22642   20.88821;
 0.17130   0.18588   0.96163  -42.28696;
 0.00000   0.00000   0.00000   1.00000;
segmentation indicates cc at (126,  120,  154) --> (2.0, 26.0, 8.0)
done.
filling took 0.6 minutes
talairach cc position changed to (2.00, 26.00, 8.00)
Erasing brainstem...done.
seed_search_size = 9, min_neighbors = 5
search rh wm seed point around talairach space:(20.00, 26.00, 8.00) SRC: (107.94, 86.82, 146.61)
search lh wm seed point around talairach space (-16.00, 26.00, 8.00), SRC: (140.87, 87.39, 152.78)
compute mri_fill using aseg
Erasing Brain Stem and Cerebellum ...
Define left and right masks using aseg:
Building Voronoi diagram ...
Using the Voronoi diagram for separating WM into two hemispheres ...
Find the largest connected component for each hemisphere ...
Embedding colortable
mri_fill done, writing output to filled.mgz...
 cp filled.mgz filled.auto.mgz

Started at Tue Mar 10 07:10:14 CET 2026 
Ended   at Tue Mar 10 08:18:05 CET 2026
#@#%# recon-all-run-time-hours 1.131
recon-all -s sub-v1s8x0051345_ses-1 finished without error at Tue Mar 10 08:18:05 CET 2026



#New# invocation of recon-all 




Tue Mar 10 08:54:47 CET 2026
cd /out/sourcedata/freesurfer/sub-v1s8x0051345_ses-1
setenv SUBJECTS_DIR /out/sourcedata/freesurfer
/opt/freesurfer/bin/recon-all -parallel -subjid sub-v1s8x0051345_ses-1 -sd /out/sourcedata/freesurfer -cortribbon

subjid sub-v1s8x0051345_ses-1
setenv SUBJECTS_DIR /out/sourcedata/freesurfer
FREESURFER_HOME /opt/freesurfer
Actual FREESURFER_HOME /opt/freesurfer
build-stamp.txt: freesurfer-linux-ubuntu22_x86_64-7.3.2-20220804-6354275
Linux dna086 5.14.0-427.37.1.el9_4.x86_64 #1 SMP PREEMPT_DYNAMIC Fri Sep 13 12:41:50 EDT 2024 x86_64 x86_64 x86_64 GNU/Linux
cputime      unlimited
filesize     unlimited
datasize     unlimited
stacksize    8192 kbytes
coredumpsize 0 kbytes
memoryuse    67108864 kbytes
vmemoryuse   unlimited
descriptors  1024 
memorylocked unlimited
maxproc      2061970 
maxlocks     unlimited
maxsignal    2062024 
maxmessage   819200 
maxnice      0 
maxrtprio    0 
maxrttime    unlimited

               total        used        free      shared  buff/cache   available
Mem:           503Gi       100Gi       370Gi        16Gi        33Gi       384Gi
Swap:             0B          0B          0B

########################################
program versions used
7.3.2 (freesurfer-linux-ubuntu22_x86_64-7.3.2-20220804-6354275)
7.3.2

ProgramName: lta_convert  ProgramArguments: lta_convert -all-info  ProgramVersion: 7.3.2  TimeStamp: 2026/03/10-07:54:47-GMT  BuildTime: Aug  4 2022 06:17:15  BuildStamp: freesurfer-linux-ubuntu22_x86_64-7.3.2-20220804-6354275  User: oesteban  Machine: dna086  Platform: Linux  PlatformVersion: 5.14.0-427.37.1.el9_4.x86_64  CompilerName: GCC  CompilerVersion: 8.4.0
ProgramName: mri_and  ProgramArguments: mri_and -all-info  ProgramVersion: 7.3.2  TimeStamp: 2026/03/10-07:54:47-GMT  BuildTime: Aug  4 2022 06:17:15  BuildStamp: freesurfer-linux-ubuntu22_x86_64-7.3.2-20220804-6354275  User: oesteban  Machine: dna086  Platform: Linux  PlatformVersion: 5.14.0-427.37.1.el9_4.x86_64  CompilerName: GCC  CompilerVersion: 8.4.0
ProgramName: mri_annotation2label  ProgramArguments: mri_annotation2label -all-info  ProgramVersion: 7.3.2  TimeStamp: 2026/03/10-07:54:47-GMT  BuildTime: Aug  4 2022 06:17:15  BuildStamp: freesurfer-linux-ubuntu22_x86_64-7.3.2-20220804-6354275  User: oesteban  Machine: dna086  Platform: Linux  PlatformVersion: 5.14.0-427.37.1.el9_4.x86_64  CompilerName: GCC  CompilerVersion: 8.4.0
ProgramName: mri_aparc2aseg  ProgramArguments: mri_aparc2aseg -all-info  ProgramVersion: 7.3.2  TimeStamp: 2026/03/10-07:54:47-GMT  BuildTime: Aug  4 2022 06:17:15  BuildStamp: freesurfer-linux-ubuntu22_x86_64-7.3.2-20220804-6354275  User: oesteban  Machine: dna086  Platform: Linux  PlatformVersion: 5.14.0-427.37.1.el9_4.x86_64  CompilerName: GCC  CompilerVersion: 8.4.0
ProgramName: mri_surf2volseg  ProgramArguments: mri_surf2volseg -all-info  ProgramVersion: 7.3.2  TimeStamp: 2026/03/10-07:54:47-GMT  BuildTime: Aug  4 2022 06:17:15  BuildStamp: freesurfer-linux-ubuntu22_x86_64-7.3.2-20220804-6354275  User: oesteban  Machine: dna086  Platform: Linux  PlatformVersion: 5.14.0-427.37.1.el9_4.x86_64  CompilerName: GCC  CompilerVersion: 8.4.0
ProgramName: mri_binarize  ProgramArguments: mri_binarize -all-info  ProgramVersion: 7.3.2  TimeStamp: 2026/03/10-07:54:47-GMT  BuildTime: Aug  4 2022 06:17:15  BuildStamp: freesurfer-linux-ubuntu22_x86_64-7.3.2-20220804-6354275  User: oesteban  Machine: dna086  Platform: Linux  PlatformVersion: 5.14.0-427.37.1.el9_4.x86_64  CompilerName: GCC  CompilerVersion: 8.4.0
ProgramName: mri_ca_label  ProgramArguments: mri_ca_label -all-info  ProgramVersion: 7.3.2  TimeStamp: 2026/03/10-07:54:47-GMT  BuildTime: Aug  4 2022 06:17:15  BuildStamp: freesurfer-linux-ubuntu22_x86_64-7.3.2-20220804-6354275  User: oesteban  Machine: dna086  Platform: Linux  PlatformVersion: 5.14.0-427.37.1.el9_4.x86_64  CompilerName: GCC  CompilerVersion: 8.4.0
ProgramName: mri_ca_normalize  ProgramArguments: mri_ca_normalize -all-info  ProgramVersion: 7.3.2  TimeStamp: 2026/03/10-07:54:47-GMT  BuildTime: Aug  4 2022 06:17:15  BuildStamp: freesurfer-linux-ubuntu22_x86_64-7.3.2-20220804-6354275  User: oesteban  Machine: dna086  Platform: Linux  PlatformVersion: 5.14.0-427.37.1.el9_4.x86_64  CompilerName: GCC  CompilerVersion: 8.4.0
ProgramName: mri_ca_register  ProgramArguments: mri_ca_register -all-info  ProgramVersion: 7.3.2  TimeStamp: 2026/03/10-07:54:47-GMT  BuildTime: Aug  4 2022 06:17:15  BuildStamp: freesurfer-linux-ubuntu22_x86_64-7.3.2-20220804-6354275  User: oesteban  Machine: dna086  Platform: Linux  PlatformVersion: 5.14.0-427.37.1.el9_4.x86_64  CompilerName: GCC  CompilerVersion: 8.4.0
ProgramName: mri_cc  ProgramArguments: mri_cc -all-info  ProgramVersion: 7.3.2  TimeStamp: 2026/03/10-07:54:47-GMT  BuildTime: Aug  4 2022 06:17:15  BuildStamp: freesurfer-linux-ubuntu22_x86_64-7.3.2-20220804-6354275  User: oesteban  Machine: dna086  Platform: Linux  PlatformVersion: 5.14.0-427.37.1.el9_4.x86_64  CompilerName: GCC  CompilerVersion: 8.4.0
ProgramName: mri_compute_overlap  ProgramArguments: mri_compute_overlap -all-info  ProgramVersion: 7.3.2  TimeStamp: 2026/03/10-07:54:47-GMT  BuildTime: Aug  4 2022 06:17:15  BuildStamp: freesurfer-linux-ubuntu22_x86_64-7.3.2-20220804-6354275  User: oesteban  Machine: dna086  Platform: Linux  PlatformVersion: 5.14.0-427.37.1.el9_4.x86_64  CompilerName: GCC  CompilerVersion: 8.4.0
ProgramName: mri_compute_seg_overlap  ProgramArguments: mri_compute_seg_overlap -all-info  ProgramVersion: 7.3.2  TimeStamp: 2026/03/10-07:54:47-GMT  BuildTime: Aug  4 2022 06:17:15  BuildStamp: freesurfer-linux-ubuntu22_x86_64-7.3.2-20220804-6354275  User: oesteban  Machine: dna086  Platform: Linux  PlatformVersion: 5.14.0-427.37.1.el9_4.x86_64  CompilerName: GCC  CompilerVersion: 8.4.0
ProgramName: mri_concat  ProgramArguments: mri_concat -all-info  ProgramVersion: 7.3.2  TimeStamp: 2026/03/10-07:54:47-GMT  BuildTime: Aug  4 2022 06:17:15  BuildStamp: freesurfer-linux-ubuntu22_x86_64-7.3.2-20220804-6354275  User: oesteban  Machine: dna086  Platform: Linux  PlatformVersion: 5.14.0-427.37.1.el9_4.x86_64  CompilerName: GCC  CompilerVersion: 8.4.0
ProgramName: mri_concatenate_lta  ProgramArguments: mri_concatenate_lta -all-info  ProgramVersion: 7.3.2  TimeStamp: 2026/03/10-07:54:47-GMT  BuildTime: Aug  4 2022 06:17:15  BuildStamp: freesurfer-linux-ubuntu22_x86_64-7.3.2-20220804-6354275  User: oesteban  Machine: dna086  Platform: Linux  PlatformVersion: 5.14.0-427.37.1.el9_4.x86_64  CompilerName: GCC  CompilerVersion: 8.4.0
mri_convert -all-info 
ProgramName: mri_convert  ProgramArguments: mri_convert -all-info  ProgramVersion: 7.3.2  TimeStamp: 2026/03/10-07:54:47-GMT  BuildTime: Aug  4 2022 06:17:15  BuildStamp: freesurfer-linux-ubuntu22_x86_64-7.3.2-20220804-6354275  User: oesteban  Machine: dna086  Platform: Linux  PlatformVersion: 5.14.0-427.37.1.el9_4.x86_64  CompilerName: GCC  CompilerVersion: 8.4.0
ProgramName: mri_diff  ProgramArguments: mri_diff -all-info  ProgramVersion: 7.3.2  TimeStamp: 2026/03/10-07:54:47-GMT  BuildTime: Aug  4 2022 06:17:15  BuildStamp: freesurfer-linux-ubuntu22_x86_64-7.3.2-20220804-6354275  User: oesteban  Machine: dna086  Platform: Linux  PlatformVersion: 5.14.0-427.37.1.el9_4.x86_64  CompilerName: GCC  CompilerVersion: 8.4.0
ProgramName: mri_edit_wm_with_aseg  ProgramArguments: mri_edit_wm_with_aseg -all-info  ProgramVersion: 7.3.2  TimeStamp: 2026/03/10-07:54:47-GMT  BuildTime: Aug  4 2022 06:17:15  BuildStamp: freesurfer-linux-ubuntu22_x86_64-7.3.2-20220804-6354275  User: oesteban  Machine: dna086  Platform: Linux  PlatformVersion: 5.14.0-427.37.1.el9_4.x86_64  CompilerName: GCC  CompilerVersion: 8.4.0
ProgramName: mri_em_register  ProgramArguments: mri_em_register -all-info  ProgramVersion: 7.3.2  TimeStamp: 2026/03/10-07:54:47-GMT  BuildTime: Aug  4 2022 06:17:15  BuildStamp: freesurfer-linux-ubuntu22_x86_64-7.3.2-20220804-6354275  User: oesteban  Machine: dna086  Platform: Linux  PlatformVersion: 5.14.0-427.37.1.el9_4.x86_64  CompilerName: GCC  CompilerVersion: 8.4.0
ProgramName: mri_fill  ProgramArguments: mri_fill -all-info  ProgramVersion: 7.3.2  TimeStamp: 2026/03/10-07:54:47-GMT  BuildTime: Aug  4 2022 06:17:15  BuildStamp: freesurfer-linux-ubuntu22_x86_64-7.3.2-20220804-6354275  User: oesteban  Machine: dna086  Platform: Linux  PlatformVersion: 5.14.0-427.37.1.el9_4.x86_64  CompilerName: GCC  CompilerVersion: 8.4.0
ProgramName: mri_fuse_segmentations  ProgramArguments: mri_fuse_segmentations -all-info  ProgramVersion: 7.3.2  TimeStamp: 2026/03/10-07:54:47-GMT  BuildTime: Aug  4 2022 06:17:15  BuildStamp: freesurfer-linux-ubuntu22_x86_64-7.3.2-20220804-6354275  User: oesteban  Machine: dna086  Platform: Linux  PlatformVersion: 5.14.0-427.37.1.el9_4.x86_64  CompilerName: GCC  CompilerVersion: 8.4.0
ProgramName: mri_fwhm  ProgramArguments: mri_fwhm -all-info  ProgramVersion: 7.3.2  TimeStamp: 2026/03/10-07:54:47-GMT  BuildTime: Aug  4 2022 06:17:15  BuildStamp: freesurfer-linux-ubuntu22_x86_64-7.3.2-20220804-6354275  User: oesteban  Machine: dna086  Platform: Linux  PlatformVersion: 5.14.0-427.37.1.el9_4.x86_64  CompilerName: GCC  CompilerVersion: 8.4.0
ProgramName: mri_gcut  ProgramArguments: mri_gcut -all-info  ProgramVersion: 7.3.2  TimeStamp: 2026/03/10-07:54:47-GMT  BuildTime: Aug  4 2022 06:17:15  BuildStamp: freesurfer-linux-ubuntu22_x86_64-7.3.2-20220804-6354275  User: oesteban  Machine: dna086  Platform: Linux  PlatformVersion: 5.14.0-427.37.1.el9_4.x86_64  CompilerName: GCC  CompilerVersion: 8.4.0
ProgramName: mri_info  ProgramArguments: mri_info -all-info  ProgramVersion: 7.3.2  TimeStamp: 2026/03/10-07:54:47-GMT  BuildTime: Aug  4 2022 06:17:15  BuildStamp: freesurfer-linux-ubuntu22_x86_64-7.3.2-20220804-6354275  User: oesteban  Machine: dna086  Platform: Linux  PlatformVersion: 5.14.0-427.37.1.el9_4.x86_64  CompilerName: GCC  CompilerVersion: 8.4.0
ProgramName: mri_label2label  ProgramArguments: mri_label2label -all-info  ProgramVersion: 7.3.2  TimeStamp: 2026/03/10-07:54:47-GMT  BuildTime: Aug  4 2022 06:17:15  BuildStamp: freesurfer-linux-ubuntu22_x86_64-7.3.2-20220804-6354275  User: oesteban  Machine: dna086  Platform: Linux  PlatformVersion: 5.14.0-427.37.1.el9_4.x86_64  CompilerName: GCC  CompilerVersion: 8.4.0
ProgramName: mri_label2vol  ProgramArguments: mri_label2vol -all-info  ProgramVersion: 7.3.2  TimeStamp: 2026/03/10-07:54:47-GMT  BuildTime: Aug  4 2022 06:17:15  BuildStamp: freesurfer-linux-ubuntu22_x86_64-7.3.2-20220804-6354275  User: oesteban  Machine: dna086  Platform: Linux  PlatformVersion: 5.14.0-427.37.1.el9_4.x86_64  CompilerName: GCC  CompilerVersion: 8.4.0
ProgramName: mri_log_likelihood  ProgramArguments: mri_log_likelihood -all-info  ProgramVersion: 7.3.2  TimeStamp: 2026/03/10-07:54:47-GMT  BuildTime: Aug  4 2022 06:17:15  BuildStamp: freesurfer-linux-ubuntu22_x86_64-7.3.2-20220804-6354275  User: oesteban  Machine: dna086  Platform: Linux  PlatformVersion: 5.14.0-427.37.1.el9_4.x86_64  CompilerName: GCC  CompilerVersion: 8.4.0
ProgramName: mri_mask  ProgramArguments: mri_mask -all-info  ProgramVersion: 7.3.2  TimeStamp: 2026/03/10-07:54:47-GMT  BuildTime: Aug  4 2022 06:17:15  BuildStamp: freesurfer-linux-ubuntu22_x86_64-7.3.2-20220804-6354275  User: oesteban  Machine: dna086  Platform: Linux  PlatformVersion: 5.14.0-427.37.1.el9_4.x86_64  CompilerName: GCC  CompilerVersion: 8.4.0
ProgramName: mri_matrix_multiply  ProgramArguments: mri_matrix_multiply -all-info  ProgramVersion: 7.3.2  TimeStamp: 2026/03/10-07:54:47-GMT  BuildTime: Aug  4 2022 06:17:15  BuildStamp: freesurfer-linux-ubuntu22_x86_64-7.3.2-20220804-6354275  User: oesteban  Machine: dna086  Platform: Linux  PlatformVersion: 5.14.0-427.37.1.el9_4.x86_64  CompilerName: GCC  CompilerVersion: 8.4.0
ProgramName: mri_normalize  ProgramArguments: mri_normalize -all-info  ProgramVersion: 7.3.2  TimeStamp: 2026/03/10-07:54:47-GMT  BuildTime: Aug  4 2022 06:17:15  BuildStamp: freesurfer-linux-ubuntu22_x86_64-7.3.2-20220804-6354275  User: oesteban  Machine: dna086  Platform: Linux  PlatformVersion: 5.14.0-427.37.1.el9_4.x86_64  CompilerName: GCC  CompilerVersion: 8.4.0
ProgramName: mri_normalize_tp2  ProgramArguments: mri_normalize_tp2 -all-info  ProgramVersion: 7.3.2  TimeStamp: 2026/03/10-07:54:47-GMT  BuildTime: Aug  4 2022 06:17:15  BuildStamp: freesurfer-linux-ubuntu22_x86_64-7.3.2-20220804-6354275  User: oesteban  Machine: dna086  Platform: Linux  PlatformVersion: 5.14.0-427.37.1.el9_4.x86_64  CompilerName: GCC  CompilerVersion: 8.4.0
ProgramName: mri_or  ProgramArguments: mri_or -all-info  ProgramVersion: 7.3.2  TimeStamp: 2026/03/10-07:54:47-GMT  BuildTime: Aug  4 2022 06:17:15  BuildStamp: freesurfer-linux-ubuntu22_x86_64-7.3.2-20220804-6354275  User: oesteban  Machine: dna086  Platform: Linux  PlatformVersion: 5.14.0-427.37.1.el9_4.x86_64  CompilerName: GCC  CompilerVersion: 8.4.0
ProgramName: mri_relabel_hypointensities  ProgramArguments: mri_relabel_hypointensities -all-info  ProgramVersion: 7.3.2  TimeStamp: 2026/03/10-07:54:47-GMT  BuildTime: Aug  4 2022 06:17:15  BuildStamp: freesurfer-linux-ubuntu22_x86_64-7.3.2-20220804-6354275  User: oesteban  Machine: dna086  Platform: Linux  PlatformVersion: 5.14.0-427.37.1.el9_4.x86_64  CompilerName: GCC  CompilerVersion: 8.4.0
ProgramName: mri_relabel_nonwm_hypos  ProgramArguments: mri_relabel_nonwm_hypos -all-info  ProgramVersion: 7.3.2  TimeStamp: 2026/03/10-07:54:47-GMT  BuildTime: Aug  4 2022 06:17:15  BuildStamp: freesurfer-linux-ubuntu22_x86_64-7.3.2-20220804-6354275  User: oesteban  Machine: dna086  Platform: Linux  PlatformVersion: 5.14.0-427.37.1.el9_4.x86_64  CompilerName: GCC  CompilerVersion: 8.4.0
ProgramName: mri_remove_neck  ProgramArguments: mri_remove_neck -all-info  ProgramVersion: 7.3.2  TimeStamp: 2026/03/10-07:54:47-GMT  BuildTime: Aug  4 2022 06:17:15  BuildStamp: freesurfer-linux-ubuntu22_x86_64-7.3.2-20220804-6354275  User: oesteban  Machine: dna086  Platform: Linux  PlatformVersion: 5.14.0-427.37.1.el9_4.x86_64  CompilerName: GCC  CompilerVersion: 8.4.0
7.3.2

ProgramName: mri_robust_register  ProgramArguments: mri_robust_register -all-info  ProgramVersion: 7.3.2  TimeStamp: 2026/03/10-07:54:47-GMT  BuildTime: Aug  4 2022 06:17:15  BuildStamp: freesurfer-linux-ubuntu22_x86_64-7.3.2-20220804-6354275  User: oesteban  Machine: dna086  Platform: Linux  PlatformVersion: 5.14.0-427.37.1.el9_4.x86_64  CompilerName: GCC  CompilerVersion: 8.4.0
7.3.2

ProgramName: mri_robust_template  ProgramArguments: mri_robust_template -all-info  ProgramVersion: 7.3.2  TimeStamp: 2026/03/10-07:54:47-GMT  BuildTime: Aug  4 2022 06:17:15  BuildStamp: freesurfer-linux-ubuntu22_x86_64-7.3.2-20220804-6354275  User: oesteban  Machine: dna086  Platform: Linux  PlatformVersion: 5.14.0-427.37.1.el9_4.x86_64  CompilerName: GCC  CompilerVersion: 8.4.0
ProgramName: mris_anatomical_stats  ProgramArguments: mris_anatomical_stats -all-info  ProgramVersion: 7.3.2  TimeStamp: 2026/03/10-07:54:47-GMT  BuildTime: Aug  4 2022 06:17:15  BuildStamp: freesurfer-linux-ubuntu22_x86_64-7.3.2-20220804-6354275  User: oesteban  Machine: dna086  Platform: Linux  PlatformVersion: 5.14.0-427.37.1.el9_4.x86_64  CompilerName: GCC  CompilerVersion: 8.4.0
ProgramName: mris_ca_label  ProgramArguments: mris_ca_label -all-info  ProgramVersion: 7.3.2  TimeStamp: 2026/03/10-07:54:47-GMT  BuildTime: Aug  4 2022 06:17:15  BuildStamp: freesurfer-linux-ubuntu22_x86_64-7.3.2-20220804-6354275  User: oesteban  Machine: dna086  Platform: Linux  PlatformVersion: 5.14.0-427.37.1.el9_4.x86_64  CompilerName: GCC  CompilerVersion: 8.4.0
ProgramName: mris_calc  ProgramArguments: mris_calc -all-info  ProgramVersion: 7.3.2  TimeStamp: 2026/03/10-07:54:47-GMT  BuildTime: Aug  4 2022 06:17:15  BuildStamp: freesurfer-linux-ubuntu22_x86_64-7.3.2-20220804-6354275  User: oesteban  Machine: dna086  Platform: Linux  PlatformVersion: 5.14.0-427.37.1.el9_4.x86_64  CompilerName: GCC  CompilerVersion: 8.4.0
ProgramName: mris_convert  ProgramArguments: mris_convert -all-info  ProgramVersion: 7.3.2  TimeStamp: 2026/03/10-07:54:47-GMT  BuildTime: Aug  4 2022 06:17:15  BuildStamp: freesurfer-linux-ubuntu22_x86_64-7.3.2-20220804-6354275  User: oesteban  Machine: dna086  Platform: Linux  PlatformVersion: 5.14.0-427.37.1.el9_4.x86_64  CompilerName: GCC  CompilerVersion: 8.4.0
ProgramName: mris_curvature  ProgramArguments: mris_curvature -all-info  ProgramVersion: 7.3.2  TimeStamp: 2026/03/10-07:54:47-GMT  BuildTime: Aug  4 2022 06:17:15  BuildStamp: freesurfer-linux-ubuntu22_x86_64-7.3.2-20220804-6354275  User: oesteban  Machine: dna086  Platform: Linux  PlatformVersion: 5.14.0-427.37.1.el9_4.x86_64  CompilerName: GCC  CompilerVersion: 8.4.0
ProgramName: mris_curvature_stats  ProgramArguments: mris_curvature_stats -all-info  ProgramVersion: 7.3.2  TimeStamp: 2026/03/10-07:54:47-GMT  BuildTime: Aug  4 2022 06:17:15  BuildStamp: freesurfer-linux-ubuntu22_x86_64-7.3.2-20220804-6354275  User: oesteban  Machine: dna086  Platform: Linux  PlatformVersion: 5.14.0-427.37.1.el9_4.x86_64  CompilerName: GCC  CompilerVersion: 8.4.0
ProgramName: mris_diff  ProgramArguments: mris_diff -all-info  ProgramVersion: 7.3.2  TimeStamp: 2026/03/10-07:54:47-GMT  BuildTime: Aug  4 2022 06:17:15  BuildStamp: freesurfer-linux-ubuntu22_x86_64-7.3.2-20220804-6354275  User: oesteban  Machine: dna086  Platform: Linux  PlatformVersion: 5.14.0-427.37.1.el9_4.x86_64  CompilerName: GCC  CompilerVersion: 8.4.0
ProgramName: mris_divide_parcellation  ProgramArguments: mris_divide_parcellation -all-info  ProgramVersion: 7.3.2  TimeStamp: 2026/03/10-07:54:47-GMT  BuildTime: Aug  4 2022 06:17:15  BuildStamp: freesurfer-linux-ubuntu22_x86_64-7.3.2-20220804-6354275  User: oesteban  Machine: dna086  Platform: Linux  PlatformVersion: 5.14.0-427.37.1.el9_4.x86_64  CompilerName: GCC  CompilerVersion: 8.4.0
ProgramName: mri_segment  ProgramArguments: mri_segment -all-info  ProgramVersion: 7.3.2  TimeStamp: 2026/03/10-07:54:47-GMT  BuildTime: Aug  4 2022 06:17:15  BuildStamp: freesurfer-linux-ubuntu22_x86_64-7.3.2-20220804-6354275  User: oesteban  Machine: dna086  Platform: Linux  PlatformVersion: 5.14.0-427.37.1.el9_4.x86_64  CompilerName: GCC  CompilerVersion: 8.4.0
ProgramName: mri_segstats  ProgramArguments: mri_segstats -all-info  ProgramVersion: 7.3.2  TimeStamp: 2026/03/10-07:54:47-GMT  BuildTime: Aug  4 2022 06:17:15  BuildStamp: freesurfer-linux-ubuntu22_x86_64-7.3.2-20220804-6354275  User: oesteban  Machine: dna086  Platform: Linux  PlatformVersion: 5.14.0-427.37.1.el9_4.x86_64  CompilerName: GCC  CompilerVersion: 8.4.0
ProgramName: mris_euler_number  ProgramArguments: mris_euler_number -all-info  ProgramVersion: 7.3.2  TimeStamp: 2026/03/10-07:54:47-GMT  BuildTime: Aug  4 2022 06:17:15  BuildStamp: freesurfer-linux-ubuntu22_x86_64-7.3.2-20220804-6354275  User: oesteban  Machine: dna086  Platform: Linux  PlatformVersion: 5.14.0-427.37.1.el9_4.x86_64  CompilerName: GCC  CompilerVersion: 8.4.0
ProgramName: mris_fix_topology  ProgramArguments: mris_fix_topology -all-info  ProgramVersion: 7.3.2  TimeStamp: 2026/03/10-07:54:47-GMT  BuildTime: Aug  4 2022 06:17:15  BuildStamp: freesurfer-linux-ubuntu22_x86_64-7.3.2-20220804-6354275  User: oesteban  Machine: dna086  Platform: Linux  PlatformVersion: 5.14.0-427.37.1.el9_4.x86_64  CompilerName: GCC  CompilerVersion: 8.4.0
ProgramName: mris_topo_fixer  ProgramArguments: mris_topo_fixer -all-info  ProgramVersion: 7.3.2  TimeStamp: 2026/03/10-07:54:47-GMT  BuildTime: Aug  4 2022 06:17:15  BuildStamp: freesurfer-linux-ubuntu22_x86_64-7.3.2-20220804-6354275  User: oesteban  Machine: dna086  Platform: Linux  PlatformVersion: 5.14.0-427.37.1.el9_4.x86_64  CompilerName: GCC  CompilerVersion: 8.4.0
ProgramName: mris_jacobian  ProgramArguments: mris_jacobian -all-info  ProgramVersion: 7.3.2  TimeStamp: 2026/03/10-07:54:47-GMT  BuildTime: Aug  4 2022 06:17:15  BuildStamp: freesurfer-linux-ubuntu22_x86_64-7.3.2-20220804-6354275  User: oesteban  Machine: dna086  Platform: Linux  PlatformVersion: 5.14.0-427.37.1.el9_4.x86_64  CompilerName: GCC  CompilerVersion: 8.4.0
ProgramName: mris_label2annot  ProgramArguments: mris_label2annot -all-info  ProgramVersion: 7.3.2  TimeStamp: 2026/03/10-07:54:47-GMT  BuildTime: Aug  4 2022 06:17:15  BuildStamp: freesurfer-linux-ubuntu22_x86_64-7.3.2-20220804-6354275  User: oesteban  Machine: dna086  Platform: Linux  PlatformVersion: 5.14.0-427.37.1.el9_4.x86_64  CompilerName: GCC  CompilerVersion: 8.4.0
ProgramName: mris_left_right_register  ProgramArguments: mris_left_right_register -all-info  ProgramVersion: 7.3.2  TimeStamp: 2026/03/10-07:54:47-GMT  BuildTime: Aug  4 2022 06:17:15  BuildStamp: freesurfer-linux-ubuntu22_x86_64-7.3.2-20220804-6354275  User: oesteban  Machine: dna086  Platform: Linux  PlatformVersion: 5.14.0-427.37.1.el9_4.x86_64  CompilerName: GCC  CompilerVersion: 8.4.0
ProgramName: mris_place_surface  ProgramArguments: mris_place_surface -all-info  ProgramVersion: 7.3.2  TimeStamp: 2026/03/10-07:54:47-GMT  BuildTime: Aug  4 2022 06:17:15  BuildStamp: freesurfer-linux-ubuntu22_x86_64-7.3.2-20220804-6354275  User: oesteban  Machine: dna086  Platform: Linux  PlatformVersion: 5.14.0-427.37.1.el9_4.x86_64  CompilerName: GCC  CompilerVersion: 8.4.0
ProgramName: mrisp_paint  ProgramArguments: mrisp_paint -all-info  ProgramVersion: 7.3.2  TimeStamp: 2026/03/10-07:54:47-GMT  BuildTime: Aug  4 2022 06:17:15  BuildStamp: freesurfer-linux-ubuntu22_x86_64-7.3.2-20220804-6354275  User: oesteban  Machine: dna086  Platform: Linux  PlatformVersion: 5.14.0-427.37.1.el9_4.x86_64  CompilerName: GCC  CompilerVersion: 8.4.0
ProgramName: mris_register  ProgramArguments: mris_register -all-info  ProgramVersion: 7.3.2  TimeStamp: 2026/03/10-07:54:47-GMT  BuildTime: Aug  4 2022 06:17:15  BuildStamp: freesurfer-linux-ubuntu22_x86_64-7.3.2-20220804-6354275  User: oesteban  Machine: dna086  Platform: Linux  PlatformVersion: 5.14.0-427.37.1.el9_4.x86_64  CompilerName: GCC  CompilerVersion: 8.4.0
ProgramName: mris_smooth  ProgramArguments: mris_smooth -all-info  ProgramVersion: 7.3.2  TimeStamp: 2026/03/10-07:54:47-GMT  BuildTime: Aug  4 2022 06:17:15  BuildStamp: freesurfer-linux-ubuntu22_x86_64-7.3.2-20220804-6354275  User: oesteban  Machine: dna086  Platform: Linux  PlatformVersion: 5.14.0-427.37.1.el9_4.x86_64  CompilerName: GCC  CompilerVersion: 8.4.0
ProgramName: mris_sphere  ProgramArguments: mris_sphere -all-info  ProgramVersion: 7.3.2  TimeStamp: 2026/03/10-07:54:47-GMT  BuildTime: Aug  4 2022 06:17:15  BuildStamp: freesurfer-linux-ubuntu22_x86_64-7.3.2-20220804-6354275  User: oesteban  Machine: dna086  Platform: Linux  PlatformVersion: 5.14.0-427.37.1.el9_4.x86_64  CompilerName: GCC  CompilerVersion: 8.4.0
ProgramName: mris_surface_stats  ProgramArguments: mris_surface_stats -all-info  ProgramVersion: 7.3.2  TimeStamp: 2026/03/10-07:54:47-GMT  BuildTime: Aug  4 2022 06:17:15  BuildStamp: freesurfer-linux-ubuntu22_x86_64-7.3.2-20220804-6354275  User: oesteban  Machine: dna086  Platform: Linux  PlatformVersion: 5.14.0-427.37.1.el9_4.x86_64  CompilerName: GCC  CompilerVersion: 8.4.0
ProgramName: mri_stats2seg  ProgramArguments: mri_stats2seg -all-info  ProgramVersion: 7.3.2  TimeStamp: 2026/03/10-07:54:47-GMT  BuildTime: Aug  4 2022 06:17:15  BuildStamp: freesurfer-linux-ubuntu22_x86_64-7.3.2-20220804-6354275  User: oesteban  Machine: dna086  Platform: Linux  PlatformVersion: 5.14.0-427.37.1.el9_4.x86_64  CompilerName: GCC  CompilerVersion: 8.4.0
ProgramName: mris_thickness  ProgramArguments: mris_thickness -all-info  ProgramVersion: 7.3.2  TimeStamp: 2026/03/10-07:54:47-GMT  BuildTime: Aug  4 2022 06:17:15  BuildStamp: freesurfer-linux-ubuntu22_x86_64-7.3.2-20220804-6354275  User: oesteban  Machine: dna086  Platform: Linux  PlatformVersion: 5.14.0-427.37.1.el9_4.x86_64  CompilerName: GCC  CompilerVersion: 8.4.0
ProgramName: mris_thickness_diff  ProgramArguments: mris_thickness_diff -all-info  ProgramVersion: 7.3.2  TimeStamp: 2026/03/10-07:54:47-GMT  BuildTime: Aug  4 2022 06:17:15  BuildStamp: freesurfer-linux-ubuntu22_x86_64-7.3.2-20220804-6354275  User: oesteban  Machine: dna086  Platform: Linux  PlatformVersion: 5.14.0-427.37.1.el9_4.x86_64  CompilerName: GCC  CompilerVersion: 8.4.0
ProgramName: mris_topo_fixer  ProgramArguments: mris_topo_fixer -all-info  ProgramVersion: 7.3.2  TimeStamp: 2026/03/10-07:54:47-GMT  BuildTime: Aug  4 2022 06:17:15  BuildStamp: freesurfer-linux-ubuntu22_x86_64-7.3.2-20220804-6354275  User: oesteban  Machine: dna086  Platform: Linux  PlatformVersion: 5.14.0-427.37.1.el9_4.x86_64  CompilerName: GCC  CompilerVersion: 8.4.0
ProgramName: mri_surf2surf  ProgramArguments: mri_surf2surf -all-info  ProgramVersion: 7.3.2  TimeStamp: 2026/03/10-07:54:47-GMT  BuildTime: Aug  4 2022 06:17:15  BuildStamp: freesurfer-linux-ubuntu22_x86_64-7.3.2-20220804-6354275  User: oesteban  Machine: dna086  Platform: Linux  PlatformVersion: 5.14.0-427.37.1.el9_4.x86_64  CompilerName: GCC  CompilerVersion: 8.4.0
ProgramName: mri_surf2vol  ProgramArguments: mri_surf2vol -all-info  ProgramVersion: 7.3.2  TimeStamp: 2026/03/10-07:54:47-GMT  BuildTime: Aug  4 2022 06:17:15  BuildStamp: freesurfer-linux-ubuntu22_x86_64-7.3.2-20220804-6354275  User: oesteban  Machine: dna086  Platform: Linux  PlatformVersion: 5.14.0-427.37.1.el9_4.x86_64  CompilerName: GCC  CompilerVersion: 8.4.0
ProgramName: mri_surfcluster  ProgramArguments: mri_surfcluster -all-info  ProgramVersion: 7.3.2  TimeStamp: 2026/03/10-07:54:47-GMT  BuildTime: Aug  4 2022 06:17:15  BuildStamp: freesurfer-linux-ubuntu22_x86_64-7.3.2-20220804-6354275  User: oesteban  Machine: dna086  Platform: Linux  PlatformVersion: 5.14.0-427.37.1.el9_4.x86_64  CompilerName: GCC  CompilerVersion: 8.4.0
ProgramName: mris_volmask  ProgramArguments: mris_volmask -all-info  ProgramVersion: 7.3.2  TimeStamp: 2026/03/10-07:54:47-GMT  BuildTime: Aug  4 2022 06:17:15  BuildStamp: freesurfer-linux-ubuntu22_x86_64-7.3.2-20220804-6354275  User: oesteban  Machine: dna086  Platform: Linux  PlatformVersion: 5.14.0-427.37.1.el9_4.x86_64  CompilerName: GCC  CompilerVersion: 8.4.0
ProgramName: mri_tessellate  ProgramArguments: mri_tessellate -all-info  ProgramVersion: 7.3.2  TimeStamp: 2026/03/10-07:54:47-GMT  BuildTime: Aug  4 2022 06:17:15  BuildStamp: freesurfer-linux-ubuntu22_x86_64-7.3.2-20220804-6354275  User: oesteban  Machine: dna086  Platform: Linux  PlatformVersion: 5.14.0-427.37.1.el9_4.x86_64  CompilerName: GCC  CompilerVersion: 8.4.0
ProgramName: mri_vol2surf  ProgramArguments: mri_vol2surf -all-info  ProgramVersion: 7.3.2  TimeStamp: 2026/03/10-07:54:47-GMT  BuildTime: Aug  4 2022 06:17:15  BuildStamp: freesurfer-linux-ubuntu22_x86_64-7.3.2-20220804-6354275  User: oesteban  Machine: dna086  Platform: Linux  PlatformVersion: 5.14.0-427.37.1.el9_4.x86_64  CompilerName: GCC  CompilerVersion: 8.4.0
ProgramName: mri_vol2vol  ProgramArguments: mri_vol2vol -all-info  ProgramVersion: 7.3.2  TimeStamp: 2026/03/10-07:54:47-GMT  BuildTime: Aug  4 2022 06:17:15  BuildStamp: freesurfer-linux-ubuntu22_x86_64-7.3.2-20220804-6354275  User: oesteban  Machine: dna086  Platform: Linux  PlatformVersion: 5.14.0-427.37.1.el9_4.x86_64  CompilerName: GCC  CompilerVersion: 8.4.0
ProgramName: mri_voldiff  ProgramArguments: mri_voldiff -all-info  ProgramVersion: 7.3.2  TimeStamp: 2026/03/10-07:54:47-GMT  BuildTime: Aug  4 2022 06:17:15  BuildStamp: freesurfer-linux-ubuntu22_x86_64-7.3.2-20220804-6354275  User: oesteban  Machine: dna086  Platform: Linux  PlatformVersion: 5.14.0-427.37.1.el9_4.x86_64  CompilerName: GCC  CompilerVersion: 8.4.0
ProgramName: mri_watershed  ProgramArguments: mri_watershed -all-info  ProgramVersion: 7.3.2  TimeStamp: 2026/03/10-07:54:47-GMT  BuildTime: Aug  4 2022 06:17:15  BuildStamp: freesurfer-linux-ubuntu22_x86_64-7.3.2-20220804-6354275  User: oesteban  Machine: dna086  Platform: Linux  PlatformVersion: 5.14.0-427.37.1.el9_4.x86_64  CompilerName: GCC  CompilerVersion: 8.4.0
ProgramName: tkregister2  ProgramArguments: tkregister2_cmdl -all-info  ProgramVersion: 7.3.2  TimeStamp: 2026/03/10-07:54:47-GMT  BuildTime: Aug  4 2022 06:17:15  BuildStamp: freesurfer-linux-ubuntu22_x86_64-7.3.2-20220804-6354275  User: oesteban  Machine: dna086  Platform: Linux  PlatformVersion: 5.14.0-427.37.1.el9_4.x86_64  CompilerName: GCC  CompilerVersion: 8.4.0
mri_motion_correct.fsl 7.3.2
mri_convert -all-info 
ProgramName: mri_convert  ProgramArguments: mri_convert -all-info  ProgramVersion: 7.3.2  TimeStamp: 2026/03/10-07:54:47-GMT  BuildTime: Aug  4 2022 06:17:15  BuildStamp: freesurfer-linux-ubuntu22_x86_64-7.3.2-20220804-6354275  User: oesteban  Machine: dna086  Platform: Linux  PlatformVersion: 5.14.0-427.37.1.el9_4.x86_64  CompilerName: GCC  CompilerVersion: 8.4.0
Program nu_correct, built from:
Package MNI N3, version 1.12.0, compiled by nicks@terrier (x86_64-unknown-linux-gnu) on 2015-06-19 at 01:25:34
#######################################
GCADIR /opt/freesurfer/average
GCA RB_all_2020-01-02.gca
GCASkull RB_all_withskull_2020_01_02.gca
AvgCurvTif folding.atlas.acfb40.noaparc.i12.2016-08-02.tif
GCSDIR /opt/freesurfer/average
GCS DKaparc.atlas.acfb40.noaparc.i12.2016-08-02.gcs
#######################################
#@# white curv lh Tue Mar 10 08:54:47 CET 2026
cd /out/sourcedata/freesurfer/sub-v1s8x0051345_ses-1/mri
mris_place_surface --curv-map ../surf/lh.white 2 10 ../surf/lh.curv
   Update not needed
#@# white area lh Tue Mar 10 08:54:47 CET 2026
cd /out/sourcedata/freesurfer/sub-v1s8x0051345_ses-1/mri
mris_place_surface --area-map ../surf/lh.white ../surf/lh.area
   Update not needed
#@# pial curv lh Tue Mar 10 08:54:47 CET 2026
cd /out/sourcedata/freesurfer/sub-v1s8x0051345_ses-1/mri
mris_place_surface --curv-map ../surf/lh.pial 2 10 ../surf/lh.curv.pial
   Update not needed
#@# pial area lh Tue Mar 10 08:54:47 CET 2026
cd /out/sourcedata/freesurfer/sub-v1s8x0051345_ses-1/mri
mris_place_surface --area-map ../surf/lh.pial ../surf/lh.area.pial
   Update not needed
#@# thickness lh Tue Mar 10 08:54:47 CET 2026
cd /out/sourcedata/freesurfer/sub-v1s8x0051345_ses-1/mri
mris_place_surface --thickness ../surf/lh.white ../surf/lh.pial 20 5 ../surf/lh.thickness
   Update not needed
#@# area and vertex vol lh Tue Mar 10 08:54:47 CET 2026
cd /out/sourcedata/freesurfer/sub-v1s8x0051345_ses-1/mri
mris_place_surface --thickness ../surf/lh.white ../surf/lh.pial 20 5 ../surf/lh.thickness
   Update not needed
#@# white curv rh Tue Mar 10 08:54:47 CET 2026
cd /out/sourcedata/freesurfer/sub-v1s8x0051345_ses-1/mri
mris_place_surface --curv-map ../surf/rh.white 2 10 ../surf/rh.curv
   Update not needed
#@# white area rh Tue Mar 10 08:54:47 CET 2026
cd /out/sourcedata/freesurfer/sub-v1s8x0051345_ses-1/mri
mris_place_surface --area-map ../surf/rh.white ../surf/rh.area
   Update not needed
#@# pial curv rh Tue Mar 10 08:54:47 CET 2026
cd /out/sourcedata/freesurfer/sub-v1s8x0051345_ses-1/mri
mris_place_surface --curv-map ../surf/rh.pial 2 10 ../surf/rh.curv.pial
   Update not needed
#@# pial area rh Tue Mar 10 08:54:47 CET 2026
cd /out/sourcedata/freesurfer/sub-v1s8x0051345_ses-1/mri
mris_place_surface --area-map ../surf/rh.pial ../surf/rh.area.pial
   Update not needed
#@# thickness rh Tue Mar 10 08:54:47 CET 2026
cd /out/sourcedata/freesurfer/sub-v1s8x0051345_ses-1/mri
mris_place_surface --thickness ../surf/rh.white ../surf/rh.pial 20 5 ../surf/rh.thickness
   Update not needed
#@# area and vertex vol rh Tue Mar 10 08:54:47 CET 2026
cd /out/sourcedata/freesurfer/sub-v1s8x0051345_ses-1/mri
mris_place_surface --thickness ../surf/rh.white ../surf/rh.pial 20 5 ../surf/rh.thickness
   Update not needed
#--------------------------------------------
#@# Cortical ribbon mask Tue Mar 10 08:54:48 CET 2026
/out/sourcedata/freesurfer/sub-v1s8x0051345_ses-1/mri

 mris_volmask --aseg_name aseg.presurf --label_left_white 2 --label_left_ribbon 3 --label_right_white 41 --label_right_ribbon 42 --save_ribbon sub-v1s8x0051345_ses-1 

SUBJECTS_DIR is /out/sourcedata/freesurfer
loading input data...
Running hemis serially
Processing left hemi
computing distance to left white surface 
computing distance to left pial surface 
Processing right hemi
computing distance to right white surface 
computing distance to right pial surface 
 hemi masks overlap voxels = 112
writing volume /out/sourcedata/freesurfer/sub-v1s8x0051345_ses-1/mri/ribbon.mgz
mris_volmask took 3.13 minutes
 writing ribbon files

Started at Tue Mar 10 08:54:47 CET 2026 
Ended   at Tue Mar 10 08:57:55 CET 2026
#@#%# recon-all-run-time-hours 0.052
recon-all -s sub-v1s8x0051345_ses-1 finished without error at Tue Mar 10 08:57:55 CET 2026



#New# invocation of recon-all 




Tue Mar 10 09:03:07 CET 2026
cd /out/sourcedata/freesurfer/sub-v1s8x0051345_ses-1
setenv SUBJECTS_DIR /out/sourcedata/freesurfer
/opt/freesurfer/bin/recon-all -autorecon3 -openmp 16 -subjid sub-v1s8x0051345_ses-1 -sd /out/sourcedata/freesurfer -nosphere -nosurfreg -nojacobian_white -noavgcurv -nocortparc -nopial -noparcstats -nocortparc2 -noparcstats2 -nocortparc3 -noparcstats3 -nopctsurfcon -nocortribbon -nobalabels

subjid sub-v1s8x0051345_ses-1
setenv SUBJECTS_DIR /out/sourcedata/freesurfer
FREESURFER_HOME /opt/freesurfer
Actual FREESURFER_HOME /opt/freesurfer
build-stamp.txt: freesurfer-linux-ubuntu22_x86_64-7.3.2-20220804-6354275
Linux dna086 5.14.0-427.37.1.el9_4.x86_64 #1 SMP PREEMPT_DYNAMIC Fri Sep 13 12:41:50 EDT 2024 x86_64 x86_64 x86_64 GNU/Linux
cputime      unlimited
filesize     unlimited
datasize     unlimited
stacksize    8192 kbytes
coredumpsize 0 kbytes
memoryuse    67108864 kbytes
vmemoryuse   unlimited
descriptors  1024 
memorylocked unlimited
maxproc      2061970 
maxlocks     unlimited
maxsignal    2062024 
maxmessage   819200 
maxnice      0 
maxrtprio    0 
maxrttime    unlimited

               total        used        free      shared  buff/cache   available
Mem:           503Gi        81Gi       388Gi        16Gi        33Gi       403Gi
Swap:             0B          0B          0B

########################################
program versions used
7.3.2 (freesurfer-linux-ubuntu22_x86_64-7.3.2-20220804-6354275)
7.3.2

ProgramName: lta_convert  ProgramArguments: lta_convert -all-info  ProgramVersion: 7.3.2  TimeStamp: 2026/03/10-08:03:07-GMT  BuildTime: Aug  4 2022 06:17:15  BuildStamp: freesurfer-linux-ubuntu22_x86_64-7.3.2-20220804-6354275  User: oesteban  Machine: dna086  Platform: Linux  PlatformVersion: 5.14.0-427.37.1.el9_4.x86_64  CompilerName: GCC  CompilerVersion: 8.4.0
ProgramName: mri_and  ProgramArguments: mri_and -all-info  ProgramVersion: 7.3.2  TimeStamp: 2026/03/10-08:03:07-GMT  BuildTime: Aug  4 2022 06:17:15  BuildStamp: freesurfer-linux-ubuntu22_x86_64-7.3.2-20220804-6354275  User: oesteban  Machine: dna086  Platform: Linux  PlatformVersion: 5.14.0-427.37.1.el9_4.x86_64  CompilerName: GCC  CompilerVersion: 8.4.0
ProgramName: mri_annotation2label  ProgramArguments: mri_annotation2label -all-info  ProgramVersion: 7.3.2  TimeStamp: 2026/03/10-08:03:07-GMT  BuildTime: Aug  4 2022 06:17:15  BuildStamp: freesurfer-linux-ubuntu22_x86_64-7.3.2-20220804-6354275  User: oesteban  Machine: dna086  Platform: Linux  PlatformVersion: 5.14.0-427.37.1.el9_4.x86_64  CompilerName: GCC  CompilerVersion: 8.4.0
ProgramName: mri_aparc2aseg  ProgramArguments: mri_aparc2aseg -all-info  ProgramVersion: 7.3.2  TimeStamp: 2026/03/10-08:03:07-GMT  BuildTime: Aug  4 2022 06:17:15  BuildStamp: freesurfer-linux-ubuntu22_x86_64-7.3.2-20220804-6354275  User: oesteban  Machine: dna086  Platform: Linux  PlatformVersion: 5.14.0-427.37.1.el9_4.x86_64  CompilerName: GCC  CompilerVersion: 8.4.0
ProgramName: mri_surf2volseg  ProgramArguments: mri_surf2volseg -all-info  ProgramVersion: 7.3.2  TimeStamp: 2026/03/10-08:03:07-GMT  BuildTime: Aug  4 2022 06:17:15  BuildStamp: freesurfer-linux-ubuntu22_x86_64-7.3.2-20220804-6354275  User: oesteban  Machine: dna086  Platform: Linux  PlatformVersion: 5.14.0-427.37.1.el9_4.x86_64  CompilerName: GCC  CompilerVersion: 8.4.0
ProgramName: mri_binarize  ProgramArguments: mri_binarize -all-info  ProgramVersion: 7.3.2  TimeStamp: 2026/03/10-08:03:07-GMT  BuildTime: Aug  4 2022 06:17:15  BuildStamp: freesurfer-linux-ubuntu22_x86_64-7.3.2-20220804-6354275  User: oesteban  Machine: dna086  Platform: Linux  PlatformVersion: 5.14.0-427.37.1.el9_4.x86_64  CompilerName: GCC  CompilerVersion: 8.4.0
ProgramName: mri_ca_label  ProgramArguments: mri_ca_label -all-info  ProgramVersion: 7.3.2  TimeStamp: 2026/03/10-08:03:07-GMT  BuildTime: Aug  4 2022 06:17:15  BuildStamp: freesurfer-linux-ubuntu22_x86_64-7.3.2-20220804-6354275  User: oesteban  Machine: dna086  Platform: Linux  PlatformVersion: 5.14.0-427.37.1.el9_4.x86_64  CompilerName: GCC  CompilerVersion: 8.4.0
ProgramName: mri_ca_normalize  ProgramArguments: mri_ca_normalize -all-info  ProgramVersion: 7.3.2  TimeStamp: 2026/03/10-08:03:07-GMT  BuildTime: Aug  4 2022 06:17:15  BuildStamp: freesurfer-linux-ubuntu22_x86_64-7.3.2-20220804-6354275  User: oesteban  Machine: dna086  Platform: Linux  PlatformVersion: 5.14.0-427.37.1.el9_4.x86_64  CompilerName: GCC  CompilerVersion: 8.4.0
ProgramName: mri_ca_register  ProgramArguments: mri_ca_register -all-info  ProgramVersion: 7.3.2  TimeStamp: 2026/03/10-08:03:07-GMT  BuildTime: Aug  4 2022 06:17:15  BuildStamp: freesurfer-linux-ubuntu22_x86_64-7.3.2-20220804-6354275  User: oesteban  Machine: dna086  Platform: Linux  PlatformVersion: 5.14.0-427.37.1.el9_4.x86_64  CompilerName: GCC  CompilerVersion: 8.4.0
ProgramName: mri_cc  ProgramArguments: mri_cc -all-info  ProgramVersion: 7.3.2  TimeStamp: 2026/03/10-08:03:07-GMT  BuildTime: Aug  4 2022 06:17:15  BuildStamp: freesurfer-linux-ubuntu22_x86_64-7.3.2-20220804-6354275  User: oesteban  Machine: dna086  Platform: Linux  PlatformVersion: 5.14.0-427.37.1.el9_4.x86_64  CompilerName: GCC  CompilerVersion: 8.4.0
ProgramName: mri_compute_overlap  ProgramArguments: mri_compute_overlap -all-info  ProgramVersion: 7.3.2  TimeStamp: 2026/03/10-08:03:07-GMT  BuildTime: Aug  4 2022 06:17:15  BuildStamp: freesurfer-linux-ubuntu22_x86_64-7.3.2-20220804-6354275  User: oesteban  Machine: dna086  Platform: Linux  PlatformVersion: 5.14.0-427.37.1.el9_4.x86_64  CompilerName: GCC  CompilerVersion: 8.4.0
ProgramName: mri_compute_seg_overlap  ProgramArguments: mri_compute_seg_overlap -all-info  ProgramVersion: 7.3.2  TimeStamp: 2026/03/10-08:03:07-GMT  BuildTime: Aug  4 2022 06:17:15  BuildStamp: freesurfer-linux-ubuntu22_x86_64-7.3.2-20220804-6354275  User: oesteban  Machine: dna086  Platform: Linux  PlatformVersion: 5.14.0-427.37.1.el9_4.x86_64  CompilerName: GCC  CompilerVersion: 8.4.0
ProgramName: mri_concat  ProgramArguments: mri_concat -all-info  ProgramVersion: 7.3.2  TimeStamp: 2026/03/10-08:03:07-GMT  BuildTime: Aug  4 2022 06:17:15  BuildStamp: freesurfer-linux-ubuntu22_x86_64-7.3.2-20220804-6354275  User: oesteban  Machine: dna086  Platform: Linux  PlatformVersion: 5.14.0-427.37.1.el9_4.x86_64  CompilerName: GCC  CompilerVersion: 8.4.0
ProgramName: mri_concatenate_lta  ProgramArguments: mri_concatenate_lta -all-info  ProgramVersion: 7.3.2  TimeStamp: 2026/03/10-08:03:07-GMT  BuildTime: Aug  4 2022 06:17:15  BuildStamp: freesurfer-linux-ubuntu22_x86_64-7.3.2-20220804-6354275  User: oesteban  Machine: dna086  Platform: Linux  PlatformVersion: 5.14.0-427.37.1.el9_4.x86_64  CompilerName: GCC  CompilerVersion: 8.4.0
mri_convert -all-info 
ProgramName: mri_convert  ProgramArguments: mri_convert -all-info  ProgramVersion: 7.3.2  TimeStamp: 2026/03/10-08:03:07-GMT  BuildTime: Aug  4 2022 06:17:15  BuildStamp: freesurfer-linux-ubuntu22_x86_64-7.3.2-20220804-6354275  User: oesteban  Machine: dna086  Platform: Linux  PlatformVersion: 5.14.0-427.37.1.el9_4.x86_64  CompilerName: GCC  CompilerVersion: 8.4.0
ProgramName: mri_diff  ProgramArguments: mri_diff -all-info  ProgramVersion: 7.3.2  TimeStamp: 2026/03/10-08:03:07-GMT  BuildTime: Aug  4 2022 06:17:15  BuildStamp: freesurfer-linux-ubuntu22_x86_64-7.3.2-20220804-6354275  User: oesteban  Machine: dna086  Platform: Linux  PlatformVersion: 5.14.0-427.37.1.el9_4.x86_64  CompilerName: GCC  CompilerVersion: 8.4.0
ProgramName: mri_edit_wm_with_aseg  ProgramArguments: mri_edit_wm_with_aseg -all-info  ProgramVersion: 7.3.2  TimeStamp: 2026/03/10-08:03:07-GMT  BuildTime: Aug  4 2022 06:17:15  BuildStamp: freesurfer-linux-ubuntu22_x86_64-7.3.2-20220804-6354275  User: oesteban  Machine: dna086  Platform: Linux  PlatformVersion: 5.14.0-427.37.1.el9_4.x86_64  CompilerName: GCC  CompilerVersion: 8.4.0
ProgramName: mri_em_register  ProgramArguments: mri_em_register -all-info  ProgramVersion: 7.3.2  TimeStamp: 2026/03/10-08:03:07-GMT  BuildTime: Aug  4 2022 06:17:15  BuildStamp: freesurfer-linux-ubuntu22_x86_64-7.3.2-20220804-6354275  User: oesteban  Machine: dna086  Platform: Linux  PlatformVersion: 5.14.0-427.37.1.el9_4.x86_64  CompilerName: GCC  CompilerVersion: 8.4.0
ProgramName: mri_fill  ProgramArguments: mri_fill -all-info  ProgramVersion: 7.3.2  TimeStamp: 2026/03/10-08:03:07-GMT  BuildTime: Aug  4 2022 06:17:15  BuildStamp: freesurfer-linux-ubuntu22_x86_64-7.3.2-20220804-6354275  User: oesteban  Machine: dna086  Platform: Linux  PlatformVersion: 5.14.0-427.37.1.el9_4.x86_64  CompilerName: GCC  CompilerVersion: 8.4.0
ProgramName: mri_fuse_segmentations  ProgramArguments: mri_fuse_segmentations -all-info  ProgramVersion: 7.3.2  TimeStamp: 2026/03/10-08:03:07-GMT  BuildTime: Aug  4 2022 06:17:15  BuildStamp: freesurfer-linux-ubuntu22_x86_64-7.3.2-20220804-6354275  User: oesteban  Machine: dna086  Platform: Linux  PlatformVersion: 5.14.0-427.37.1.el9_4.x86_64  CompilerName: GCC  CompilerVersion: 8.4.0
ProgramName: mri_fwhm  ProgramArguments: mri_fwhm -all-info  ProgramVersion: 7.3.2  TimeStamp: 2026/03/10-08:03:07-GMT  BuildTime: Aug  4 2022 06:17:15  BuildStamp: freesurfer-linux-ubuntu22_x86_64-7.3.2-20220804-6354275  User: oesteban  Machine: dna086  Platform: Linux  PlatformVersion: 5.14.0-427.37.1.el9_4.x86_64  CompilerName: GCC  CompilerVersion: 8.4.0
ProgramName: mri_gcut  ProgramArguments: mri_gcut -all-info  ProgramVersion: 7.3.2  TimeStamp: 2026/03/10-08:03:07-GMT  BuildTime: Aug  4 2022 06:17:15  BuildStamp: freesurfer-linux-ubuntu22_x86_64-7.3.2-20220804-6354275  User: oesteban  Machine: dna086  Platform: Linux  PlatformVersion: 5.14.0-427.37.1.el9_4.x86_64  CompilerName: GCC  CompilerVersion: 8.4.0
ProgramName: mri_info  ProgramArguments: mri_info -all-info  ProgramVersion: 7.3.2  TimeStamp: 2026/03/10-08:03:07-GMT  BuildTime: Aug  4 2022 06:17:15  BuildStamp: freesurfer-linux-ubuntu22_x86_64-7.3.2-20220804-6354275  User: oesteban  Machine: dna086  Platform: Linux  PlatformVersion: 5.14.0-427.37.1.el9_4.x86_64  CompilerName: GCC  CompilerVersion: 8.4.0
ProgramName: mri_label2label  ProgramArguments: mri_label2label -all-info  ProgramVersion: 7.3.2  TimeStamp: 2026/03/10-08:03:07-GMT  BuildTime: Aug  4 2022 06:17:15  BuildStamp: freesurfer-linux-ubuntu22_x86_64-7.3.2-20220804-6354275  User: oesteban  Machine: dna086  Platform: Linux  PlatformVersion: 5.14.0-427.37.1.el9_4.x86_64  CompilerName: GCC  CompilerVersion: 8.4.0
ProgramName: mri_label2vol  ProgramArguments: mri_label2vol -all-info  ProgramVersion: 7.3.2  TimeStamp: 2026/03/10-08:03:07-GMT  BuildTime: Aug  4 2022 06:17:15  BuildStamp: freesurfer-linux-ubuntu22_x86_64-7.3.2-20220804-6354275  User: oesteban  Machine: dna086  Platform: Linux  PlatformVersion: 5.14.0-427.37.1.el9_4.x86_64  CompilerName: GCC  CompilerVersion: 8.4.0
ProgramName: mri_log_likelihood  ProgramArguments: mri_log_likelihood -all-info  ProgramVersion: 7.3.2  TimeStamp: 2026/03/10-08:03:07-GMT  BuildTime: Aug  4 2022 06:17:15  BuildStamp: freesurfer-linux-ubuntu22_x86_64-7.3.2-20220804-6354275  User: oesteban  Machine: dna086  Platform: Linux  PlatformVersion: 5.14.0-427.37.1.el9_4.x86_64  CompilerName: GCC  CompilerVersion: 8.4.0
ProgramName: mri_mask  ProgramArguments: mri_mask -all-info  ProgramVersion: 7.3.2  TimeStamp: 2026/03/10-08:03:07-GMT  BuildTime: Aug  4 2022 06:17:15  BuildStamp: freesurfer-linux-ubuntu22_x86_64-7.3.2-20220804-6354275  User: oesteban  Machine: dna086  Platform: Linux  PlatformVersion: 5.14.0-427.37.1.el9_4.x86_64  CompilerName: GCC  CompilerVersion: 8.4.0
ProgramName: mri_matrix_multiply  ProgramArguments: mri_matrix_multiply -all-info  ProgramVersion: 7.3.2  TimeStamp: 2026/03/10-08:03:07-GMT  BuildTime: Aug  4 2022 06:17:15  BuildStamp: freesurfer-linux-ubuntu22_x86_64-7.3.2-20220804-6354275  User: oesteban  Machine: dna086  Platform: Linux  PlatformVersion: 5.14.0-427.37.1.el9_4.x86_64  CompilerName: GCC  CompilerVersion: 8.4.0
ProgramName: mri_normalize  ProgramArguments: mri_normalize -all-info  ProgramVersion: 7.3.2  TimeStamp: 2026/03/10-08:03:07-GMT  BuildTime: Aug  4 2022 06:17:15  BuildStamp: freesurfer-linux-ubuntu22_x86_64-7.3.2-20220804-6354275  User: oesteban  Machine: dna086  Platform: Linux  PlatformVersion: 5.14.0-427.37.1.el9_4.x86_64  CompilerName: GCC  CompilerVersion: 8.4.0
ProgramName: mri_normalize_tp2  ProgramArguments: mri_normalize_tp2 -all-info  ProgramVersion: 7.3.2  TimeStamp: 2026/03/10-08:03:07-GMT  BuildTime: Aug  4 2022 06:17:15  BuildStamp: freesurfer-linux-ubuntu22_x86_64-7.3.2-20220804-6354275  User: oesteban  Machine: dna086  Platform: Linux  PlatformVersion: 5.14.0-427.37.1.el9_4.x86_64  CompilerName: GCC  CompilerVersion: 8.4.0
ProgramName: mri_or  ProgramArguments: mri_or -all-info  ProgramVersion: 7.3.2  TimeStamp: 2026/03/10-08:03:07-GMT  BuildTime: Aug  4 2022 06:17:15  BuildStamp: freesurfer-linux-ubuntu22_x86_64-7.3.2-20220804-6354275  User: oesteban  Machine: dna086  Platform: Linux  PlatformVersion: 5.14.0-427.37.1.el9_4.x86_64  CompilerName: GCC  CompilerVersion: 8.4.0
ProgramName: mri_relabel_hypointensities  ProgramArguments: mri_relabel_hypointensities -all-info  ProgramVersion: 7.3.2  TimeStamp: 2026/03/10-08:03:07-GMT  BuildTime: Aug  4 2022 06:17:15  BuildStamp: freesurfer-linux-ubuntu22_x86_64-7.3.2-20220804-6354275  User: oesteban  Machine: dna086  Platform: Linux  PlatformVersion: 5.14.0-427.37.1.el9_4.x86_64  CompilerName: GCC  CompilerVersion: 8.4.0
ProgramName: mri_relabel_nonwm_hypos  ProgramArguments: mri_relabel_nonwm_hypos -all-info  ProgramVersion: 7.3.2  TimeStamp: 2026/03/10-08:03:07-GMT  BuildTime: Aug  4 2022 06:17:15  BuildStamp: freesurfer-linux-ubuntu22_x86_64-7.3.2-20220804-6354275  User: oesteban  Machine: dna086  Platform: Linux  PlatformVersion: 5.14.0-427.37.1.el9_4.x86_64  CompilerName: GCC  CompilerVersion: 8.4.0
ProgramName: mri_remove_neck  ProgramArguments: mri_remove_neck -all-info  ProgramVersion: 7.3.2  TimeStamp: 2026/03/10-08:03:07-GMT  BuildTime: Aug  4 2022 06:17:15  BuildStamp: freesurfer-linux-ubuntu22_x86_64-7.3.2-20220804-6354275  User: oesteban  Machine: dna086  Platform: Linux  PlatformVersion: 5.14.0-427.37.1.el9_4.x86_64  CompilerName: GCC  CompilerVersion: 8.4.0
7.3.2

ProgramName: mri_robust_register  ProgramArguments: mri_robust_register -all-info  ProgramVersion: 7.3.2  TimeStamp: 2026/03/10-08:03:07-GMT  BuildTime: Aug  4 2022 06:17:15  BuildStamp: freesurfer-linux-ubuntu22_x86_64-7.3.2-20220804-6354275  User: oesteban  Machine: dna086  Platform: Linux  PlatformVersion: 5.14.0-427.37.1.el9_4.x86_64  CompilerName: GCC  CompilerVersion: 8.4.0
7.3.2

ProgramName: mri_robust_template  ProgramArguments: mri_robust_template -all-info  ProgramVersion: 7.3.2  TimeStamp: 2026/03/10-08:03:07-GMT  BuildTime: Aug  4 2022 06:17:15  BuildStamp: freesurfer-linux-ubuntu22_x86_64-7.3.2-20220804-6354275  User: oesteban  Machine: dna086  Platform: Linux  PlatformVersion: 5.14.0-427.37.1.el9_4.x86_64  CompilerName: GCC  CompilerVersion: 8.4.0
ProgramName: mris_anatomical_stats  ProgramArguments: mris_anatomical_stats -all-info  ProgramVersion: 7.3.2  TimeStamp: 2026/03/10-08:03:07-GMT  BuildTime: Aug  4 2022 06:17:15  BuildStamp: freesurfer-linux-ubuntu22_x86_64-7.3.2-20220804-6354275  User: oesteban  Machine: dna086  Platform: Linux  PlatformVersion: 5.14.0-427.37.1.el9_4.x86_64  CompilerName: GCC  CompilerVersion: 8.4.0
ProgramName: mris_ca_label  ProgramArguments: mris_ca_label -all-info  ProgramVersion: 7.3.2  TimeStamp: 2026/03/10-08:03:07-GMT  BuildTime: Aug  4 2022 06:17:15  BuildStamp: freesurfer-linux-ubuntu22_x86_64-7.3.2-20220804-6354275  User: oesteban  Machine: dna086  Platform: Linux  PlatformVersion: 5.14.0-427.37.1.el9_4.x86_64  CompilerName: GCC  CompilerVersion: 8.4.0
ProgramName: mris_calc  ProgramArguments: mris_calc -all-info  ProgramVersion: 7.3.2  TimeStamp: 2026/03/10-08:03:07-GMT  BuildTime: Aug  4 2022 06:17:15  BuildStamp: freesurfer-linux-ubuntu22_x86_64-7.3.2-20220804-6354275  User: oesteban  Machine: dna086  Platform: Linux  PlatformVersion: 5.14.0-427.37.1.el9_4.x86_64  CompilerName: GCC  CompilerVersion: 8.4.0
ProgramName: mris_convert  ProgramArguments: mris_convert -all-info  ProgramVersion: 7.3.2  TimeStamp: 2026/03/10-08:03:07-GMT  BuildTime: Aug  4 2022 06:17:15  BuildStamp: freesurfer-linux-ubuntu22_x86_64-7.3.2-20220804-6354275  User: oesteban  Machine: dna086  Platform: Linux  PlatformVersion: 5.14.0-427.37.1.el9_4.x86_64  CompilerName: GCC  CompilerVersion: 8.4.0
ProgramName: mris_curvature  ProgramArguments: mris_curvature -all-info  ProgramVersion: 7.3.2  TimeStamp: 2026/03/10-08:03:07-GMT  BuildTime: Aug  4 2022 06:17:15  BuildStamp: freesurfer-linux-ubuntu22_x86_64-7.3.2-20220804-6354275  User: oesteban  Machine: dna086  Platform: Linux  PlatformVersion: 5.14.0-427.37.1.el9_4.x86_64  CompilerName: GCC  CompilerVersion: 8.4.0
ProgramName: mris_curvature_stats  ProgramArguments: mris_curvature_stats -all-info  ProgramVersion: 7.3.2  TimeStamp: 2026/03/10-08:03:07-GMT  BuildTime: Aug  4 2022 06:17:15  BuildStamp: freesurfer-linux-ubuntu22_x86_64-7.3.2-20220804-6354275  User: oesteban  Machine: dna086  Platform: Linux  PlatformVersion: 5.14.0-427.37.1.el9_4.x86_64  CompilerName: GCC  CompilerVersion: 8.4.0
ProgramName: mris_diff  ProgramArguments: mris_diff -all-info  ProgramVersion: 7.3.2  TimeStamp: 2026/03/10-08:03:07-GMT  BuildTime: Aug  4 2022 06:17:15  BuildStamp: freesurfer-linux-ubuntu22_x86_64-7.3.2-20220804-6354275  User: oesteban  Machine: dna086  Platform: Linux  PlatformVersion: 5.14.0-427.37.1.el9_4.x86_64  CompilerName: GCC  CompilerVersion: 8.4.0
ProgramName: mris_divide_parcellation  ProgramArguments: mris_divide_parcellation -all-info  ProgramVersion: 7.3.2  TimeStamp: 2026/03/10-08:03:07-GMT  BuildTime: Aug  4 2022 06:17:15  BuildStamp: freesurfer-linux-ubuntu22_x86_64-7.3.2-20220804-6354275  User: oesteban  Machine: dna086  Platform: Linux  PlatformVersion: 5.14.0-427.37.1.el9_4.x86_64  CompilerName: GCC  CompilerVersion: 8.4.0
ProgramName: mri_segment  ProgramArguments: mri_segment -all-info  ProgramVersion: 7.3.2  TimeStamp: 2026/03/10-08:03:07-GMT  BuildTime: Aug  4 2022 06:17:15  BuildStamp: freesurfer-linux-ubuntu22_x86_64-7.3.2-20220804-6354275  User: oesteban  Machine: dna086  Platform: Linux  PlatformVersion: 5.14.0-427.37.1.el9_4.x86_64  CompilerName: GCC  CompilerVersion: 8.4.0
ProgramName: mri_segstats  ProgramArguments: mri_segstats -all-info  ProgramVersion: 7.3.2  TimeStamp: 2026/03/10-08:03:07-GMT  BuildTime: Aug  4 2022 06:17:15  BuildStamp: freesurfer-linux-ubuntu22_x86_64-7.3.2-20220804-6354275  User: oesteban  Machine: dna086  Platform: Linux  PlatformVersion: 5.14.0-427.37.1.el9_4.x86_64  CompilerName: GCC  CompilerVersion: 8.4.0
ProgramName: mris_euler_number  ProgramArguments: mris_euler_number -all-info  ProgramVersion: 7.3.2  TimeStamp: 2026/03/10-08:03:07-GMT  BuildTime: Aug  4 2022 06:17:15  BuildStamp: freesurfer-linux-ubuntu22_x86_64-7.3.2-20220804-6354275  User: oesteban  Machine: dna086  Platform: Linux  PlatformVersion: 5.14.0-427.37.1.el9_4.x86_64  CompilerName: GCC  CompilerVersion: 8.4.0
ProgramName: mris_fix_topology  ProgramArguments: mris_fix_topology -all-info  ProgramVersion: 7.3.2  TimeStamp: 2026/03/10-08:03:07-GMT  BuildTime: Aug  4 2022 06:17:15  BuildStamp: freesurfer-linux-ubuntu22_x86_64-7.3.2-20220804-6354275  User: oesteban  Machine: dna086  Platform: Linux  PlatformVersion: 5.14.0-427.37.1.el9_4.x86_64  CompilerName: GCC  CompilerVersion: 8.4.0
ProgramName: mris_topo_fixer  ProgramArguments: mris_topo_fixer -all-info  ProgramVersion: 7.3.2  TimeStamp: 2026/03/10-08:03:07-GMT  BuildTime: Aug  4 2022 06:17:15  BuildStamp: freesurfer-linux-ubuntu22_x86_64-7.3.2-20220804-6354275  User: oesteban  Machine: dna086  Platform: Linux  PlatformVersion: 5.14.0-427.37.1.el9_4.x86_64  CompilerName: GCC  CompilerVersion: 8.4.0
ProgramName: mris_jacobian  ProgramArguments: mris_jacobian -all-info  ProgramVersion: 7.3.2  TimeStamp: 2026/03/10-08:03:07-GMT  BuildTime: Aug  4 2022 06:17:15  BuildStamp: freesurfer-linux-ubuntu22_x86_64-7.3.2-20220804-6354275  User: oesteban  Machine: dna086  Platform: Linux  PlatformVersion: 5.14.0-427.37.1.el9_4.x86_64  CompilerName: GCC  CompilerVersion: 8.4.0
ProgramName: mris_label2annot  ProgramArguments: mris_label2annot -all-info  ProgramVersion: 7.3.2  TimeStamp: 2026/03/10-08:03:07-GMT  BuildTime: Aug  4 2022 06:17:15  BuildStamp: freesurfer-linux-ubuntu22_x86_64-7.3.2-20220804-6354275  User: oesteban  Machine: dna086  Platform: Linux  PlatformVersion: 5.14.0-427.37.1.el9_4.x86_64  CompilerName: GCC  CompilerVersion: 8.4.0
ProgramName: mris_left_right_register  ProgramArguments: mris_left_right_register -all-info  ProgramVersion: 7.3.2  TimeStamp: 2026/03/10-08:03:07-GMT  BuildTime: Aug  4 2022 06:17:15  BuildStamp: freesurfer-linux-ubuntu22_x86_64-7.3.2-20220804-6354275  User: oesteban  Machine: dna086  Platform: Linux  PlatformVersion: 5.14.0-427.37.1.el9_4.x86_64  CompilerName: GCC  CompilerVersion: 8.4.0
ProgramName: mris_place_surface  ProgramArguments: mris_place_surface -all-info  ProgramVersion: 7.3.2  TimeStamp: 2026/03/10-08:03:07-GMT  BuildTime: Aug  4 2022 06:17:15  BuildStamp: freesurfer-linux-ubuntu22_x86_64-7.3.2-20220804-6354275  User: oesteban  Machine: dna086  Platform: Linux  PlatformVersion: 5.14.0-427.37.1.el9_4.x86_64  CompilerName: GCC  CompilerVersion: 8.4.0
ProgramName: mrisp_paint  ProgramArguments: mrisp_paint -all-info  ProgramVersion: 7.3.2  TimeStamp: 2026/03/10-08:03:07-GMT  BuildTime: Aug  4 2022 06:17:15  BuildStamp: freesurfer-linux-ubuntu22_x86_64-7.3.2-20220804-6354275  User: oesteban  Machine: dna086  Platform: Linux  PlatformVersion: 5.14.0-427.37.1.el9_4.x86_64  CompilerName: GCC  CompilerVersion: 8.4.0
ProgramName: mris_register  ProgramArguments: mris_register -all-info  ProgramVersion: 7.3.2  TimeStamp: 2026/03/10-08:03:07-GMT  BuildTime: Aug  4 2022 06:17:15  BuildStamp: freesurfer-linux-ubuntu22_x86_64-7.3.2-20220804-6354275  User: oesteban  Machine: dna086  Platform: Linux  PlatformVersion: 5.14.0-427.37.1.el9_4.x86_64  CompilerName: GCC  CompilerVersion: 8.4.0
ProgramName: mris_smooth  ProgramArguments: mris_smooth -all-info  ProgramVersion: 7.3.2  TimeStamp: 2026/03/10-08:03:07-GMT  BuildTime: Aug  4 2022 06:17:15  BuildStamp: freesurfer-linux-ubuntu22_x86_64-7.3.2-20220804-6354275  User: oesteban  Machine: dna086  Platform: Linux  PlatformVersion: 5.14.0-427.37.1.el9_4.x86_64  CompilerName: GCC  CompilerVersion: 8.4.0
ProgramName: mris_sphere  ProgramArguments: mris_sphere -all-info  ProgramVersion: 7.3.2  TimeStamp: 2026/03/10-08:03:07-GMT  BuildTime: Aug  4 2022 06:17:15  BuildStamp: freesurfer-linux-ubuntu22_x86_64-7.3.2-20220804-6354275  User: oesteban  Machine: dna086  Platform: Linux  PlatformVersion: 5.14.0-427.37.1.el9_4.x86_64  CompilerName: GCC  CompilerVersion: 8.4.0
ProgramName: mris_surface_stats  ProgramArguments: mris_surface_stats -all-info  ProgramVersion: 7.3.2  TimeStamp: 2026/03/10-08:03:07-GMT  BuildTime: Aug  4 2022 06:17:15  BuildStamp: freesurfer-linux-ubuntu22_x86_64-7.3.2-20220804-6354275  User: oesteban  Machine: dna086  Platform: Linux  PlatformVersion: 5.14.0-427.37.1.el9_4.x86_64  CompilerName: GCC  CompilerVersion: 8.4.0
ProgramName: mri_stats2seg  ProgramArguments: mri_stats2seg -all-info  ProgramVersion: 7.3.2  TimeStamp: 2026/03/10-08:03:07-GMT  BuildTime: Aug  4 2022 06:17:15  BuildStamp: freesurfer-linux-ubuntu22_x86_64-7.3.2-20220804-6354275  User: oesteban  Machine: dna086  Platform: Linux  PlatformVersion: 5.14.0-427.37.1.el9_4.x86_64  CompilerName: GCC  CompilerVersion: 8.4.0
ProgramName: mris_thickness  ProgramArguments: mris_thickness -all-info  ProgramVersion: 7.3.2  TimeStamp: 2026/03/10-08:03:07-GMT  BuildTime: Aug  4 2022 06:17:15  BuildStamp: freesurfer-linux-ubuntu22_x86_64-7.3.2-20220804-6354275  User: oesteban  Machine: dna086  Platform: Linux  PlatformVersion: 5.14.0-427.37.1.el9_4.x86_64  CompilerName: GCC  CompilerVersion: 8.4.0
ProgramName: mris_thickness_diff  ProgramArguments: mris_thickness_diff -all-info  ProgramVersion: 7.3.2  TimeStamp: 2026/03/10-08:03:07-GMT  BuildTime: Aug  4 2022 06:17:15  BuildStamp: freesurfer-linux-ubuntu22_x86_64-7.3.2-20220804-6354275  User: oesteban  Machine: dna086  Platform: Linux  PlatformVersion: 5.14.0-427.37.1.el9_4.x86_64  CompilerName: GCC  CompilerVersion: 8.4.0
ProgramName: mris_topo_fixer  ProgramArguments: mris_topo_fixer -all-info  ProgramVersion: 7.3.2  TimeStamp: 2026/03/10-08:03:07-GMT  BuildTime: Aug  4 2022 06:17:15  BuildStamp: freesurfer-linux-ubuntu22_x86_64-7.3.2-20220804-6354275  User: oesteban  Machine: dna086  Platform: Linux  PlatformVersion: 5.14.0-427.37.1.el9_4.x86_64  CompilerName: GCC  CompilerVersion: 8.4.0
ProgramName: mri_surf2surf  ProgramArguments: mri_surf2surf -all-info  ProgramVersion: 7.3.2  TimeStamp: 2026/03/10-08:03:07-GMT  BuildTime: Aug  4 2022 06:17:15  BuildStamp: freesurfer-linux-ubuntu22_x86_64-7.3.2-20220804-6354275  User: oesteban  Machine: dna086  Platform: Linux  PlatformVersion: 5.14.0-427.37.1.el9_4.x86_64  CompilerName: GCC  CompilerVersion: 8.4.0
ProgramName: mri_surf2vol  ProgramArguments: mri_surf2vol -all-info  ProgramVersion: 7.3.2  TimeStamp: 2026/03/10-08:03:07-GMT  BuildTime: Aug  4 2022 06:17:15  BuildStamp: freesurfer-linux-ubuntu22_x86_64-7.3.2-20220804-6354275  User: oesteban  Machine: dna086  Platform: Linux  PlatformVersion: 5.14.0-427.37.1.el9_4.x86_64  CompilerName: GCC  CompilerVersion: 8.4.0
ProgramName: mri_surfcluster  ProgramArguments: mri_surfcluster -all-info  ProgramVersion: 7.3.2  TimeStamp: 2026/03/10-08:03:07-GMT  BuildTime: Aug  4 2022 06:17:15  BuildStamp: freesurfer-linux-ubuntu22_x86_64-7.3.2-20220804-6354275  User: oesteban  Machine: dna086  Platform: Linux  PlatformVersion: 5.14.0-427.37.1.el9_4.x86_64  CompilerName: GCC  CompilerVersion: 8.4.0
ProgramName: mris_volmask  ProgramArguments: mris_volmask -all-info  ProgramVersion: 7.3.2  TimeStamp: 2026/03/10-08:03:07-GMT  BuildTime: Aug  4 2022 06:17:15  BuildStamp: freesurfer-linux-ubuntu22_x86_64-7.3.2-20220804-6354275  User: oesteban  Machine: dna086  Platform: Linux  PlatformVersion: 5.14.0-427.37.1.el9_4.x86_64  CompilerName: GCC  CompilerVersion: 8.4.0
ProgramName: mri_tessellate  ProgramArguments: mri_tessellate -all-info  ProgramVersion: 7.3.2  TimeStamp: 2026/03/10-08:03:07-GMT  BuildTime: Aug  4 2022 06:17:15  BuildStamp: freesurfer-linux-ubuntu22_x86_64-7.3.2-20220804-6354275  User: oesteban  Machine: dna086  Platform: Linux  PlatformVersion: 5.14.0-427.37.1.el9_4.x86_64  CompilerName: GCC  CompilerVersion: 8.4.0
ProgramName: mri_vol2surf  ProgramArguments: mri_vol2surf -all-info  ProgramVersion: 7.3.2  TimeStamp: 2026/03/10-08:03:07-GMT  BuildTime: Aug  4 2022 06:17:15  BuildStamp: freesurfer-linux-ubuntu22_x86_64-7.3.2-20220804-6354275  User: oesteban  Machine: dna086  Platform: Linux  PlatformVersion: 5.14.0-427.37.1.el9_4.x86_64  CompilerName: GCC  CompilerVersion: 8.4.0
ProgramName: mri_vol2vol  ProgramArguments: mri_vol2vol -all-info  ProgramVersion: 7.3.2  TimeStamp: 2026/03/10-08:03:07-GMT  BuildTime: Aug  4 2022 06:17:15  BuildStamp: freesurfer-linux-ubuntu22_x86_64-7.3.2-20220804-6354275  User: oesteban  Machine: dna086  Platform: Linux  PlatformVersion: 5.14.0-427.37.1.el9_4.x86_64  CompilerName: GCC  CompilerVersion: 8.4.0
ProgramName: mri_voldiff  ProgramArguments: mri_voldiff -all-info  ProgramVersion: 7.3.2  TimeStamp: 2026/03/10-08:03:07-GMT  BuildTime: Aug  4 2022 06:17:15  BuildStamp: freesurfer-linux-ubuntu22_x86_64-7.3.2-20220804-6354275  User: oesteban  Machine: dna086  Platform: Linux  PlatformVersion: 5.14.0-427.37.1.el9_4.x86_64  CompilerName: GCC  CompilerVersion: 8.4.0
ProgramName: mri_watershed  ProgramArguments: mri_watershed -all-info  ProgramVersion: 7.3.2  TimeStamp: 2026/03/10-08:03:07-GMT  BuildTime: Aug  4 2022 06:17:15  BuildStamp: freesurfer-linux-ubuntu22_x86_64-7.3.2-20220804-6354275  User: oesteban  Machine: dna086  Platform: Linux  PlatformVersion: 5.14.0-427.37.1.el9_4.x86_64  CompilerName: GCC  CompilerVersion: 8.4.0
ProgramName: tkregister2  ProgramArguments: tkregister2_cmdl -all-info  ProgramVersion: 7.3.2  TimeStamp: 2026/03/10-08:03:07-GMT  BuildTime: Aug  4 2022 06:17:15  BuildStamp: freesurfer-linux-ubuntu22_x86_64-7.3.2-20220804-6354275  User: oesteban  Machine: dna086  Platform: Linux  PlatformVersion: 5.14.0-427.37.1.el9_4.x86_64  CompilerName: GCC  CompilerVersion: 8.4.0
mri_motion_correct.fsl 7.3.2
mri_convert -all-info 
ProgramName: mri_convert  ProgramArguments: mri_convert -all-info  ProgramVersion: 7.3.2  TimeStamp: 2026/03/10-08:03:07-GMT  BuildTime: Aug  4 2022 06:17:15  BuildStamp: freesurfer-linux-ubuntu22_x86_64-7.3.2-20220804-6354275  User: oesteban  Machine: dna086  Platform: Linux  PlatformVersion: 5.14.0-427.37.1.el9_4.x86_64  CompilerName: GCC  CompilerVersion: 8.4.0
Program nu_correct, built from:
Package MNI N3, version 1.12.0, compiled by nicks@terrier (x86_64-unknown-linux-gnu) on 2015-06-19 at 01:25:34
#######################################
GCADIR /opt/freesurfer/average
GCA RB_all_2020-01-02.gca
GCASkull RB_all_withskull_2020_01_02.gca
AvgCurvTif folding.atlas.acfb40.noaparc.i12.2016-08-02.tif
GCSDIR /opt/freesurfer/average
GCS DKaparc.atlas.acfb40.noaparc.i12.2016-08-02.gcs
#######################################
#--------------------------------------------
#@# WhiteSurfs lh Tue Mar 10 09:03:07 CET 2026
cd /out/sourcedata/freesurfer/sub-v1s8x0051345_ses-1/mri
mris_place_surface --adgws-in ../surf/autodet.gw.stats.lh.dat --seg aseg.presurf.mgz --threads 16 --wm wm.mgz --invol brain.finalsurfs.mgz --lh --i ../surf/lh.white.preaparc --o ../surf/lh.white --white --nsmooth 0 --rip-label ../label/lh.cortex.label --rip-bg --rip-surf ../surf/lh.white.preaparc --aparc ../label/lh.aparc.annot
   Update not needed
#--------------------------------------------
#@# WhiteSurfs rh Tue Mar 10 09:03:07 CET 2026
cd /out/sourcedata/freesurfer/sub-v1s8x0051345_ses-1/mri
mris_place_surface --adgws-in ../surf/autodet.gw.stats.rh.dat --seg aseg.presurf.mgz --threads 16 --wm wm.mgz --invol brain.finalsurfs.mgz --rh --i ../surf/rh.white.preaparc --o ../surf/rh.white --white --nsmooth 0 --rip-label ../label/rh.cortex.label --rip-bg --rip-surf ../surf/rh.white.preaparc --aparc ../label/rh.aparc.annot
   Update not needed
#@# white curv lh Tue Mar 10 09:03:07 CET 2026
cd /out/sourcedata/freesurfer/sub-v1s8x0051345_ses-1/mri
mris_place_surface --curv-map ../surf/lh.white 2 10 ../surf/lh.curv
   Update not needed
#@# white area lh Tue Mar 10 09:03:07 CET 2026
cd /out/sourcedata/freesurfer/sub-v1s8x0051345_ses-1/mri
mris_place_surface --area-map ../surf/lh.white ../surf/lh.area
   Update not needed
#@# pial curv lh Tue Mar 10 09:03:07 CET 2026
cd /out/sourcedata/freesurfer/sub-v1s8x0051345_ses-1/mri
mris_place_surface --curv-map ../surf/lh.pial 2 10 ../surf/lh.curv.pial
   Update not needed
#@# pial area lh Tue Mar 10 09:03:07 CET 2026
cd /out/sourcedata/freesurfer/sub-v1s8x0051345_ses-1/mri
mris_place_surface --area-map ../surf/lh.pial ../surf/lh.area.pial
   Update not needed
#@# thickness lh Tue Mar 10 09:03:07 CET 2026
cd /out/sourcedata/freesurfer/sub-v1s8x0051345_ses-1/mri
mris_place_surface --thickness ../surf/lh.white ../surf/lh.pial 20 5 ../surf/lh.thickness
   Update not needed
#@# area and vertex vol lh Tue Mar 10 09:03:07 CET 2026
cd /out/sourcedata/freesurfer/sub-v1s8x0051345_ses-1/mri
mris_place_surface --thickness ../surf/lh.white ../surf/lh.pial 20 5 ../surf/lh.thickness
   Update not needed
#@# white curv rh Tue Mar 10 09:03:07 CET 2026
cd /out/sourcedata/freesurfer/sub-v1s8x0051345_ses-1/mri
mris_place_surface --curv-map ../surf/rh.white 2 10 ../surf/rh.curv
   Update not needed
#@# white area rh Tue Mar 10 09:03:07 CET 2026
cd /out/sourcedata/freesurfer/sub-v1s8x0051345_ses-1/mri
mris_place_surface --area-map ../surf/rh.white ../surf/rh.area
   Update not needed
#@# pial curv rh Tue Mar 10 09:03:07 CET 2026
cd /out/sourcedata/freesurfer/sub-v1s8x0051345_ses-1/mri
mris_place_surface --curv-map ../surf/rh.pial 2 10 ../surf/rh.curv.pial
   Update not needed
#@# pial area rh Tue Mar 10 09:03:07 CET 2026
cd /out/sourcedata/freesurfer/sub-v1s8x0051345_ses-1/mri
mris_place_surface --area-map ../surf/rh.pial ../surf/rh.area.pial
   Update not needed
#@# thickness rh Tue Mar 10 09:03:07 CET 2026
cd /out/sourcedata/freesurfer/sub-v1s8x0051345_ses-1/mri
mris_place_surface --thickness ../surf/rh.white ../surf/rh.pial 20 5 ../surf/rh.thickness
   Update not needed
#@# area and vertex vol rh Tue Mar 10 09:03:07 CET 2026
cd /out/sourcedata/freesurfer/sub-v1s8x0051345_ses-1/mri
mris_place_surface --thickness ../surf/rh.white ../surf/rh.pial 20 5 ../surf/rh.thickness
   Update not needed

#-----------------------------------------
#@# Curvature Stats lh Tue Mar 10 09:03:07 CET 2026
/out/sourcedata/freesurfer/sub-v1s8x0051345_ses-1/surf

 mris_curvature_stats -m --writeCurvatureFiles -G -o ../stats/lh.curv.stats -F smoothwm sub-v1s8x0051345_ses-1 lh curv sulc 

             Toggling save flag on curvature files                       [ ok ]
                 Outputting results using filestem   [ ../stats/lh.curv.stats ]
             Toggling save flag on curvature files                       [ ok ]
                                   Setting surface [ sub-v1s8x0051345_ses-1/lh.smoothwm ]
                                Reading surface...                       [ ok ]
                                   Setting texture                     [ curv ]
                                Reading texture...                       [ ok ]
                                   Setting texture                     [ sulc ]
                                Reading texture...Gb_filter = 0
                       [ ok ]
      Calculating Discrete Principal Curvatures...
      Determining geometric order for vno faces... [####################] [ ok ]
                      Determining KH curvatures... [####################] [ ok ]
                    Determining k1k2 curvatures... [####################] [ ok ]
                                   deltaViolations                      [ 238 ]
Gb_filter = 0

WARN:    S lookup   min:                          -0.091917
WARN:    S explicit min:                          0.000000	vertex = 1242

#-----------------------------------------
#@# Curvature Stats rh Tue Mar 10 09:03:09 CET 2026
/out/sourcedata/freesurfer/sub-v1s8x0051345_ses-1/surf

 mris_curvature_stats -m --writeCurvatureFiles -G -o ../stats/rh.curv.stats -F smoothwm sub-v1s8x0051345_ses-1 rh curv sulc 

             Toggling save flag on curvature files                       [ ok ]
                 Outputting results using filestem   [ ../stats/rh.curv.stats ]
             Toggling save flag on curvature files                       [ ok ]
                                   Setting surface [ sub-v1s8x0051345_ses-1/rh.smoothwm ]
                                Reading surface...                       [ ok ]
                                   Setting texture                     [ curv ]
                                Reading texture...                       [ ok ]
                                   Setting texture                     [ sulc ]
                                Reading texture...Gb_filter = 0
                       [ ok ]
      Calculating Discrete Principal Curvatures...
      Determining geometric order for vno faces... [####################] [ ok ]
                      Determining KH curvatures... [####################] [ ok ]
                    Determining k1k2 curvatures... [####################] [ ok ]
                                   deltaViolations                      [ 215 ]
Gb_filter = 0

WARN:    S lookup   min:                          -0.108278
WARN:    S explicit min:                          0.000000	vertex = 327
#-----------------------------------------
#@# Relabel Hypointensities Tue Mar 10 09:03:11 CET 2026
/out/sourcedata/freesurfer/sub-v1s8x0051345_ses-1/mri

 mri_relabel_hypointensities aseg.presurf.mgz ../surf aseg.presurf.hypos.mgz 

reading input surface ../surf/lh.white...
relabeling lh hypointensities...
3316 voxels changed to hypointensity...
reading input surface ../surf/rh.white...
relabeling rh hypointensities...
3328 voxels changed to hypointensity...
6640 hypointense voxels neighboring cortex changed
#-----------------------------------------
#@# APas-to-ASeg Tue Mar 10 09:03:21 CET 2026
/out/sourcedata/freesurfer/sub-v1s8x0051345_ses-1/mri

 mri_surf2volseg --o aseg.mgz --i aseg.presurf.hypos.mgz --fix-presurf-with-ribbon /out/sourcedata/freesurfer/sub-v1s8x0051345_ses-1/mri/ribbon.mgz --threads 16 --lh-cortex-mask /out/sourcedata/freesurfer/sub-v1s8x0051345_ses-1/label/lh.cortex.label --lh-white /out/sourcedata/freesurfer/sub-v1s8x0051345_ses-1/surf/lh.white --lh-pial /out/sourcedata/freesurfer/sub-v1s8x0051345_ses-1/surf/lh.pial --rh-cortex-mask /out/sourcedata/freesurfer/sub-v1s8x0051345_ses-1/label/rh.cortex.label --rh-white /out/sourcedata/freesurfer/sub-v1s8x0051345_ses-1/surf/rh.white --rh-pial /out/sourcedata/freesurfer/sub-v1s8x0051345_ses-1/surf/rh.pial 

SUBJECTS_DIR /out/sourcedata/freesurfer
outvol aseg.mgz
16 avail.processors, using 16
Loading aseg.presurf.hypos.mgz
Loading /out/sourcedata/freesurfer/sub-v1s8x0051345_ses-1/mri/ribbon.mgz
Loading /out/sourcedata/freesurfer/sub-v1s8x0051345_ses-1/surf/lh.white
Loading /out/sourcedata/freesurfer/sub-v1s8x0051345_ses-1/surf/lh.pial
Loading /out/sourcedata/freesurfer/sub-v1s8x0051345_ses-1/label/lh.cortex.label
Loading /out/sourcedata/freesurfer/sub-v1s8x0051345_ses-1/surf/rh.white
Loading /out/sourcedata/freesurfer/sub-v1s8x0051345_ses-1/surf/rh.pial
Loading /out/sourcedata/freesurfer/sub-v1s8x0051345_ses-1/label/rh.cortex.label
Done loading
160  64 192 176  32   0  80  96 208  48 144 112  16 224 240 128 241 225 209  49   1  17 193 210  81  18  33  50 226 242   2 177 211 161 227  19 
 51  65  34 243 212   3 194  97 228  35  20 213  52 113 244  66   4  82  36 178 229 214  21  53 162 245  37 230 145 215   5  22 129  54  67 195  38 246 231 216   6  23 179 
 55  83  39 
232 247 196 217  24 163   7  68  56  40 233 218 248 197  25  41   8  98  57 234 219 
180 249  42 198  26  69  84   9  58 235 220 250 199 
 43  27 164 236  10 200  59 
251  44 221  28  70 201 252 237 181  11 222 114 146  45  60 253 202  29  85 238 223  46 254 203  12  61  30  71 165 130 239 
255 204  47  62 182  31  13 205  99 
 72 206  63  86  14 207  15 166 183  73  87 100 147 184 167 115 131 185  88  74 168 186 101 187 169  89  75 132 102 188 170 116 148  90 189 171  76 103 172 190  91 173 191  77 133 174 117  92  78 175 104 149  93  79 
134 118 105  94 119 
135  95 106 150 120 136 107 121 151 137 108 138 109 122 152 139 
110 123 140 111 153 141 124 154 142 125 155 143 156 126 157 158 127 159 

nrelabeled = 130881
ndotcheck = 0
Starting Surf2VolSeg free
free done
#VMPC# mri_surf2volseg VmPeak  1929800
mri_surf2volseg done

 mri_brainvol_stats sub-v1s8x0051345_ses-1 

ComputeBrainVolumeStats2 VoxelVol=1, KeepCSF=1
  #CBVS2 MaskVol              1388804.0
  #CBVS2 BrainSegVol          1125262.0
  #CBVS2 BrainSegVolNotVent   1102170.0
  #CBVS2 SupraTentVol          982052.0
  #CBVS2 SupraTentVolNotVent   958960.0
  #CBVS2 lhCtxGM               239615.2
  #CBVS2 rhCtxGM               238335.0
  #CBVS2 lhCerebralWM          212889.5
  #CBVS2 rhCerebralWM          209432.5
  #CBVS2 SubCortGMVol           59512.0
  #CBVS2 CerebellumVol         143210.0
  #CBVS2 CerebellumGMVol       115190.0
  #CBVS2 VentChorVol            19971.0
  #CBVS2 3rd4th5thCSF            3121.0
  #CBVS2 AllCSF                 23092.0
  #CBVS2 CCVol                   3233.0
#-----------------------------------------
#@# AParc-to-ASeg aparc Tue Mar 10 09:03:28 CET 2026
/out/sourcedata/freesurfer/sub-v1s8x0051345_ses-1/mri

 mri_surf2volseg --o aparc+aseg.mgz --label-cortex --i aseg.mgz --threads 16 --lh-annot /out/sourcedata/freesurfer/sub-v1s8x0051345_ses-1/label/lh.aparc.annot 1000 --lh-cortex-mask /out/sourcedata/freesurfer/sub-v1s8x0051345_ses-1/label/lh.cortex.label --lh-white /out/sourcedata/freesurfer/sub-v1s8x0051345_ses-1/surf/lh.white --lh-pial /out/sourcedata/freesurfer/sub-v1s8x0051345_ses-1/surf/lh.pial --rh-annot /out/sourcedata/freesurfer/sub-v1s8x0051345_ses-1/label/rh.aparc.annot 2000 --rh-cortex-mask /out/sourcedata/freesurfer/sub-v1s8x0051345_ses-1/label/rh.cortex.label --rh-white /out/sourcedata/freesurfer/sub-v1s8x0051345_ses-1/surf/rh.white --rh-pial /out/sourcedata/freesurfer/sub-v1s8x0051345_ses-1/surf/rh.pial 

SUBJECTS_DIR /out/sourcedata/freesurfer
outvol aparc+aseg.mgz
16 avail.processors, using 16
Loading aseg.mgz
Loading /out/sourcedata/freesurfer/sub-v1s8x0051345_ses-1/surf/lh.white
Loading /out/sourcedata/freesurfer/sub-v1s8x0051345_ses-1/surf/lh.pial
Loading /out/sourcedata/freesurfer/sub-v1s8x0051345_ses-1/label/lh.cortex.label
Ripping lh vertices labeled not in lh.cortex.label
  ripped 7970 vertices from lh hemi
Loading /out/sourcedata/freesurfer/sub-v1s8x0051345_ses-1/label/lh.aparc.annot
Loading /out/sourcedata/freesurfer/sub-v1s8x0051345_ses-1/surf/rh.white
Loading /out/sourcedata/freesurfer/sub-v1s8x0051345_ses-1/surf/rh.pial
Loading /out/sourcedata/freesurfer/sub-v1s8x0051345_ses-1/label/rh.cortex.label
Ripping rh vertices labeled not in rh.cortex.label
  ripped 8080 vertices from rh hemi
Loading /out/sourcedata/freesurfer/sub-v1s8x0051345_ses-1/label/rh.aparc.annot
Done loading
 80  16 208 144  32 112  96  64 240 224 176 192  48   0 128 160 241  17  49  33 225   1  65 209  50  18  34 242   2 226  51  19 
 35   3  66 210  52 243  20  36 227   4  21  37  53 211  22 244  38 228   5  23  39 
245  54  24 229 212   6  40 246  25 230  41  26   7 247 213  42 231  27 248   8  43  28 232 214 249   9  29  44 233 250  30  45  55  10 215 234  31 251  46  56 252 235  11  47 216  57 253 236  12 217  58 254 237  13 255 238 218  59 
 14 239 
219 
 60  15  61 220  62 221  63  67 222 223  68 193  69 194 195 196 197 198 199 
200 201 202 203 204 205 206 207  70  71  72 177 145  97  73 129 161 113  74  81 146  98 178  75 130 162  99 
147  76 114  77  82 179 
100 148 131  78 163 101 115 149 102  79 
132 180  83 103 150 116 164 133 104 151 181  84 105 117 134 106 152 165 107 182  85 135 108 118 153 109 183 136 166 110 154  86 119 
111 184 137  87 155 167 120 185 138 186  88 156 121 139 
168 187 157 122 140  89 188 169 158 189 123 141 190  90 159 
142 191 124 170 143  91 125 126  92 171 127  93 172  94 173  95 174 175 
nrelabeled = 477119
ndotcheck = 28909
Starting Surf2VolSeg free
free done
#VMPC# mri_surf2volseg VmPeak  1913976
mri_surf2volseg done
#-----------------------------------------
#@# AParc-to-ASeg aparc.a2009s Tue Mar 10 09:03:52 CET 2026
/out/sourcedata/freesurfer/sub-v1s8x0051345_ses-1/mri

 mri_surf2volseg --o aparc.a2009s+aseg.mgz --label-cortex --i aseg.mgz --threads 16 --lh-annot /out/sourcedata/freesurfer/sub-v1s8x0051345_ses-1/label/lh.aparc.a2009s.annot 11100 --lh-cortex-mask /out/sourcedata/freesurfer/sub-v1s8x0051345_ses-1/label/lh.cortex.label --lh-white /out/sourcedata/freesurfer/sub-v1s8x0051345_ses-1/surf/lh.white --lh-pial /out/sourcedata/freesurfer/sub-v1s8x0051345_ses-1/surf/lh.pial --rh-annot /out/sourcedata/freesurfer/sub-v1s8x0051345_ses-1/label/rh.aparc.a2009s.annot 12100 --rh-cortex-mask /out/sourcedata/freesurfer/sub-v1s8x0051345_ses-1/label/rh.cortex.label --rh-white /out/sourcedata/freesurfer/sub-v1s8x0051345_ses-1/surf/rh.white --rh-pial /out/sourcedata/freesurfer/sub-v1s8x0051345_ses-1/surf/rh.pial 

SUBJECTS_DIR /out/sourcedata/freesurfer
outvol aparc.a2009s+aseg.mgz
16 avail.processors, using 16
Loading aseg.mgz
Loading /out/sourcedata/freesurfer/sub-v1s8x0051345_ses-1/surf/lh.white
Loading /out/sourcedata/freesurfer/sub-v1s8x0051345_ses-1/surf/lh.pial
Loading /out/sourcedata/freesurfer/sub-v1s8x0051345_ses-1/label/lh.cortex.label
Ripping lh vertices labeled not in lh.cortex.label
  ripped 7970 vertices from lh hemi
Loading /out/sourcedata/freesurfer/sub-v1s8x0051345_ses-1/label/lh.aparc.a2009s.annot
Loading /out/sourcedata/freesurfer/sub-v1s8x0051345_ses-1/surf/rh.white
Loading /out/sourcedata/freesurfer/sub-v1s8x0051345_ses-1/surf/rh.pial
Loading /out/sourcedata/freesurfer/sub-v1s8x0051345_ses-1/label/rh.cortex.label
Ripping rh vertices labeled not in rh.cortex.label
  ripped 8080 vertices from rh hemi
Loading /out/sourcedata/freesurfer/sub-v1s8x0051345_ses-1/label/rh.aparc.a2009s.annot
Done loading
  0 240  16 224  32 160  80 128  64 192 144  96 208 176 112  48  49  17   1 241 225  33 209  65  18   2  50 210  19 
  3 242 226  34  20   4  51 211  66  21 243 227   5  35  22  52 212   6  23 244 228  36  53 213   7  24 245 229  37  54 214   8  25 246 230   9  26  38  55  10  27 215 231 247  28  11 248 232  56  29  12 216 249 233  30  13  57  31 217  14 250 234  15 251 235 218  58 252 236  59 
237 219 
253  39 
238 254  40 255 239 
 60  41 220  42 221  61 222  43  67 223  62  44  63  45  46  47  68 193  69 194 195 196 197 198 199 
200 201 202 203 204 205 206 207  70  71  97 177  81  72 145 161 113  98 129  82  73 178 146 114  99 
 83 162  74 179 
100 115 130  84 147 101  75 116  85 163 102 180 131 148 103  86 117  76 149 104  87 181 132 164 118  77  88 105 150 182 133 119 
106  89 151  78 107 183 165 120 134  90 108 152 121 184  79 
109  91 122 153 185 135 166 110 123 186 111  92 136 124 154 187 167 125 188  93 126 137 155 189 190 168 127  94 191 138 156  95 169 139 
170 157 140 171 172 141 158 173 159 
142 174 143 175 
nrelabeled = 477119
ndotcheck = 28909
Starting Surf2VolSeg free
free done
#VMPC# mri_surf2volseg VmPeak  1914068
mri_surf2volseg done
#-----------------------------------------
#@# AParc-to-ASeg aparc.DKTatlas Tue Mar 10 09:04:16 CET 2026
/out/sourcedata/freesurfer/sub-v1s8x0051345_ses-1/mri

 mri_surf2volseg --o aparc.DKTatlas+aseg.mgz --label-cortex --i aseg.mgz --threads 16 --lh-annot /out/sourcedata/freesurfer/sub-v1s8x0051345_ses-1/label/lh.aparc.DKTatlas.annot 1000 --lh-cortex-mask /out/sourcedata/freesurfer/sub-v1s8x0051345_ses-1/label/lh.cortex.label --lh-white /out/sourcedata/freesurfer/sub-v1s8x0051345_ses-1/surf/lh.white --lh-pial /out/sourcedata/freesurfer/sub-v1s8x0051345_ses-1/surf/lh.pial --rh-annot /out/sourcedata/freesurfer/sub-v1s8x0051345_ses-1/label/rh.aparc.DKTatlas.annot 2000 --rh-cortex-mask /out/sourcedata/freesurfer/sub-v1s8x0051345_ses-1/label/rh.cortex.label --rh-white /out/sourcedata/freesurfer/sub-v1s8x0051345_ses-1/surf/rh.white --rh-pial /out/sourcedata/freesurfer/sub-v1s8x0051345_ses-1/surf/rh.pial 

SUBJECTS_DIR /out/sourcedata/freesurfer
outvol aparc.DKTatlas+aseg.mgz
16 avail.processors, using 16
Loading aseg.mgz
Loading /out/sourcedata/freesurfer/sub-v1s8x0051345_ses-1/surf/lh.white
Loading /out/sourcedata/freesurfer/sub-v1s8x0051345_ses-1/surf/lh.pial
Loading /out/sourcedata/freesurfer/sub-v1s8x0051345_ses-1/label/lh.cortex.label
Ripping lh vertices labeled not in lh.cortex.label
  ripped 7970 vertices from lh hemi
Loading /out/sourcedata/freesurfer/sub-v1s8x0051345_ses-1/label/lh.aparc.DKTatlas.annot
Loading /out/sourcedata/freesurfer/sub-v1s8x0051345_ses-1/surf/rh.white
Loading /out/sourcedata/freesurfer/sub-v1s8x0051345_ses-1/surf/rh.pial
Loading /out/sourcedata/freesurfer/sub-v1s8x0051345_ses-1/label/rh.cortex.label
Ripping rh vertices labeled not in rh.cortex.label
  ripped 8080 vertices from rh hemi
Loading /out/sourcedata/freesurfer/sub-v1s8x0051345_ses-1/label/rh.aparc.DKTatlas.annot
Done loading
 64 144  16 192 240 112 176  48  32 128  96 224   0 160 208  80 225   1  17  49  33 241   2  18 226  50  65 242   3 209  19 
227  34   4  20 210 228  66   5  35 229 211 243 212 230  21   6 244  36  22   7  51 245  37  23   8  52 246 247  38  53   9 248  39 
 10  54 231 249 213  55  11 232 250  24  56  40  12 251 214  25  57 252  13  41  58 253 215  14 233  59 
216 254  60  15 234 255  42  26  61 217  62  27  63 218  43  28 235  44 219 
 29 236  45 220  30 237  46 221  31  47 238 222 239 
223  67  68 193  69 194  70 195 196 197 198 199 
200 201 202 203 204 205 206 207  71  72  97  81 113 177  73 145 161 129  98 114  82  74  75 178 115  99 
146  83 130  76 162 116 100 147  84 179 
 77 117 101 131 148  85  78 163 102 118 180 149 103 132  79 
 86 119 
104 150  87 181 164 133 120 105  88 151 106 182 121 165 107 134  89 152 122 108 183 166  90 109 135 123 153 110 184  91 136 124 111 167 185 154 125  92 186 168 137 126 187  93 155 169 188 138 127 189  94 170 139 
190 156 191 171  95 140 172 157 141 173 142 174 158 175 143 159 

nrelabeled = 477119
ndotcheck = 28909
Starting Surf2VolSeg free
free done
#VMPC# mri_surf2volseg VmPeak  1913980
mri_surf2volseg done
#-----------------------------------------
#@# WMParc Tue Mar 10 09:04:42 CET 2026
/out/sourcedata/freesurfer/sub-v1s8x0051345_ses-1/mri

 mri_surf2volseg --o wmparc.mgz --label-wm --i aparc+aseg.mgz --threads 16 --lh-annot /out/sourcedata/freesurfer/sub-v1s8x0051345_ses-1/label/lh.aparc.annot 3000 --lh-cortex-mask /out/sourcedata/freesurfer/sub-v1s8x0051345_ses-1/label/lh.cortex.label --lh-white /out/sourcedata/freesurfer/sub-v1s8x0051345_ses-1/surf/lh.white --lh-pial /out/sourcedata/freesurfer/sub-v1s8x0051345_ses-1/surf/lh.pial --rh-annot /out/sourcedata/freesurfer/sub-v1s8x0051345_ses-1/label/rh.aparc.annot 4000 --rh-cortex-mask /out/sourcedata/freesurfer/sub-v1s8x0051345_ses-1/label/rh.cortex.label --rh-white /out/sourcedata/freesurfer/sub-v1s8x0051345_ses-1/surf/rh.white --rh-pial /out/sourcedata/freesurfer/sub-v1s8x0051345_ses-1/surf/rh.pial 

SUBJECTS_DIR /out/sourcedata/freesurfer
outvol wmparc.mgz
16 avail.processors, using 16
Loading aparc+aseg.mgz
Loading /out/sourcedata/freesurfer/sub-v1s8x0051345_ses-1/surf/lh.white
Loading /out/sourcedata/freesurfer/sub-v1s8x0051345_ses-1/surf/lh.pial
Loading /out/sourcedata/freesurfer/sub-v1s8x0051345_ses-1/label/lh.cortex.label
Ripping lh vertices labeled not in lh.cortex.label
  ripped 7970 vertices from lh hemi
Loading /out/sourcedata/freesurfer/sub-v1s8x0051345_ses-1/label/lh.aparc.annot
Loading /out/sourcedata/freesurfer/sub-v1s8x0051345_ses-1/surf/rh.white
Loading /out/sourcedata/freesurfer/sub-v1s8x0051345_ses-1/surf/rh.pial
Loading /out/sourcedata/freesurfer/sub-v1s8x0051345_ses-1/label/rh.cortex.label
Ripping rh vertices labeled not in rh.cortex.label
  ripped 8080 vertices from rh hemi
Loading /out/sourcedata/freesurfer/sub-v1s8x0051345_ses-1/label/rh.aparc.annot
Done loading
 16  48 240 160 192  32 128  80   0 112 224  64  96 176 208 144 209  65  49   1  17 225  33 241  66 210  50 226   2  18  34 242 227  67 211  51 228   3  19 
 35  68 243 212  52 229  69 193 213   4  53  20  36 244 230  54 214   5  21  37 194  55 215 245 231 216   6  56  22  70  38 195 246  57 217 232   7  23  39 
196  58 218 247 233   8  24  59 
219 
 40 197  71 248  60 220   9  25 234  41 198  61 221 249  10  62  26 222 235  42 199 
 63 250 223  11  27  43 236 200  12 251  28  44 237 201  13 252  29  45 238 202  14 253  30  72  46 203 254 239 
 15  31 255  47 204 205 206 207  73  81  74 129  75 177  76  82 130  77 113 178  78 161  83 131  79 
 97  84 179 
132 114  85 145  98 180 133 162  86 115  87 134 181  99 
116  88 135 163 146 182 136  89 100 117 183  90 164 101 137 118 184  91 185 147 119 
186 102  92 187 138 165 188 189 120 190 191  93 103 121 139 
166 148 122  94 104 123 167  95 124 140 125 105 168 126 149 141 127 106 169 142 107 170 150 171 108 151 143 172 109 173 152 174 110 153 175 111 154 155 156 157 158 159 

nrelabeled = 419089
ndotcheck = 3854
Starting Surf2VolSeg free
free done
#VMPC# mri_surf2volseg VmPeak  1913976
mri_surf2volseg done

 mri_segstats --seed 1234 --seg mri/wmparc.mgz --sum stats/wmparc.stats --pv mri/norm.mgz --excludeid 0 --brainmask mri/brainmask.mgz --in mri/norm.mgz --in-intensity-name norm --in-intensity-units MR --subject sub-v1s8x0051345_ses-1 --surf-wm-vol --ctab /opt/freesurfer/WMParcStatsLUT.txt --etiv 

setting seed for random number genererator to 1234

7.3.2
cwd 
cmdline mri_segstats --seed 1234 --seg mri/wmparc.mgz --sum stats/wmparc.stats --pv mri/norm.mgz --excludeid 0 --brainmask mri/brainmask.mgz --in mri/norm.mgz --in-intensity-name norm --in-intensity-units MR --subject sub-v1s8x0051345_ses-1 --surf-wm-vol --ctab /opt/freesurfer/WMParcStatsLUT.txt --etiv 
sysname  Linux
hostname dna086
machine  x86_64
user     oesteban
whitesurfname  white
UseRobust  0
atlas_icv (eTIV) = 1461066 mm^3    (det: 1.333345 )
Loading mri/wmparc.mgz
Getting Brain Volume Statistics
Loading mri/norm.mgz
Loading mri/norm.mgz
Voxel Volume is 1 mm^3
Generating list of segmentation ids
Found 390 segmentations
Computing statistics for each segmentation

Reporting on  70 segmentations
Using PrintSegStat
mri_segstats done
#--------------------------------------------
#@# ASeg Stats Tue Mar 10 09:06:41 CET 2026
/out/sourcedata/freesurfer/sub-v1s8x0051345_ses-1

 mri_segstats --seed 1234 --seg mri/aseg.mgz --sum stats/aseg.stats --pv mri/norm.mgz --empty --brainmask mri/brainmask.mgz --brain-vol-from-seg --excludeid 0 --excl-ctxgmwm --supratent --subcortgray --in mri/norm.mgz --in-intensity-name norm --in-intensity-units MR --etiv --surf-wm-vol --surf-ctx-vol --totalgray --euler --ctab /opt/freesurfer/ASegStatsLUT.txt --subject sub-v1s8x0051345_ses-1 

setting seed for random number genererator to 1234

7.3.2
cwd 
cmdline mri_segstats --seed 1234 --seg mri/aseg.mgz --sum stats/aseg.stats --pv mri/norm.mgz --empty --brainmask mri/brainmask.mgz --brain-vol-from-seg --excludeid 0 --excl-ctxgmwm --supratent --subcortgray --in mri/norm.mgz --in-intensity-name norm --in-intensity-units MR --etiv --surf-wm-vol --surf-ctx-vol --totalgray --euler --ctab /opt/freesurfer/ASegStatsLUT.txt --subject sub-v1s8x0051345_ses-1 
sysname  Linux
hostname dna086
machine  x86_64
user     oesteban
whitesurfname  white
UseRobust  0
atlas_icv (eTIV) = 1461066 mm^3    (det: 1.333345 )
Computing euler number
orig.nofix lheno =  -12, rheno = -14
orig.nofix lhholes =    7, rhholes = 8
Loading mri/aseg.mgz
Getting Brain Volume Statistics
Loading mri/norm.mgz
Loading mri/norm.mgz
Voxel Volume is 1 mm^3
Generating list of segmentation ids
Found  50 segmentations
Computing statistics for each segmentation

Reporting on  45 segmentations
Using PrintSegStat
mri_segstats done

Started at Tue Mar 10 09:03:07 CET 2026 
Ended   at Tue Mar 10 09:07:05 CET 2026
#@#%# recon-all-run-time-hours 0.066
recon-all -s sub-v1s8x0051345_ses-1 finished without error at Tue Mar 10 09:07:05 CET 2026
