
Tue Mar 10 06:52:24 CET 2026
cd /out/sourcedata/freesurfer/sub-v1s8x0051343_ses-1
setenv SUBJECTS_DIR /out/sourcedata/freesurfer
/opt/freesurfer/bin/recon-all -autorecon1 -i /work/fmriprep_25_2_wf/sub_v1s8x0051343_ses_1_wf/anat_fit_wf/anat_validate/sub-v1s8x0051343_ses-1_T1w_noise_corrected_ras_valid.nii.gz -noskullstrip -noT2pial -noFLAIRpial -openmp 16 -subjid sub-v1s8x0051343_ses-1 -sd /out/sourcedata/freesurfer

subjid sub-v1s8x0051343_ses-1
setenv SUBJECTS_DIR /out/sourcedata/freesurfer
FREESURFER_HOME /opt/freesurfer
Actual FREESURFER_HOME /opt/freesurfer
build-stamp.txt: freesurfer-linux-ubuntu22_x86_64-7.3.2-20220804-6354275
Linux dna079 5.14.0-427.37.1.el9_4.x86_64 #1 SMP PREEMPT_DYNAMIC Fri Sep 13 12:41:50 EDT 2024 x86_64 x86_64 x86_64 GNU/Linux
cputime      unlimited
filesize     unlimited
datasize     unlimited
stacksize    8192 kbytes
coredumpsize 0 kbytes
memoryuse    67108864 kbytes
vmemoryuse   unlimited
descriptors  1024 
memorylocked unlimited
maxproc      2061970 
maxlocks     unlimited
maxsignal    2062029 
maxmessage   819200 
maxnice      0 
maxrtprio    0 
maxrttime    unlimited

               total        used        free      shared  buff/cache   available
Mem:           503Gi        45Gi       386Gi       9.2Gi        70Gi       445Gi
Swap:             0B          0B          0B

########################################
program versions used
7.3.2 (freesurfer-linux-ubuntu22_x86_64-7.3.2-20220804-6354275)
7.3.2

ProgramName: lta_convert  ProgramArguments: lta_convert -all-info  ProgramVersion: 7.3.2  TimeStamp: 2026/03/10-05:52:24-GMT  BuildTime: Aug  4 2022 06:17:15  BuildStamp: freesurfer-linux-ubuntu22_x86_64-7.3.2-20220804-6354275  User: oesteban  Machine: dna079  Platform: Linux  PlatformVersion: 5.14.0-427.37.1.el9_4.x86_64  CompilerName: GCC  CompilerVersion: 8.4.0
ProgramName: mri_and  ProgramArguments: mri_and -all-info  ProgramVersion: 7.3.2  TimeStamp: 2026/03/10-05:52:24-GMT  BuildTime: Aug  4 2022 06:17:15  BuildStamp: freesurfer-linux-ubuntu22_x86_64-7.3.2-20220804-6354275  User: oesteban  Machine: dna079  Platform: Linux  PlatformVersion: 5.14.0-427.37.1.el9_4.x86_64  CompilerName: GCC  CompilerVersion: 8.4.0
ProgramName: mri_annotation2label  ProgramArguments: mri_annotation2label -all-info  ProgramVersion: 7.3.2  TimeStamp: 2026/03/10-05:52:24-GMT  BuildTime: Aug  4 2022 06:17:15  BuildStamp: freesurfer-linux-ubuntu22_x86_64-7.3.2-20220804-6354275  User: oesteban  Machine: dna079  Platform: Linux  PlatformVersion: 5.14.0-427.37.1.el9_4.x86_64  CompilerName: GCC  CompilerVersion: 8.4.0
ProgramName: mri_aparc2aseg  ProgramArguments: mri_aparc2aseg -all-info  ProgramVersion: 7.3.2  TimeStamp: 2026/03/10-05:52:24-GMT  BuildTime: Aug  4 2022 06:17:15  BuildStamp: freesurfer-linux-ubuntu22_x86_64-7.3.2-20220804-6354275  User: oesteban  Machine: dna079  Platform: Linux  PlatformVersion: 5.14.0-427.37.1.el9_4.x86_64  CompilerName: GCC  CompilerVersion: 8.4.0
ProgramName: mri_surf2volseg  ProgramArguments: mri_surf2volseg -all-info  ProgramVersion: 7.3.2  TimeStamp: 2026/03/10-05:52:24-GMT  BuildTime: Aug  4 2022 06:17:15  BuildStamp: freesurfer-linux-ubuntu22_x86_64-7.3.2-20220804-6354275  User: oesteban  Machine: dna079  Platform: Linux  PlatformVersion: 5.14.0-427.37.1.el9_4.x86_64  CompilerName: GCC  CompilerVersion: 8.4.0
ProgramName: mri_binarize  ProgramArguments: mri_binarize -all-info  ProgramVersion: 7.3.2  TimeStamp: 2026/03/10-05:52:24-GMT  BuildTime: Aug  4 2022 06:17:15  BuildStamp: freesurfer-linux-ubuntu22_x86_64-7.3.2-20220804-6354275  User: oesteban  Machine: dna079  Platform: Linux  PlatformVersion: 5.14.0-427.37.1.el9_4.x86_64  CompilerName: GCC  CompilerVersion: 8.4.0
ProgramName: mri_ca_label  ProgramArguments: mri_ca_label -all-info  ProgramVersion: 7.3.2  TimeStamp: 2026/03/10-05:52:24-GMT  BuildTime: Aug  4 2022 06:17:15  BuildStamp: freesurfer-linux-ubuntu22_x86_64-7.3.2-20220804-6354275  User: oesteban  Machine: dna079  Platform: Linux  PlatformVersion: 5.14.0-427.37.1.el9_4.x86_64  CompilerName: GCC  CompilerVersion: 8.4.0
ProgramName: mri_ca_normalize  ProgramArguments: mri_ca_normalize -all-info  ProgramVersion: 7.3.2  TimeStamp: 2026/03/10-05:52:24-GMT  BuildTime: Aug  4 2022 06:17:15  BuildStamp: freesurfer-linux-ubuntu22_x86_64-7.3.2-20220804-6354275  User: oesteban  Machine: dna079  Platform: Linux  PlatformVersion: 5.14.0-427.37.1.el9_4.x86_64  CompilerName: GCC  CompilerVersion: 8.4.0
ProgramName: mri_ca_register  ProgramArguments: mri_ca_register -all-info  ProgramVersion: 7.3.2  TimeStamp: 2026/03/10-05:52:24-GMT  BuildTime: Aug  4 2022 06:17:15  BuildStamp: freesurfer-linux-ubuntu22_x86_64-7.3.2-20220804-6354275  User: oesteban  Machine: dna079  Platform: Linux  PlatformVersion: 5.14.0-427.37.1.el9_4.x86_64  CompilerName: GCC  CompilerVersion: 8.4.0
ProgramName: mri_cc  ProgramArguments: mri_cc -all-info  ProgramVersion: 7.3.2  TimeStamp: 2026/03/10-05:52:24-GMT  BuildTime: Aug  4 2022 06:17:15  BuildStamp: freesurfer-linux-ubuntu22_x86_64-7.3.2-20220804-6354275  User: oesteban  Machine: dna079  Platform: Linux  PlatformVersion: 5.14.0-427.37.1.el9_4.x86_64  CompilerName: GCC  CompilerVersion: 8.4.0
ProgramName: mri_compute_overlap  ProgramArguments: mri_compute_overlap -all-info  ProgramVersion: 7.3.2  TimeStamp: 2026/03/10-05:52:24-GMT  BuildTime: Aug  4 2022 06:17:15  BuildStamp: freesurfer-linux-ubuntu22_x86_64-7.3.2-20220804-6354275  User: oesteban  Machine: dna079  Platform: Linux  PlatformVersion: 5.14.0-427.37.1.el9_4.x86_64  CompilerName: GCC  CompilerVersion: 8.4.0
ProgramName: mri_compute_seg_overlap  ProgramArguments: mri_compute_seg_overlap -all-info  ProgramVersion: 7.3.2  TimeStamp: 2026/03/10-05:52:24-GMT  BuildTime: Aug  4 2022 06:17:15  BuildStamp: freesurfer-linux-ubuntu22_x86_64-7.3.2-20220804-6354275  User: oesteban  Machine: dna079  Platform: Linux  PlatformVersion: 5.14.0-427.37.1.el9_4.x86_64  CompilerName: GCC  CompilerVersion: 8.4.0
ProgramName: mri_concat  ProgramArguments: mri_concat -all-info  ProgramVersion: 7.3.2  TimeStamp: 2026/03/10-05:52:24-GMT  BuildTime: Aug  4 2022 06:17:15  BuildStamp: freesurfer-linux-ubuntu22_x86_64-7.3.2-20220804-6354275  User: oesteban  Machine: dna079  Platform: Linux  PlatformVersion: 5.14.0-427.37.1.el9_4.x86_64  CompilerName: GCC  CompilerVersion: 8.4.0
ProgramName: mri_concatenate_lta  ProgramArguments: mri_concatenate_lta -all-info  ProgramVersion: 7.3.2  TimeStamp: 2026/03/10-05:52:24-GMT  BuildTime: Aug  4 2022 06:17:15  BuildStamp: freesurfer-linux-ubuntu22_x86_64-7.3.2-20220804-6354275  User: oesteban  Machine: dna079  Platform: Linux  PlatformVersion: 5.14.0-427.37.1.el9_4.x86_64  CompilerName: GCC  CompilerVersion: 8.4.0
mri_convert -all-info 
ProgramName: mri_convert  ProgramArguments: mri_convert -all-info  ProgramVersion: 7.3.2  TimeStamp: 2026/03/10-05:52:24-GMT  BuildTime: Aug  4 2022 06:17:15  BuildStamp: freesurfer-linux-ubuntu22_x86_64-7.3.2-20220804-6354275  User: oesteban  Machine: dna079  Platform: Linux  PlatformVersion: 5.14.0-427.37.1.el9_4.x86_64  CompilerName: GCC  CompilerVersion: 8.4.0
ProgramName: mri_diff  ProgramArguments: mri_diff -all-info  ProgramVersion: 7.3.2  TimeStamp: 2026/03/10-05:52:24-GMT  BuildTime: Aug  4 2022 06:17:15  BuildStamp: freesurfer-linux-ubuntu22_x86_64-7.3.2-20220804-6354275  User: oesteban  Machine: dna079  Platform: Linux  PlatformVersion: 5.14.0-427.37.1.el9_4.x86_64  CompilerName: GCC  CompilerVersion: 8.4.0
ProgramName: mri_edit_wm_with_aseg  ProgramArguments: mri_edit_wm_with_aseg -all-info  ProgramVersion: 7.3.2  TimeStamp: 2026/03/10-05:52:24-GMT  BuildTime: Aug  4 2022 06:17:15  BuildStamp: freesurfer-linux-ubuntu22_x86_64-7.3.2-20220804-6354275  User: oesteban  Machine: dna079  Platform: Linux  PlatformVersion: 5.14.0-427.37.1.el9_4.x86_64  CompilerName: GCC  CompilerVersion: 8.4.0
ProgramName: mri_em_register  ProgramArguments: mri_em_register -all-info  ProgramVersion: 7.3.2  TimeStamp: 2026/03/10-05:52:24-GMT  BuildTime: Aug  4 2022 06:17:15  BuildStamp: freesurfer-linux-ubuntu22_x86_64-7.3.2-20220804-6354275  User: oesteban  Machine: dna079  Platform: Linux  PlatformVersion: 5.14.0-427.37.1.el9_4.x86_64  CompilerName: GCC  CompilerVersion: 8.4.0
ProgramName: mri_fill  ProgramArguments: mri_fill -all-info  ProgramVersion: 7.3.2  TimeStamp: 2026/03/10-05:52:24-GMT  BuildTime: Aug  4 2022 06:17:15  BuildStamp: freesurfer-linux-ubuntu22_x86_64-7.3.2-20220804-6354275  User: oesteban  Machine: dna079  Platform: Linux  PlatformVersion: 5.14.0-427.37.1.el9_4.x86_64  CompilerName: GCC  CompilerVersion: 8.4.0
ProgramName: mri_fuse_segmentations  ProgramArguments: mri_fuse_segmentations -all-info  ProgramVersion: 7.3.2  TimeStamp: 2026/03/10-05:52:24-GMT  BuildTime: Aug  4 2022 06:17:15  BuildStamp: freesurfer-linux-ubuntu22_x86_64-7.3.2-20220804-6354275  User: oesteban  Machine: dna079  Platform: Linux  PlatformVersion: 5.14.0-427.37.1.el9_4.x86_64  CompilerName: GCC  CompilerVersion: 8.4.0
ProgramName: mri_fwhm  ProgramArguments: mri_fwhm -all-info  ProgramVersion: 7.3.2  TimeStamp: 2026/03/10-05:52:24-GMT  BuildTime: Aug  4 2022 06:17:15  BuildStamp: freesurfer-linux-ubuntu22_x86_64-7.3.2-20220804-6354275  User: oesteban  Machine: dna079  Platform: Linux  PlatformVersion: 5.14.0-427.37.1.el9_4.x86_64  CompilerName: GCC  CompilerVersion: 8.4.0
ProgramName: mri_gcut  ProgramArguments: mri_gcut -all-info  ProgramVersion: 7.3.2  TimeStamp: 2026/03/10-05:52:24-GMT  BuildTime: Aug  4 2022 06:17:15  BuildStamp: freesurfer-linux-ubuntu22_x86_64-7.3.2-20220804-6354275  User: oesteban  Machine: dna079  Platform: Linux  PlatformVersion: 5.14.0-427.37.1.el9_4.x86_64  CompilerName: GCC  CompilerVersion: 8.4.0
ProgramName: mri_info  ProgramArguments: mri_info -all-info  ProgramVersion: 7.3.2  TimeStamp: 2026/03/10-05:52:24-GMT  BuildTime: Aug  4 2022 06:17:15  BuildStamp: freesurfer-linux-ubuntu22_x86_64-7.3.2-20220804-6354275  User: oesteban  Machine: dna079  Platform: Linux  PlatformVersion: 5.14.0-427.37.1.el9_4.x86_64  CompilerName: GCC  CompilerVersion: 8.4.0
ProgramName: mri_label2label  ProgramArguments: mri_label2label -all-info  ProgramVersion: 7.3.2  TimeStamp: 2026/03/10-05:52:24-GMT  BuildTime: Aug  4 2022 06:17:15  BuildStamp: freesurfer-linux-ubuntu22_x86_64-7.3.2-20220804-6354275  User: oesteban  Machine: dna079  Platform: Linux  PlatformVersion: 5.14.0-427.37.1.el9_4.x86_64  CompilerName: GCC  CompilerVersion: 8.4.0
ProgramName: mri_label2vol  ProgramArguments: mri_label2vol -all-info  ProgramVersion: 7.3.2  TimeStamp: 2026/03/10-05:52:24-GMT  BuildTime: Aug  4 2022 06:17:15  BuildStamp: freesurfer-linux-ubuntu22_x86_64-7.3.2-20220804-6354275  User: oesteban  Machine: dna079  Platform: Linux  PlatformVersion: 5.14.0-427.37.1.el9_4.x86_64  CompilerName: GCC  CompilerVersion: 8.4.0
ProgramName: mri_log_likelihood  ProgramArguments: mri_log_likelihood -all-info  ProgramVersion: 7.3.2  TimeStamp: 2026/03/10-05:52:24-GMT  BuildTime: Aug  4 2022 06:17:15  BuildStamp: freesurfer-linux-ubuntu22_x86_64-7.3.2-20220804-6354275  User: oesteban  Machine: dna079  Platform: Linux  PlatformVersion: 5.14.0-427.37.1.el9_4.x86_64  CompilerName: GCC  CompilerVersion: 8.4.0
ProgramName: mri_mask  ProgramArguments: mri_mask -all-info  ProgramVersion: 7.3.2  TimeStamp: 2026/03/10-05:52:24-GMT  BuildTime: Aug  4 2022 06:17:15  BuildStamp: freesurfer-linux-ubuntu22_x86_64-7.3.2-20220804-6354275  User: oesteban  Machine: dna079  Platform: Linux  PlatformVersion: 5.14.0-427.37.1.el9_4.x86_64  CompilerName: GCC  CompilerVersion: 8.4.0
ProgramName: mri_matrix_multiply  ProgramArguments: mri_matrix_multiply -all-info  ProgramVersion: 7.3.2  TimeStamp: 2026/03/10-05:52:24-GMT  BuildTime: Aug  4 2022 06:17:15  BuildStamp: freesurfer-linux-ubuntu22_x86_64-7.3.2-20220804-6354275  User: oesteban  Machine: dna079  Platform: Linux  PlatformVersion: 5.14.0-427.37.1.el9_4.x86_64  CompilerName: GCC  CompilerVersion: 8.4.0
ProgramName: mri_normalize  ProgramArguments: mri_normalize -all-info  ProgramVersion: 7.3.2  TimeStamp: 2026/03/10-05:52:24-GMT  BuildTime: Aug  4 2022 06:17:15  BuildStamp: freesurfer-linux-ubuntu22_x86_64-7.3.2-20220804-6354275  User: oesteban  Machine: dna079  Platform: Linux  PlatformVersion: 5.14.0-427.37.1.el9_4.x86_64  CompilerName: GCC  CompilerVersion: 8.4.0
ProgramName: mri_normalize_tp2  ProgramArguments: mri_normalize_tp2 -all-info  ProgramVersion: 7.3.2  TimeStamp: 2026/03/10-05:52:24-GMT  BuildTime: Aug  4 2022 06:17:15  BuildStamp: freesurfer-linux-ubuntu22_x86_64-7.3.2-20220804-6354275  User: oesteban  Machine: dna079  Platform: Linux  PlatformVersion: 5.14.0-427.37.1.el9_4.x86_64  CompilerName: GCC  CompilerVersion: 8.4.0
ProgramName: mri_or  ProgramArguments: mri_or -all-info  ProgramVersion: 7.3.2  TimeStamp: 2026/03/10-05:52:24-GMT  BuildTime: Aug  4 2022 06:17:15  BuildStamp: freesurfer-linux-ubuntu22_x86_64-7.3.2-20220804-6354275  User: oesteban  Machine: dna079  Platform: Linux  PlatformVersion: 5.14.0-427.37.1.el9_4.x86_64  CompilerName: GCC  CompilerVersion: 8.4.0
ProgramName: mri_relabel_hypointensities  ProgramArguments: mri_relabel_hypointensities -all-info  ProgramVersion: 7.3.2  TimeStamp: 2026/03/10-05:52:24-GMT  BuildTime: Aug  4 2022 06:17:15  BuildStamp: freesurfer-linux-ubuntu22_x86_64-7.3.2-20220804-6354275  User: oesteban  Machine: dna079  Platform: Linux  PlatformVersion: 5.14.0-427.37.1.el9_4.x86_64  CompilerName: GCC  CompilerVersion: 8.4.0
ProgramName: mri_relabel_nonwm_hypos  ProgramArguments: mri_relabel_nonwm_hypos -all-info  ProgramVersion: 7.3.2  TimeStamp: 2026/03/10-05:52:24-GMT  BuildTime: Aug  4 2022 06:17:15  BuildStamp: freesurfer-linux-ubuntu22_x86_64-7.3.2-20220804-6354275  User: oesteban  Machine: dna079  Platform: Linux  PlatformVersion: 5.14.0-427.37.1.el9_4.x86_64  CompilerName: GCC  CompilerVersion: 8.4.0
ProgramName: mri_remove_neck  ProgramArguments: mri_remove_neck -all-info  ProgramVersion: 7.3.2  TimeStamp: 2026/03/10-05:52:24-GMT  BuildTime: Aug  4 2022 06:17:15  BuildStamp: freesurfer-linux-ubuntu22_x86_64-7.3.2-20220804-6354275  User: oesteban  Machine: dna079  Platform: Linux  PlatformVersion: 5.14.0-427.37.1.el9_4.x86_64  CompilerName: GCC  CompilerVersion: 8.4.0
7.3.2

ProgramName: mri_robust_register  ProgramArguments: mri_robust_register -all-info  ProgramVersion: 7.3.2  TimeStamp: 2026/03/10-05:52:24-GMT  BuildTime: Aug  4 2022 06:17:15  BuildStamp: freesurfer-linux-ubuntu22_x86_64-7.3.2-20220804-6354275  User: oesteban  Machine: dna079  Platform: Linux  PlatformVersion: 5.14.0-427.37.1.el9_4.x86_64  CompilerName: GCC  CompilerVersion: 8.4.0
7.3.2

ProgramName: mri_robust_template  ProgramArguments: mri_robust_template -all-info  ProgramVersion: 7.3.2  TimeStamp: 2026/03/10-05:52:24-GMT  BuildTime: Aug  4 2022 06:17:15  BuildStamp: freesurfer-linux-ubuntu22_x86_64-7.3.2-20220804-6354275  User: oesteban  Machine: dna079  Platform: Linux  PlatformVersion: 5.14.0-427.37.1.el9_4.x86_64  CompilerName: GCC  CompilerVersion: 8.4.0
ProgramName: mris_anatomical_stats  ProgramArguments: mris_anatomical_stats -all-info  ProgramVersion: 7.3.2  TimeStamp: 2026/03/10-05:52:24-GMT  BuildTime: Aug  4 2022 06:17:15  BuildStamp: freesurfer-linux-ubuntu22_x86_64-7.3.2-20220804-6354275  User: oesteban  Machine: dna079  Platform: Linux  PlatformVersion: 5.14.0-427.37.1.el9_4.x86_64  CompilerName: GCC  CompilerVersion: 8.4.0
ProgramName: mris_ca_label  ProgramArguments: mris_ca_label -all-info  ProgramVersion: 7.3.2  TimeStamp: 2026/03/10-05:52:24-GMT  BuildTime: Aug  4 2022 06:17:15  BuildStamp: freesurfer-linux-ubuntu22_x86_64-7.3.2-20220804-6354275  User: oesteban  Machine: dna079  Platform: Linux  PlatformVersion: 5.14.0-427.37.1.el9_4.x86_64  CompilerName: GCC  CompilerVersion: 8.4.0
ProgramName: mris_calc  ProgramArguments: mris_calc -all-info  ProgramVersion: 7.3.2  TimeStamp: 2026/03/10-05:52:24-GMT  BuildTime: Aug  4 2022 06:17:15  BuildStamp: freesurfer-linux-ubuntu22_x86_64-7.3.2-20220804-6354275  User: oesteban  Machine: dna079  Platform: Linux  PlatformVersion: 5.14.0-427.37.1.el9_4.x86_64  CompilerName: GCC  CompilerVersion: 8.4.0
ProgramName: mris_convert  ProgramArguments: mris_convert -all-info  ProgramVersion: 7.3.2  TimeStamp: 2026/03/10-05:52:24-GMT  BuildTime: Aug  4 2022 06:17:15  BuildStamp: freesurfer-linux-ubuntu22_x86_64-7.3.2-20220804-6354275  User: oesteban  Machine: dna079  Platform: Linux  PlatformVersion: 5.14.0-427.37.1.el9_4.x86_64  CompilerName: GCC  CompilerVersion: 8.4.0
ProgramName: mris_curvature  ProgramArguments: mris_curvature -all-info  ProgramVersion: 7.3.2  TimeStamp: 2026/03/10-05:52:24-GMT  BuildTime: Aug  4 2022 06:17:15  BuildStamp: freesurfer-linux-ubuntu22_x86_64-7.3.2-20220804-6354275  User: oesteban  Machine: dna079  Platform: Linux  PlatformVersion: 5.14.0-427.37.1.el9_4.x86_64  CompilerName: GCC  CompilerVersion: 8.4.0
ProgramName: mris_curvature_stats  ProgramArguments: mris_curvature_stats -all-info  ProgramVersion: 7.3.2  TimeStamp: 2026/03/10-05:52:24-GMT  BuildTime: Aug  4 2022 06:17:15  BuildStamp: freesurfer-linux-ubuntu22_x86_64-7.3.2-20220804-6354275  User: oesteban  Machine: dna079  Platform: Linux  PlatformVersion: 5.14.0-427.37.1.el9_4.x86_64  CompilerName: GCC  CompilerVersion: 8.4.0
ProgramName: mris_diff  ProgramArguments: mris_diff -all-info  ProgramVersion: 7.3.2  TimeStamp: 2026/03/10-05:52:25-GMT  BuildTime: Aug  4 2022 06:17:15  BuildStamp: freesurfer-linux-ubuntu22_x86_64-7.3.2-20220804-6354275  User: oesteban  Machine: dna079  Platform: Linux  PlatformVersion: 5.14.0-427.37.1.el9_4.x86_64  CompilerName: GCC  CompilerVersion: 8.4.0
ProgramName: mris_divide_parcellation  ProgramArguments: mris_divide_parcellation -all-info  ProgramVersion: 7.3.2  TimeStamp: 2026/03/10-05:52:25-GMT  BuildTime: Aug  4 2022 06:17:15  BuildStamp: freesurfer-linux-ubuntu22_x86_64-7.3.2-20220804-6354275  User: oesteban  Machine: dna079  Platform: Linux  PlatformVersion: 5.14.0-427.37.1.el9_4.x86_64  CompilerName: GCC  CompilerVersion: 8.4.0
ProgramName: mri_segment  ProgramArguments: mri_segment -all-info  ProgramVersion: 7.3.2  TimeStamp: 2026/03/10-05:52:25-GMT  BuildTime: Aug  4 2022 06:17:15  BuildStamp: freesurfer-linux-ubuntu22_x86_64-7.3.2-20220804-6354275  User: oesteban  Machine: dna079  Platform: Linux  PlatformVersion: 5.14.0-427.37.1.el9_4.x86_64  CompilerName: GCC  CompilerVersion: 8.4.0
ProgramName: mri_segstats  ProgramArguments: mri_segstats -all-info  ProgramVersion: 7.3.2  TimeStamp: 2026/03/10-05:52:25-GMT  BuildTime: Aug  4 2022 06:17:15  BuildStamp: freesurfer-linux-ubuntu22_x86_64-7.3.2-20220804-6354275  User: oesteban  Machine: dna079  Platform: Linux  PlatformVersion: 5.14.0-427.37.1.el9_4.x86_64  CompilerName: GCC  CompilerVersion: 8.4.0
ProgramName: mris_euler_number  ProgramArguments: mris_euler_number -all-info  ProgramVersion: 7.3.2  TimeStamp: 2026/03/10-05:52:25-GMT  BuildTime: Aug  4 2022 06:17:15  BuildStamp: freesurfer-linux-ubuntu22_x86_64-7.3.2-20220804-6354275  User: oesteban  Machine: dna079  Platform: Linux  PlatformVersion: 5.14.0-427.37.1.el9_4.x86_64  CompilerName: GCC  CompilerVersion: 8.4.0
ProgramName: mris_fix_topology  ProgramArguments: mris_fix_topology -all-info  ProgramVersion: 7.3.2  TimeStamp: 2026/03/10-05:52:25-GMT  BuildTime: Aug  4 2022 06:17:15  BuildStamp: freesurfer-linux-ubuntu22_x86_64-7.3.2-20220804-6354275  User: oesteban  Machine: dna079  Platform: Linux  PlatformVersion: 5.14.0-427.37.1.el9_4.x86_64  CompilerName: GCC  CompilerVersion: 8.4.0
ProgramName: mris_topo_fixer  ProgramArguments: mris_topo_fixer -all-info  ProgramVersion: 7.3.2  TimeStamp: 2026/03/10-05:52:25-GMT  BuildTime: Aug  4 2022 06:17:15  BuildStamp: freesurfer-linux-ubuntu22_x86_64-7.3.2-20220804-6354275  User: oesteban  Machine: dna079  Platform: Linux  PlatformVersion: 5.14.0-427.37.1.el9_4.x86_64  CompilerName: GCC  CompilerVersion: 8.4.0
ProgramName: mris_jacobian  ProgramArguments: mris_jacobian -all-info  ProgramVersion: 7.3.2  TimeStamp: 2026/03/10-05:52:25-GMT  BuildTime: Aug  4 2022 06:17:15  BuildStamp: freesurfer-linux-ubuntu22_x86_64-7.3.2-20220804-6354275  User: oesteban  Machine: dna079  Platform: Linux  PlatformVersion: 5.14.0-427.37.1.el9_4.x86_64  CompilerName: GCC  CompilerVersion: 8.4.0
ProgramName: mris_label2annot  ProgramArguments: mris_label2annot -all-info  ProgramVersion: 7.3.2  TimeStamp: 2026/03/10-05:52:25-GMT  BuildTime: Aug  4 2022 06:17:15  BuildStamp: freesurfer-linux-ubuntu22_x86_64-7.3.2-20220804-6354275  User: oesteban  Machine: dna079  Platform: Linux  PlatformVersion: 5.14.0-427.37.1.el9_4.x86_64  CompilerName: GCC  CompilerVersion: 8.4.0
ProgramName: mris_left_right_register  ProgramArguments: mris_left_right_register -all-info  ProgramVersion: 7.3.2  TimeStamp: 2026/03/10-05:52:25-GMT  BuildTime: Aug  4 2022 06:17:15  BuildStamp: freesurfer-linux-ubuntu22_x86_64-7.3.2-20220804-6354275  User: oesteban  Machine: dna079  Platform: Linux  PlatformVersion: 5.14.0-427.37.1.el9_4.x86_64  CompilerName: GCC  CompilerVersion: 8.4.0
ProgramName: mris_place_surface  ProgramArguments: mris_place_surface -all-info  ProgramVersion: 7.3.2  TimeStamp: 2026/03/10-05:52:25-GMT  BuildTime: Aug  4 2022 06:17:15  BuildStamp: freesurfer-linux-ubuntu22_x86_64-7.3.2-20220804-6354275  User: oesteban  Machine: dna079  Platform: Linux  PlatformVersion: 5.14.0-427.37.1.el9_4.x86_64  CompilerName: GCC  CompilerVersion: 8.4.0
ProgramName: mrisp_paint  ProgramArguments: mrisp_paint -all-info  ProgramVersion: 7.3.2  TimeStamp: 2026/03/10-05:52:25-GMT  BuildTime: Aug  4 2022 06:17:15  BuildStamp: freesurfer-linux-ubuntu22_x86_64-7.3.2-20220804-6354275  User: oesteban  Machine: dna079  Platform: Linux  PlatformVersion: 5.14.0-427.37.1.el9_4.x86_64  CompilerName: GCC  CompilerVersion: 8.4.0
ProgramName: mris_register  ProgramArguments: mris_register -all-info  ProgramVersion: 7.3.2  TimeStamp: 2026/03/10-05:52:25-GMT  BuildTime: Aug  4 2022 06:17:15  BuildStamp: freesurfer-linux-ubuntu22_x86_64-7.3.2-20220804-6354275  User: oesteban  Machine: dna079  Platform: Linux  PlatformVersion: 5.14.0-427.37.1.el9_4.x86_64  CompilerName: GCC  CompilerVersion: 8.4.0
ProgramName: mris_smooth  ProgramArguments: mris_smooth -all-info  ProgramVersion: 7.3.2  TimeStamp: 2026/03/10-05:52:25-GMT  BuildTime: Aug  4 2022 06:17:15  BuildStamp: freesurfer-linux-ubuntu22_x86_64-7.3.2-20220804-6354275  User: oesteban  Machine: dna079  Platform: Linux  PlatformVersion: 5.14.0-427.37.1.el9_4.x86_64  CompilerName: GCC  CompilerVersion: 8.4.0
ProgramName: mris_sphere  ProgramArguments: mris_sphere -all-info  ProgramVersion: 7.3.2  TimeStamp: 2026/03/10-05:52:25-GMT  BuildTime: Aug  4 2022 06:17:15  BuildStamp: freesurfer-linux-ubuntu22_x86_64-7.3.2-20220804-6354275  User: oesteban  Machine: dna079  Platform: Linux  PlatformVersion: 5.14.0-427.37.1.el9_4.x86_64  CompilerName: GCC  CompilerVersion: 8.4.0
ProgramName: mris_surface_stats  ProgramArguments: mris_surface_stats -all-info  ProgramVersion: 7.3.2  TimeStamp: 2026/03/10-05:52:25-GMT  BuildTime: Aug  4 2022 06:17:15  BuildStamp: freesurfer-linux-ubuntu22_x86_64-7.3.2-20220804-6354275  User: oesteban  Machine: dna079  Platform: Linux  PlatformVersion: 5.14.0-427.37.1.el9_4.x86_64  CompilerName: GCC  CompilerVersion: 8.4.0
ProgramName: mri_stats2seg  ProgramArguments: mri_stats2seg -all-info  ProgramVersion: 7.3.2  TimeStamp: 2026/03/10-05:52:25-GMT  BuildTime: Aug  4 2022 06:17:15  BuildStamp: freesurfer-linux-ubuntu22_x86_64-7.3.2-20220804-6354275  User: oesteban  Machine: dna079  Platform: Linux  PlatformVersion: 5.14.0-427.37.1.el9_4.x86_64  CompilerName: GCC  CompilerVersion: 8.4.0
ProgramName: mris_thickness  ProgramArguments: mris_thickness -all-info  ProgramVersion: 7.3.2  TimeStamp: 2026/03/10-05:52:25-GMT  BuildTime: Aug  4 2022 06:17:15  BuildStamp: freesurfer-linux-ubuntu22_x86_64-7.3.2-20220804-6354275  User: oesteban  Machine: dna079  Platform: Linux  PlatformVersion: 5.14.0-427.37.1.el9_4.x86_64  CompilerName: GCC  CompilerVersion: 8.4.0
ProgramName: mris_thickness_diff  ProgramArguments: mris_thickness_diff -all-info  ProgramVersion: 7.3.2  TimeStamp: 2026/03/10-05:52:25-GMT  BuildTime: Aug  4 2022 06:17:15  BuildStamp: freesurfer-linux-ubuntu22_x86_64-7.3.2-20220804-6354275  User: oesteban  Machine: dna079  Platform: Linux  PlatformVersion: 5.14.0-427.37.1.el9_4.x86_64  CompilerName: GCC  CompilerVersion: 8.4.0
ProgramName: mris_topo_fixer  ProgramArguments: mris_topo_fixer -all-info  ProgramVersion: 7.3.2  TimeStamp: 2026/03/10-05:52:25-GMT  BuildTime: Aug  4 2022 06:17:15  BuildStamp: freesurfer-linux-ubuntu22_x86_64-7.3.2-20220804-6354275  User: oesteban  Machine: dna079  Platform: Linux  PlatformVersion: 5.14.0-427.37.1.el9_4.x86_64  CompilerName: GCC  CompilerVersion: 8.4.0
ProgramName: mri_surf2surf  ProgramArguments: mri_surf2surf -all-info  ProgramVersion: 7.3.2  TimeStamp: 2026/03/10-05:52:25-GMT  BuildTime: Aug  4 2022 06:17:15  BuildStamp: freesurfer-linux-ubuntu22_x86_64-7.3.2-20220804-6354275  User: oesteban  Machine: dna079  Platform: Linux  PlatformVersion: 5.14.0-427.37.1.el9_4.x86_64  CompilerName: GCC  CompilerVersion: 8.4.0
ProgramName: mri_surf2vol  ProgramArguments: mri_surf2vol -all-info  ProgramVersion: 7.3.2  TimeStamp: 2026/03/10-05:52:25-GMT  BuildTime: Aug  4 2022 06:17:15  BuildStamp: freesurfer-linux-ubuntu22_x86_64-7.3.2-20220804-6354275  User: oesteban  Machine: dna079  Platform: Linux  PlatformVersion: 5.14.0-427.37.1.el9_4.x86_64  CompilerName: GCC  CompilerVersion: 8.4.0
ProgramName: mri_surfcluster  ProgramArguments: mri_surfcluster -all-info  ProgramVersion: 7.3.2  TimeStamp: 2026/03/10-05:52:25-GMT  BuildTime: Aug  4 2022 06:17:15  BuildStamp: freesurfer-linux-ubuntu22_x86_64-7.3.2-20220804-6354275  User: oesteban  Machine: dna079  Platform: Linux  PlatformVersion: 5.14.0-427.37.1.el9_4.x86_64  CompilerName: GCC  CompilerVersion: 8.4.0
ProgramName: mris_volmask  ProgramArguments: mris_volmask -all-info  ProgramVersion: 7.3.2  TimeStamp: 2026/03/10-05:52:25-GMT  BuildTime: Aug  4 2022 06:17:15  BuildStamp: freesurfer-linux-ubuntu22_x86_64-7.3.2-20220804-6354275  User: oesteban  Machine: dna079  Platform: Linux  PlatformVersion: 5.14.0-427.37.1.el9_4.x86_64  CompilerName: GCC  CompilerVersion: 8.4.0
ProgramName: mri_tessellate  ProgramArguments: mri_tessellate -all-info  ProgramVersion: 7.3.2  TimeStamp: 2026/03/10-05:52:25-GMT  BuildTime: Aug  4 2022 06:17:15  BuildStamp: freesurfer-linux-ubuntu22_x86_64-7.3.2-20220804-6354275  User: oesteban  Machine: dna079  Platform: Linux  PlatformVersion: 5.14.0-427.37.1.el9_4.x86_64  CompilerName: GCC  CompilerVersion: 8.4.0
ProgramName: mri_vol2surf  ProgramArguments: mri_vol2surf -all-info  ProgramVersion: 7.3.2  TimeStamp: 2026/03/10-05:52:25-GMT  BuildTime: Aug  4 2022 06:17:15  BuildStamp: freesurfer-linux-ubuntu22_x86_64-7.3.2-20220804-6354275  User: oesteban  Machine: dna079  Platform: Linux  PlatformVersion: 5.14.0-427.37.1.el9_4.x86_64  CompilerName: GCC  CompilerVersion: 8.4.0
ProgramName: mri_vol2vol  ProgramArguments: mri_vol2vol -all-info  ProgramVersion: 7.3.2  TimeStamp: 2026/03/10-05:52:25-GMT  BuildTime: Aug  4 2022 06:17:15  BuildStamp: freesurfer-linux-ubuntu22_x86_64-7.3.2-20220804-6354275  User: oesteban  Machine: dna079  Platform: Linux  PlatformVersion: 5.14.0-427.37.1.el9_4.x86_64  CompilerName: GCC  CompilerVersion: 8.4.0
ProgramName: mri_voldiff  ProgramArguments: mri_voldiff -all-info  ProgramVersion: 7.3.2  TimeStamp: 2026/03/10-05:52:25-GMT  BuildTime: Aug  4 2022 06:17:15  BuildStamp: freesurfer-linux-ubuntu22_x86_64-7.3.2-20220804-6354275  User: oesteban  Machine: dna079  Platform: Linux  PlatformVersion: 5.14.0-427.37.1.el9_4.x86_64  CompilerName: GCC  CompilerVersion: 8.4.0
ProgramName: mri_watershed  ProgramArguments: mri_watershed -all-info  ProgramVersion: 7.3.2  TimeStamp: 2026/03/10-05:52:25-GMT  BuildTime: Aug  4 2022 06:17:15  BuildStamp: freesurfer-linux-ubuntu22_x86_64-7.3.2-20220804-6354275  User: oesteban  Machine: dna079  Platform: Linux  PlatformVersion: 5.14.0-427.37.1.el9_4.x86_64  CompilerName: GCC  CompilerVersion: 8.4.0
ProgramName: tkregister2  ProgramArguments: tkregister2_cmdl -all-info  ProgramVersion: 7.3.2  TimeStamp: 2026/03/10-05:52:25-GMT  BuildTime: Aug  4 2022 06:17:15  BuildStamp: freesurfer-linux-ubuntu22_x86_64-7.3.2-20220804-6354275  User: oesteban  Machine: dna079  Platform: Linux  PlatformVersion: 5.14.0-427.37.1.el9_4.x86_64  CompilerName: GCC  CompilerVersion: 8.4.0
mri_motion_correct.fsl 7.3.2
mri_convert -all-info 
ProgramName: mri_convert  ProgramArguments: mri_convert -all-info  ProgramVersion: 7.3.2  TimeStamp: 2026/03/10-05:52:25-GMT  BuildTime: Aug  4 2022 06:17:15  BuildStamp: freesurfer-linux-ubuntu22_x86_64-7.3.2-20220804-6354275  User: oesteban  Machine: dna079  Platform: Linux  PlatformVersion: 5.14.0-427.37.1.el9_4.x86_64  CompilerName: GCC  CompilerVersion: 8.4.0
Program nu_correct, built from:
Package MNI N3, version 1.12.0, compiled by nicks@terrier (x86_64-unknown-linux-gnu) on 2015-06-19 at 01:25:34
#######################################
GCADIR /opt/freesurfer/average
GCA RB_all_2020-01-02.gca
GCASkull RB_all_withskull_2020_01_02.gca
AvgCurvTif folding.atlas.acfb40.noaparc.i12.2016-08-02.tif
GCSDIR /opt/freesurfer/average
GCS DKaparc.atlas.acfb40.noaparc.i12.2016-08-02.gcs
#######################################
/out/sourcedata/freesurfer/sub-v1s8x0051343_ses-1

 mri_convert /work/fmriprep_25_2_wf/sub_v1s8x0051343_ses_1_wf/anat_fit_wf/anat_validate/sub-v1s8x0051343_ses-1_T1w_noise_corrected_ras_valid.nii.gz /out/sourcedata/freesurfer/sub-v1s8x0051343_ses-1/mri/orig/001.mgz 

mri_convert /work/fmriprep_25_2_wf/sub_v1s8x0051343_ses_1_wf/anat_fit_wf/anat_validate/sub-v1s8x0051343_ses-1_T1w_noise_corrected_ras_valid.nii.gz /out/sourcedata/freesurfer/sub-v1s8x0051343_ses-1/mri/orig/001.mgz 
reading from /work/fmriprep_25_2_wf/sub_v1s8x0051343_ses_1_wf/anat_fit_wf/anat_validate/sub-v1s8x0051343_ses-1_T1w_noise_corrected_ras_valid.nii.gz...
TR=0.00, TE=0.00, TI=0.00, flip angle=0.00
i_ras = (1, 0, 0)
j_ras = (0, 1, 0)
k_ras = (0, 0, 1)
writing to /out/sourcedata/freesurfer/sub-v1s8x0051343_ses-1/mri/orig/001.mgz...
#--------------------------------------------
#@# MotionCor Tue Mar 10 06:52:26 CET 2026
Found 1 runs
/out/sourcedata/freesurfer/sub-v1s8x0051343_ses-1/mri/orig/001.mgz
Checking for (invalid) multi-frame inputs...
Only one run found so motion
correction will not be performed. I'll
copy the run to rawavg and continue.

 cp /out/sourcedata/freesurfer/sub-v1s8x0051343_ses-1/mri/orig/001.mgz /out/sourcedata/freesurfer/sub-v1s8x0051343_ses-1/mri/rawavg.mgz 


 mri_info /out/sourcedata/freesurfer/sub-v1s8x0051343_ses-1/mri/rawavg.mgz 

rawavg.mgz ========================================
Volume information for /out/sourcedata/freesurfer/sub-v1s8x0051343_ses-1/mri/rawavg.mgz
          type: MGH
    dimensions: 160 x 240 x 256
   voxel sizes: 1.000000, 1.000000, 1.000000
          type: FLOAT (3)
           fov: 256.000
           dof: 1
        xstart: -80.0, xend: 80.0
        ystart: -120.0, yend: 120.0
        zstart: -128.0, zend: 128.0
            TR: 0.00 msec, TE: 0.00 msec, TI: 0.00 msec, flip angle: 0.00 degrees
       nframes: 1
       PhEncDir: UNKNOWN
       FieldStrength: 0.000000
ras xform present
    xform info: x_r =   1.0000, y_r =   0.0000, z_r =   0.0000, c_r =    -2.8056
              : x_a =   0.0000, y_a =   1.0000, z_a =   0.0000, c_a =     1.8234
              : x_s =   0.0000, y_s =   0.0000, z_s =   1.0000, c_s =    -7.4504

talairach xfm : 
Orientation   : RAS
Primary Slice Direction: axial

voxel to ras transform:
                1.0000   0.0000   0.0000   -82.8056
                0.0000   1.0000   0.0000  -118.1766
                0.0000   0.0000   1.0000  -135.4504
                0.0000   0.0000   0.0000     1.0000

voxel-to-ras determinant 1

ras to voxel transform:
                1.0000   0.0000   0.0000    82.8056
                0.0000   1.0000   0.0000   118.1766
                0.0000   0.0000   1.0000   135.4504
                0.0000   0.0000   0.0000     1.0000
/out/sourcedata/freesurfer/sub-v1s8x0051343_ses-1

 mri_convert /out/sourcedata/freesurfer/sub-v1s8x0051343_ses-1/mri/rawavg.mgz /out/sourcedata/freesurfer/sub-v1s8x0051343_ses-1/mri/orig.mgz --conform 

mri_convert /out/sourcedata/freesurfer/sub-v1s8x0051343_ses-1/mri/rawavg.mgz /out/sourcedata/freesurfer/sub-v1s8x0051343_ses-1/mri/orig.mgz --conform 
reading from /out/sourcedata/freesurfer/sub-v1s8x0051343_ses-1/mri/rawavg.mgz...
TR=0.00, TE=0.00, TI=0.00, flip angle=0.00
i_ras = (1, 0, 0)
j_ras = (0, 1, 0)
k_ras = (0, 0, 1)
changing data type from float to uchar (noscale = 0)...
MRIchangeType: Building histogram 0 1033.79 1000, flo=0, fhi=0.999, dest_type=0
Reslicing using trilinear interpolation 
writing to /out/sourcedata/freesurfer/sub-v1s8x0051343_ses-1/mri/orig.mgz...

 mri_add_xform_to_header -c /out/sourcedata/freesurfer/sub-v1s8x0051343_ses-1/mri/transforms/talairach.xfm /out/sourcedata/freesurfer/sub-v1s8x0051343_ses-1/mri/orig.mgz /out/sourcedata/freesurfer/sub-v1s8x0051343_ses-1/mri/orig.mgz 

INFO: extension is mgz

 mri_info /out/sourcedata/freesurfer/sub-v1s8x0051343_ses-1/mri/orig.mgz 

orig.mgz ========================================
Volume information for /out/sourcedata/freesurfer/sub-v1s8x0051343_ses-1/mri/orig.mgz
          type: MGH
    dimensions: 256 x 256 x 256
   voxel sizes: 1.000000, 1.000000, 1.000000
          type: UCHAR (0)
           fov: 256.000
           dof: 1
        xstart: -128.0, xend: 128.0
        ystart: -128.0, yend: 128.0
        zstart: -128.0, zend: 128.0
            TR: 0.00 msec, TE: 0.00 msec, TI: 0.00 msec, flip angle: 0.00 degrees
       nframes: 1
       PhEncDir: UNKNOWN
       FieldStrength: 0.000000
ras xform present
    xform info: x_r =  -1.0000, y_r =   0.0000, z_r =   0.0000, c_r =    -2.8056
              : x_a =   0.0000, y_a =   0.0000, z_a =   1.0000, c_a =     1.8234
              : x_s =   0.0000, y_s =  -1.0000, z_s =   0.0000, c_s =    -7.4504

talairach xfm : /out/sourcedata/freesurfer/sub-v1s8x0051343_ses-1/mri/transforms/talairach.xfm
Orientation   : LIA
Primary Slice Direction: coronal

voxel to ras transform:
               -1.0000   0.0000   0.0000   125.1944
                0.0000   0.0000   1.0000  -126.1766
                0.0000  -1.0000   0.0000   120.5496
                0.0000   0.0000   0.0000     1.0000

voxel-to-ras determinant -1

ras to voxel transform:
               -1.0000  -0.0000  -0.0000   125.1944
               -0.0000  -0.0000  -1.0000   120.5496
               -0.0000   1.0000  -0.0000   126.1766
               -0.0000  -0.0000  -0.0000     1.0000
#--------------------------------------------
#@# Talairach Tue Mar 10 06:52:32 CET 2026
/out/sourcedata/freesurfer/sub-v1s8x0051343_ses-1/mri

 mri_nu_correct.mni --no-rescale --i orig.mgz --o orig_nu.mgz --ants-n4 --n 1 --proto-iters 1000 --distance 50 

/usr/bin/bc
/out/sourcedata/freesurfer/sub-v1s8x0051343_ses-1/mri
/opt/freesurfer/bin/mri_nu_correct.mni
--no-rescale --i orig.mgz --o orig_nu.mgz --ants-n4 --n 1 --proto-iters 1000 --distance 50
nIters 1
mri_nu_correct.mni 7.3.2
Linux dna079 5.14.0-427.37.1.el9_4.x86_64 #1 SMP PREEMPT_DYNAMIC Fri Sep 13 12:41:50 EDT 2024 x86_64 x86_64 x86_64 GNU/Linux
Tue Mar 10 06:52:32 CET 2026
tmpdir is ./tmp.mri_nu_correct.mni.1839812
cd /out/sourcedata/freesurfer/sub-v1s8x0051343_ses-1/mri
AntsN4BiasFieldCorrectionFs -i orig.mgz -o ./tmp.mri_nu_correct.mni.1839812/nu0.mgz --dtype uchar
AntsN4BiasFieldCorrectionFs done
mri_convert ./tmp.mri_nu_correct.mni.1839812/nu0.mgz orig_nu.mgz --like orig.mgz --conform
mri_convert ./tmp.mri_nu_correct.mni.1839812/nu0.mgz orig_nu.mgz --like orig.mgz --conform 
reading from ./tmp.mri_nu_correct.mni.1839812/nu0.mgz...
TR=0.00, TE=0.00, TI=0.00, flip angle=0.00
i_ras = (-1, 0, 0)
j_ras = (0, 0, -1)
k_ras = (0, 1, 0)
INFO: transform src into the like-volume: orig.mgz
writing to orig_nu.mgz...
 
 
Tue Mar 10 06:55:05 CET 2026
mri_nu_correct.mni done

 talairach_avi --i orig_nu.mgz --xfm transforms/talairach.auto.xfm 

talairach_avi log file is transforms/talairach_avi.log...
mv -f /out/sourcedata/freesurfer/sub-v1s8x0051343_ses-1/mri/talsrcimg_to_711-2C_as_mni_average_305_t4_vox2vox.txt /out/sourcedata/freesurfer/sub-v1s8x0051343_ses-1/mri/transforms/talsrcimg_to_711-2C_as_mni_average_305_t4_vox2vox.txt
Started at Tue Mar 10 06:55:05 CET 2026
Ended   at Tue Mar 10 06:55:19 CET 2026
talairach_avi done

 cp transforms/talairach.auto.xfm transforms/talairach.xfm 

lta_convert --src orig.mgz --trg /opt/freesurfer/average/mni305.cor.mgz --inxfm transforms/talairach.xfm --outlta transforms/talairach.xfm.lta --subject fsaverage --ltavox2vox
7.3.2

--src: orig.mgz src image (geometry).
--trg: /opt/freesurfer/average/mni305.cor.mgz trg image (geometry).
--inmni: transforms/talairach.xfm input MNI/XFM transform.
--outlta: transforms/talairach.xfm.lta output LTA.
--s: fsaverage subject name
--ltavox2vox: output LTA as VOX_TO_VOX transform.
 LTA read, type : 1
 1.04915   0.06573  -0.02942   4.91809;
-0.06466   0.97354   0.20955  -9.26395;
 0.01738  -0.17698   1.09503  -31.26743;
 0.00000   0.00000   0.00000   1.00000;
setting subject to fsaverage
Writing  LTA to file transforms/talairach.xfm.lta...
lta_convert successful.
#--------------------------------------------
#@# Talairach Failure Detection Tue Mar 10 06:55:21 CET 2026
/out/sourcedata/freesurfer/sub-v1s8x0051343_ses-1/mri

 talairach_afd -T 0.005 -xfm transforms/talairach.xfm 

talairach_afd: Talairach Transform: transforms/talairach.xfm OK (p=0.7508, pval=0.6675 >= threshold=0.0050)

 awk -f /opt/freesurfer/bin/extract_talairach_avi_QA.awk /out/sourcedata/freesurfer/sub-v1s8x0051343_ses-1/mri/transforms/talairach_avi.log 


 tal_QC_AZS /out/sourcedata/freesurfer/sub-v1s8x0051343_ses-1/mri/transforms/talairach_avi.log 

TalAviQA: 0.97966
z-score: 0
#--------------------------------------------
#@# Nu Intensity Correction Tue Mar 10 06:55:21 CET 2026

 mri_nu_correct.mni --i orig.mgz --o nu.mgz --uchar transforms/talairach.xfm --n 2 --ants-n4 

/usr/bin/bc
/out/sourcedata/freesurfer/sub-v1s8x0051343_ses-1/mri
/opt/freesurfer/bin/mri_nu_correct.mni
--i orig.mgz --o nu.mgz --uchar transforms/talairach.xfm --n 2 --ants-n4
nIters 2
mri_nu_correct.mni 7.3.2
Linux dna079 5.14.0-427.37.1.el9_4.x86_64 #1 SMP PREEMPT_DYNAMIC Fri Sep 13 12:41:50 EDT 2024 x86_64 x86_64 x86_64 GNU/Linux
Tue Mar 10 06:55:22 CET 2026
tmpdir is ./tmp.mri_nu_correct.mni.1841610
cd /out/sourcedata/freesurfer/sub-v1s8x0051343_ses-1/mri
AntsN4BiasFieldCorrectionFs -i orig.mgz -o ./tmp.mri_nu_correct.mni.1841610/nu0.mgz --dtype uchar
AntsN4BiasFieldCorrectionFs done
mri_binarize --i ./tmp.mri_nu_correct.mni.1841610/nu0.mgz --min -1 --o ./tmp.mri_nu_correct.mni.1841610/ones.mgz

7.3.2
cwd /out/sourcedata/freesurfer/sub-v1s8x0051343_ses-1/mri
cmdline mri_binarize --i ./tmp.mri_nu_correct.mni.1841610/nu0.mgz --min -1 --o ./tmp.mri_nu_correct.mni.1841610/ones.mgz 
sysname  Linux
hostname dna079
machine  x86_64
user     oesteban

input      ./tmp.mri_nu_correct.mni.1841610/nu0.mgz
frame      0
nErode3d   0
nErode2d   0
output     ./tmp.mri_nu_correct.mni.1841610/ones.mgz
Binarizing based on threshold
min        -1
max        +infinity
binval        1
binvalnot     0
fstart = 0, fend = 0, nframes = 1
Starting parallel 1
Found 16777216 values in range
Counting number of voxels in first frame
Found 16777215 voxels in final mask
Writing output to ./tmp.mri_nu_correct.mni.1841610/ones.mgz
Count: 16777215 16777215.000000 16777216 99.999994
mri_binarize done
mri_segstats --id 1 --seg ./tmp.mri_nu_correct.mni.1841610/ones.mgz --i orig.mgz --sum ./tmp.mri_nu_correct.mni.1841610/sum.junk --avgwf ./tmp.mri_nu_correct.mni.1841610/input.mean.dat

7.3.2
cwd 
cmdline mri_segstats --id 1 --seg ./tmp.mri_nu_correct.mni.1841610/ones.mgz --i orig.mgz --sum ./tmp.mri_nu_correct.mni.1841610/sum.junk --avgwf ./tmp.mri_nu_correct.mni.1841610/input.mean.dat 
sysname  Linux
hostname dna079
machine  x86_64
user     oesteban
whitesurfname  white
UseRobust  0
Loading ./tmp.mri_nu_correct.mni.1841610/ones.mgz
Loading orig.mgz
Voxel Volume is 1 mm^3
Generating list of segmentation ids
Found   1 segmentations
Computing statistics for each segmentation

Reporting on   1 segmentations
Using PrintSegStat
Computing spatial average of each frame

Writing to ./tmp.mri_nu_correct.mni.1841610/input.mean.dat
mri_segstats done
mri_segstats --id 1 --seg ./tmp.mri_nu_correct.mni.1841610/ones.mgz --i ./tmp.mri_nu_correct.mni.1841610/nu0.mgz --sum ./tmp.mri_nu_correct.mni.1841610/sum.junk --avgwf ./tmp.mri_nu_correct.mni.1841610/output.mean.dat

7.3.2
cwd 
cmdline mri_segstats --id 1 --seg ./tmp.mri_nu_correct.mni.1841610/ones.mgz --i ./tmp.mri_nu_correct.mni.1841610/nu0.mgz --sum ./tmp.mri_nu_correct.mni.1841610/sum.junk --avgwf ./tmp.mri_nu_correct.mni.1841610/output.mean.dat 
sysname  Linux
hostname dna079
machine  x86_64
user     oesteban
whitesurfname  white
UseRobust  0
Loading ./tmp.mri_nu_correct.mni.1841610/ones.mgz
Loading ./tmp.mri_nu_correct.mni.1841610/nu0.mgz
Voxel Volume is 1 mm^3
Generating list of segmentation ids
Found   1 segmentations
Computing statistics for each segmentation

Reporting on   1 segmentations
Using PrintSegStat
Computing spatial average of each frame

Writing to ./tmp.mri_nu_correct.mni.1841610/output.mean.dat
mri_segstats done
mris_calc -o ./tmp.mri_nu_correct.mni.1841610/nu0.mgz ./tmp.mri_nu_correct.mni.1841610/nu0.mgz mul 1.31773429595263205214
Saving result to './tmp.mri_nu_correct.mni.1841610/nu0.mgz' (type = MGH )                       [ ok ]
mri_convert ./tmp.mri_nu_correct.mni.1841610/nu0.mgz nu.mgz --like orig.mgz
mri_convert ./tmp.mri_nu_correct.mni.1841610/nu0.mgz nu.mgz --like orig.mgz 
reading from ./tmp.mri_nu_correct.mni.1841610/nu0.mgz...
TR=0.00, TE=0.00, TI=0.00, flip angle=0.00
i_ras = (-1, 0, 0)
j_ras = (0, 0, -1)
k_ras = (0, 1, 0)
INFO: transform src into the like-volume: orig.mgz
writing to nu.mgz...
mri_make_uchar nu.mgz transforms/talairach.xfm nu.mgz
type change took 0 minutes and 3 seconds.
FIRST_PERCENTILE 0.010000
WM_PERCENTILE    0.900000
MAX_R 50.000000
i1 = 5, i2 = 64
#mri_make_uchar# mapping 13 165 to  3 110  :  b -6.55593 m 0.707049 : thresh 9.27225 maxsat 369.926 : nzero 13722774 nsat 0
 
 
Tue Mar 10 06:58:06 CET 2026
mri_nu_correct.mni done

 mri_add_xform_to_header -c /out/sourcedata/freesurfer/sub-v1s8x0051343_ses-1/mri/transforms/talairach.xfm nu.mgz nu.mgz 

INFO: extension is mgz
#--------------------------------------------
#@# Intensity Normalization Tue Mar 10 06:58:07 CET 2026
/out/sourcedata/freesurfer/sub-v1s8x0051343_ses-1/mri

 mri_normalize -g 1 -seed 1234 -mprage nu.mgz T1.mgz 

using max gradient = 1.000
setting seed for random number genererator to 1234
assuming input volume is MGH (Van der Kouwe) MP-RAGE
reading mri_src from nu.mgz...
normalizing image...
NOT doing gentle normalization with control points/label
talairach transform
 1.04915   0.06573  -0.02942   4.91809;
-0.06466   0.97354   0.20955  -9.26395;
 0.01738  -0.17698   1.09503  -31.26743;
 0.00000   0.00000   0.00000   1.00000;
processing without aseg, no1d=0
MRInormInit(): 
INFO: Modifying talairach volume c_(r,a,s) based on average_305
MRInormalize(): 
MRIsplineNormalize(): npeaks = 20
Starting OpenSpline(): npoints = 20
building Voronoi diagram...
performing soap bubble smoothing, sigma = 8...

Iterating 2 times
---------------------------------
3d normalization pass 1 of 2
white matter peak found at 110
white matter peak found at 110
gm peak at 78 (78), valley at 40 (40)
csf peak at 39, setting threshold to 65
building Voronoi diagram...
performing soap bubble smoothing, sigma = 8...
---------------------------------
3d normalization pass 2 of 2
white matter peak found at 110
white matter peak found at 110
gm peak at 78 (78), valley at 41 (41)
csf peak at 39, setting threshold to 65
building Voronoi diagram...
performing soap bubble smoothing, sigma = 8...
Done iterating ---------------------------------
writing output to T1.mgz
3D bias adjustment took 1 minutes and 7 seconds.

Started at Tue Mar 10 06:52:24 CET 2026 
Ended   at Tue Mar 10 06:59:14 CET 2026
#@#%# recon-all-run-time-hours 0.114
recon-all -s sub-v1s8x0051343_ses-1 finished without error at Tue Mar 10 06:59:14 CET 2026



#New# invocation of recon-all 




Tue Mar 10 07:05:09 CET 2026
cd /out/sourcedata/freesurfer/sub-v1s8x0051343_ses-1
setenv SUBJECTS_DIR /out/sourcedata/freesurfer
/opt/freesurfer/bin/recon-all -openmp 16 -subjid sub-v1s8x0051343_ses-1 -sd /out/sourcedata/freesurfer -gcareg

subjid sub-v1s8x0051343_ses-1
setenv SUBJECTS_DIR /out/sourcedata/freesurfer
FREESURFER_HOME /opt/freesurfer
Actual FREESURFER_HOME /opt/freesurfer
build-stamp.txt: freesurfer-linux-ubuntu22_x86_64-7.3.2-20220804-6354275
Linux dna079 5.14.0-427.37.1.el9_4.x86_64 #1 SMP PREEMPT_DYNAMIC Fri Sep 13 12:41:50 EDT 2024 x86_64 x86_64 x86_64 GNU/Linux
cputime      unlimited
filesize     unlimited
datasize     unlimited
stacksize    8192 kbytes
coredumpsize 0 kbytes
memoryuse    67108864 kbytes
vmemoryuse   unlimited
descriptors  1024 
memorylocked unlimited
maxproc      2061970 
maxlocks     unlimited
maxsignal    2062029 
maxmessage   819200 
maxnice      0 
maxrtprio    0 
maxrttime    unlimited

               total        used        free      shared  buff/cache   available
Mem:           503Gi        48Gi       381Gi       9.2Gi        72Gi       442Gi
Swap:             0B          0B          0B

########################################
program versions used
7.3.2 (freesurfer-linux-ubuntu22_x86_64-7.3.2-20220804-6354275)
7.3.2

ProgramName: lta_convert  ProgramArguments: lta_convert -all-info  ProgramVersion: 7.3.2  TimeStamp: 2026/03/10-06:05:09-GMT  BuildTime: Aug  4 2022 06:17:15  BuildStamp: freesurfer-linux-ubuntu22_x86_64-7.3.2-20220804-6354275  User: oesteban  Machine: dna079  Platform: Linux  PlatformVersion: 5.14.0-427.37.1.el9_4.x86_64  CompilerName: GCC  CompilerVersion: 8.4.0
ProgramName: mri_and  ProgramArguments: mri_and -all-info  ProgramVersion: 7.3.2  TimeStamp: 2026/03/10-06:05:09-GMT  BuildTime: Aug  4 2022 06:17:15  BuildStamp: freesurfer-linux-ubuntu22_x86_64-7.3.2-20220804-6354275  User: oesteban  Machine: dna079  Platform: Linux  PlatformVersion: 5.14.0-427.37.1.el9_4.x86_64  CompilerName: GCC  CompilerVersion: 8.4.0
ProgramName: mri_annotation2label  ProgramArguments: mri_annotation2label -all-info  ProgramVersion: 7.3.2  TimeStamp: 2026/03/10-06:05:09-GMT  BuildTime: Aug  4 2022 06:17:15  BuildStamp: freesurfer-linux-ubuntu22_x86_64-7.3.2-20220804-6354275  User: oesteban  Machine: dna079  Platform: Linux  PlatformVersion: 5.14.0-427.37.1.el9_4.x86_64  CompilerName: GCC  CompilerVersion: 8.4.0
ProgramName: mri_aparc2aseg  ProgramArguments: mri_aparc2aseg -all-info  ProgramVersion: 7.3.2  TimeStamp: 2026/03/10-06:05:09-GMT  BuildTime: Aug  4 2022 06:17:15  BuildStamp: freesurfer-linux-ubuntu22_x86_64-7.3.2-20220804-6354275  User: oesteban  Machine: dna079  Platform: Linux  PlatformVersion: 5.14.0-427.37.1.el9_4.x86_64  CompilerName: GCC  CompilerVersion: 8.4.0
ProgramName: mri_surf2volseg  ProgramArguments: mri_surf2volseg -all-info  ProgramVersion: 7.3.2  TimeStamp: 2026/03/10-06:05:09-GMT  BuildTime: Aug  4 2022 06:17:15  BuildStamp: freesurfer-linux-ubuntu22_x86_64-7.3.2-20220804-6354275  User: oesteban  Machine: dna079  Platform: Linux  PlatformVersion: 5.14.0-427.37.1.el9_4.x86_64  CompilerName: GCC  CompilerVersion: 8.4.0
ProgramName: mri_binarize  ProgramArguments: mri_binarize -all-info  ProgramVersion: 7.3.2  TimeStamp: 2026/03/10-06:05:09-GMT  BuildTime: Aug  4 2022 06:17:15  BuildStamp: freesurfer-linux-ubuntu22_x86_64-7.3.2-20220804-6354275  User: oesteban  Machine: dna079  Platform: Linux  PlatformVersion: 5.14.0-427.37.1.el9_4.x86_64  CompilerName: GCC  CompilerVersion: 8.4.0
ProgramName: mri_ca_label  ProgramArguments: mri_ca_label -all-info  ProgramVersion: 7.3.2  TimeStamp: 2026/03/10-06:05:09-GMT  BuildTime: Aug  4 2022 06:17:15  BuildStamp: freesurfer-linux-ubuntu22_x86_64-7.3.2-20220804-6354275  User: oesteban  Machine: dna079  Platform: Linux  PlatformVersion: 5.14.0-427.37.1.el9_4.x86_64  CompilerName: GCC  CompilerVersion: 8.4.0
ProgramName: mri_ca_normalize  ProgramArguments: mri_ca_normalize -all-info  ProgramVersion: 7.3.2  TimeStamp: 2026/03/10-06:05:09-GMT  BuildTime: Aug  4 2022 06:17:15  BuildStamp: freesurfer-linux-ubuntu22_x86_64-7.3.2-20220804-6354275  User: oesteban  Machine: dna079  Platform: Linux  PlatformVersion: 5.14.0-427.37.1.el9_4.x86_64  CompilerName: GCC  CompilerVersion: 8.4.0
ProgramName: mri_ca_register  ProgramArguments: mri_ca_register -all-info  ProgramVersion: 7.3.2  TimeStamp: 2026/03/10-06:05:09-GMT  BuildTime: Aug  4 2022 06:17:15  BuildStamp: freesurfer-linux-ubuntu22_x86_64-7.3.2-20220804-6354275  User: oesteban  Machine: dna079  Platform: Linux  PlatformVersion: 5.14.0-427.37.1.el9_4.x86_64  CompilerName: GCC  CompilerVersion: 8.4.0
ProgramName: mri_cc  ProgramArguments: mri_cc -all-info  ProgramVersion: 7.3.2  TimeStamp: 2026/03/10-06:05:09-GMT  BuildTime: Aug  4 2022 06:17:15  BuildStamp: freesurfer-linux-ubuntu22_x86_64-7.3.2-20220804-6354275  User: oesteban  Machine: dna079  Platform: Linux  PlatformVersion: 5.14.0-427.37.1.el9_4.x86_64  CompilerName: GCC  CompilerVersion: 8.4.0
ProgramName: mri_compute_overlap  ProgramArguments: mri_compute_overlap -all-info  ProgramVersion: 7.3.2  TimeStamp: 2026/03/10-06:05:09-GMT  BuildTime: Aug  4 2022 06:17:15  BuildStamp: freesurfer-linux-ubuntu22_x86_64-7.3.2-20220804-6354275  User: oesteban  Machine: dna079  Platform: Linux  PlatformVersion: 5.14.0-427.37.1.el9_4.x86_64  CompilerName: GCC  CompilerVersion: 8.4.0
ProgramName: mri_compute_seg_overlap  ProgramArguments: mri_compute_seg_overlap -all-info  ProgramVersion: 7.3.2  TimeStamp: 2026/03/10-06:05:09-GMT  BuildTime: Aug  4 2022 06:17:15  BuildStamp: freesurfer-linux-ubuntu22_x86_64-7.3.2-20220804-6354275  User: oesteban  Machine: dna079  Platform: Linux  PlatformVersion: 5.14.0-427.37.1.el9_4.x86_64  CompilerName: GCC  CompilerVersion: 8.4.0
ProgramName: mri_concat  ProgramArguments: mri_concat -all-info  ProgramVersion: 7.3.2  TimeStamp: 2026/03/10-06:05:09-GMT  BuildTime: Aug  4 2022 06:17:15  BuildStamp: freesurfer-linux-ubuntu22_x86_64-7.3.2-20220804-6354275  User: oesteban  Machine: dna079  Platform: Linux  PlatformVersion: 5.14.0-427.37.1.el9_4.x86_64  CompilerName: GCC  CompilerVersion: 8.4.0
ProgramName: mri_concatenate_lta  ProgramArguments: mri_concatenate_lta -all-info  ProgramVersion: 7.3.2  TimeStamp: 2026/03/10-06:05:09-GMT  BuildTime: Aug  4 2022 06:17:15  BuildStamp: freesurfer-linux-ubuntu22_x86_64-7.3.2-20220804-6354275  User: oesteban  Machine: dna079  Platform: Linux  PlatformVersion: 5.14.0-427.37.1.el9_4.x86_64  CompilerName: GCC  CompilerVersion: 8.4.0
mri_convert -all-info 
ProgramName: mri_convert  ProgramArguments: mri_convert -all-info  ProgramVersion: 7.3.2  TimeStamp: 2026/03/10-06:05:09-GMT  BuildTime: Aug  4 2022 06:17:15  BuildStamp: freesurfer-linux-ubuntu22_x86_64-7.3.2-20220804-6354275  User: oesteban  Machine: dna079  Platform: Linux  PlatformVersion: 5.14.0-427.37.1.el9_4.x86_64  CompilerName: GCC  CompilerVersion: 8.4.0
ProgramName: mri_diff  ProgramArguments: mri_diff -all-info  ProgramVersion: 7.3.2  TimeStamp: 2026/03/10-06:05:09-GMT  BuildTime: Aug  4 2022 06:17:15  BuildStamp: freesurfer-linux-ubuntu22_x86_64-7.3.2-20220804-6354275  User: oesteban  Machine: dna079  Platform: Linux  PlatformVersion: 5.14.0-427.37.1.el9_4.x86_64  CompilerName: GCC  CompilerVersion: 8.4.0
ProgramName: mri_edit_wm_with_aseg  ProgramArguments: mri_edit_wm_with_aseg -all-info  ProgramVersion: 7.3.2  TimeStamp: 2026/03/10-06:05:09-GMT  BuildTime: Aug  4 2022 06:17:15  BuildStamp: freesurfer-linux-ubuntu22_x86_64-7.3.2-20220804-6354275  User: oesteban  Machine: dna079  Platform: Linux  PlatformVersion: 5.14.0-427.37.1.el9_4.x86_64  CompilerName: GCC  CompilerVersion: 8.4.0
ProgramName: mri_em_register  ProgramArguments: mri_em_register -all-info  ProgramVersion: 7.3.2  TimeStamp: 2026/03/10-06:05:09-GMT  BuildTime: Aug  4 2022 06:17:15  BuildStamp: freesurfer-linux-ubuntu22_x86_64-7.3.2-20220804-6354275  User: oesteban  Machine: dna079  Platform: Linux  PlatformVersion: 5.14.0-427.37.1.el9_4.x86_64  CompilerName: GCC  CompilerVersion: 8.4.0
ProgramName: mri_fill  ProgramArguments: mri_fill -all-info  ProgramVersion: 7.3.2  TimeStamp: 2026/03/10-06:05:09-GMT  BuildTime: Aug  4 2022 06:17:15  BuildStamp: freesurfer-linux-ubuntu22_x86_64-7.3.2-20220804-6354275  User: oesteban  Machine: dna079  Platform: Linux  PlatformVersion: 5.14.0-427.37.1.el9_4.x86_64  CompilerName: GCC  CompilerVersion: 8.4.0
ProgramName: mri_fuse_segmentations  ProgramArguments: mri_fuse_segmentations -all-info  ProgramVersion: 7.3.2  TimeStamp: 2026/03/10-06:05:09-GMT  BuildTime: Aug  4 2022 06:17:15  BuildStamp: freesurfer-linux-ubuntu22_x86_64-7.3.2-20220804-6354275  User: oesteban  Machine: dna079  Platform: Linux  PlatformVersion: 5.14.0-427.37.1.el9_4.x86_64  CompilerName: GCC  CompilerVersion: 8.4.0
ProgramName: mri_fwhm  ProgramArguments: mri_fwhm -all-info  ProgramVersion: 7.3.2  TimeStamp: 2026/03/10-06:05:09-GMT  BuildTime: Aug  4 2022 06:17:15  BuildStamp: freesurfer-linux-ubuntu22_x86_64-7.3.2-20220804-6354275  User: oesteban  Machine: dna079  Platform: Linux  PlatformVersion: 5.14.0-427.37.1.el9_4.x86_64  CompilerName: GCC  CompilerVersion: 8.4.0
ProgramName: mri_gcut  ProgramArguments: mri_gcut -all-info  ProgramVersion: 7.3.2  TimeStamp: 2026/03/10-06:05:09-GMT  BuildTime: Aug  4 2022 06:17:15  BuildStamp: freesurfer-linux-ubuntu22_x86_64-7.3.2-20220804-6354275  User: oesteban  Machine: dna079  Platform: Linux  PlatformVersion: 5.14.0-427.37.1.el9_4.x86_64  CompilerName: GCC  CompilerVersion: 8.4.0
ProgramName: mri_info  ProgramArguments: mri_info -all-info  ProgramVersion: 7.3.2  TimeStamp: 2026/03/10-06:05:09-GMT  BuildTime: Aug  4 2022 06:17:15  BuildStamp: freesurfer-linux-ubuntu22_x86_64-7.3.2-20220804-6354275  User: oesteban  Machine: dna079  Platform: Linux  PlatformVersion: 5.14.0-427.37.1.el9_4.x86_64  CompilerName: GCC  CompilerVersion: 8.4.0
ProgramName: mri_label2label  ProgramArguments: mri_label2label -all-info  ProgramVersion: 7.3.2  TimeStamp: 2026/03/10-06:05:09-GMT  BuildTime: Aug  4 2022 06:17:15  BuildStamp: freesurfer-linux-ubuntu22_x86_64-7.3.2-20220804-6354275  User: oesteban  Machine: dna079  Platform: Linux  PlatformVersion: 5.14.0-427.37.1.el9_4.x86_64  CompilerName: GCC  CompilerVersion: 8.4.0
ProgramName: mri_label2vol  ProgramArguments: mri_label2vol -all-info  ProgramVersion: 7.3.2  TimeStamp: 2026/03/10-06:05:09-GMT  BuildTime: Aug  4 2022 06:17:15  BuildStamp: freesurfer-linux-ubuntu22_x86_64-7.3.2-20220804-6354275  User: oesteban  Machine: dna079  Platform: Linux  PlatformVersion: 5.14.0-427.37.1.el9_4.x86_64  CompilerName: GCC  CompilerVersion: 8.4.0
ProgramName: mri_log_likelihood  ProgramArguments: mri_log_likelihood -all-info  ProgramVersion: 7.3.2  TimeStamp: 2026/03/10-06:05:09-GMT  BuildTime: Aug  4 2022 06:17:15  BuildStamp: freesurfer-linux-ubuntu22_x86_64-7.3.2-20220804-6354275  User: oesteban  Machine: dna079  Platform: Linux  PlatformVersion: 5.14.0-427.37.1.el9_4.x86_64  CompilerName: GCC  CompilerVersion: 8.4.0
ProgramName: mri_mask  ProgramArguments: mri_mask -all-info  ProgramVersion: 7.3.2  TimeStamp: 2026/03/10-06:05:09-GMT  BuildTime: Aug  4 2022 06:17:15  BuildStamp: freesurfer-linux-ubuntu22_x86_64-7.3.2-20220804-6354275  User: oesteban  Machine: dna079  Platform: Linux  PlatformVersion: 5.14.0-427.37.1.el9_4.x86_64  CompilerName: GCC  CompilerVersion: 8.4.0
ProgramName: mri_matrix_multiply  ProgramArguments: mri_matrix_multiply -all-info  ProgramVersion: 7.3.2  TimeStamp: 2026/03/10-06:05:09-GMT  BuildTime: Aug  4 2022 06:17:15  BuildStamp: freesurfer-linux-ubuntu22_x86_64-7.3.2-20220804-6354275  User: oesteban  Machine: dna079  Platform: Linux  PlatformVersion: 5.14.0-427.37.1.el9_4.x86_64  CompilerName: GCC  CompilerVersion: 8.4.0
ProgramName: mri_normalize  ProgramArguments: mri_normalize -all-info  ProgramVersion: 7.3.2  TimeStamp: 2026/03/10-06:05:09-GMT  BuildTime: Aug  4 2022 06:17:15  BuildStamp: freesurfer-linux-ubuntu22_x86_64-7.3.2-20220804-6354275  User: oesteban  Machine: dna079  Platform: Linux  PlatformVersion: 5.14.0-427.37.1.el9_4.x86_64  CompilerName: GCC  CompilerVersion: 8.4.0
ProgramName: mri_normalize_tp2  ProgramArguments: mri_normalize_tp2 -all-info  ProgramVersion: 7.3.2  TimeStamp: 2026/03/10-06:05:09-GMT  BuildTime: Aug  4 2022 06:17:15  BuildStamp: freesurfer-linux-ubuntu22_x86_64-7.3.2-20220804-6354275  User: oesteban  Machine: dna079  Platform: Linux  PlatformVersion: 5.14.0-427.37.1.el9_4.x86_64  CompilerName: GCC  CompilerVersion: 8.4.0
ProgramName: mri_or  ProgramArguments: mri_or -all-info  ProgramVersion: 7.3.2  TimeStamp: 2026/03/10-06:05:09-GMT  BuildTime: Aug  4 2022 06:17:15  BuildStamp: freesurfer-linux-ubuntu22_x86_64-7.3.2-20220804-6354275  User: oesteban  Machine: dna079  Platform: Linux  PlatformVersion: 5.14.0-427.37.1.el9_4.x86_64  CompilerName: GCC  CompilerVersion: 8.4.0
ProgramName: mri_relabel_hypointensities  ProgramArguments: mri_relabel_hypointensities -all-info  ProgramVersion: 7.3.2  TimeStamp: 2026/03/10-06:05:09-GMT  BuildTime: Aug  4 2022 06:17:15  BuildStamp: freesurfer-linux-ubuntu22_x86_64-7.3.2-20220804-6354275  User: oesteban  Machine: dna079  Platform: Linux  PlatformVersion: 5.14.0-427.37.1.el9_4.x86_64  CompilerName: GCC  CompilerVersion: 8.4.0
ProgramName: mri_relabel_nonwm_hypos  ProgramArguments: mri_relabel_nonwm_hypos -all-info  ProgramVersion: 7.3.2  TimeStamp: 2026/03/10-06:05:09-GMT  BuildTime: Aug  4 2022 06:17:15  BuildStamp: freesurfer-linux-ubuntu22_x86_64-7.3.2-20220804-6354275  User: oesteban  Machine: dna079  Platform: Linux  PlatformVersion: 5.14.0-427.37.1.el9_4.x86_64  CompilerName: GCC  CompilerVersion: 8.4.0
ProgramName: mri_remove_neck  ProgramArguments: mri_remove_neck -all-info  ProgramVersion: 7.3.2  TimeStamp: 2026/03/10-06:05:09-GMT  BuildTime: Aug  4 2022 06:17:15  BuildStamp: freesurfer-linux-ubuntu22_x86_64-7.3.2-20220804-6354275  User: oesteban  Machine: dna079  Platform: Linux  PlatformVersion: 5.14.0-427.37.1.el9_4.x86_64  CompilerName: GCC  CompilerVersion: 8.4.0
7.3.2

ProgramName: mri_robust_register  ProgramArguments: mri_robust_register -all-info  ProgramVersion: 7.3.2  TimeStamp: 2026/03/10-06:05:09-GMT  BuildTime: Aug  4 2022 06:17:15  BuildStamp: freesurfer-linux-ubuntu22_x86_64-7.3.2-20220804-6354275  User: oesteban  Machine: dna079  Platform: Linux  PlatformVersion: 5.14.0-427.37.1.el9_4.x86_64  CompilerName: GCC  CompilerVersion: 8.4.0
7.3.2

ProgramName: mri_robust_template  ProgramArguments: mri_robust_template -all-info  ProgramVersion: 7.3.2  TimeStamp: 2026/03/10-06:05:09-GMT  BuildTime: Aug  4 2022 06:17:15  BuildStamp: freesurfer-linux-ubuntu22_x86_64-7.3.2-20220804-6354275  User: oesteban  Machine: dna079  Platform: Linux  PlatformVersion: 5.14.0-427.37.1.el9_4.x86_64  CompilerName: GCC  CompilerVersion: 8.4.0
ProgramName: mris_anatomical_stats  ProgramArguments: mris_anatomical_stats -all-info  ProgramVersion: 7.3.2  TimeStamp: 2026/03/10-06:05:09-GMT  BuildTime: Aug  4 2022 06:17:15  BuildStamp: freesurfer-linux-ubuntu22_x86_64-7.3.2-20220804-6354275  User: oesteban  Machine: dna079  Platform: Linux  PlatformVersion: 5.14.0-427.37.1.el9_4.x86_64  CompilerName: GCC  CompilerVersion: 8.4.0
ProgramName: mris_ca_label  ProgramArguments: mris_ca_label -all-info  ProgramVersion: 7.3.2  TimeStamp: 2026/03/10-06:05:09-GMT  BuildTime: Aug  4 2022 06:17:15  BuildStamp: freesurfer-linux-ubuntu22_x86_64-7.3.2-20220804-6354275  User: oesteban  Machine: dna079  Platform: Linux  PlatformVersion: 5.14.0-427.37.1.el9_4.x86_64  CompilerName: GCC  CompilerVersion: 8.4.0
ProgramName: mris_calc  ProgramArguments: mris_calc -all-info  ProgramVersion: 7.3.2  TimeStamp: 2026/03/10-06:05:09-GMT  BuildTime: Aug  4 2022 06:17:15  BuildStamp: freesurfer-linux-ubuntu22_x86_64-7.3.2-20220804-6354275  User: oesteban  Machine: dna079  Platform: Linux  PlatformVersion: 5.14.0-427.37.1.el9_4.x86_64  CompilerName: GCC  CompilerVersion: 8.4.0
ProgramName: mris_convert  ProgramArguments: mris_convert -all-info  ProgramVersion: 7.3.2  TimeStamp: 2026/03/10-06:05:09-GMT  BuildTime: Aug  4 2022 06:17:15  BuildStamp: freesurfer-linux-ubuntu22_x86_64-7.3.2-20220804-6354275  User: oesteban  Machine: dna079  Platform: Linux  PlatformVersion: 5.14.0-427.37.1.el9_4.x86_64  CompilerName: GCC  CompilerVersion: 8.4.0
ProgramName: mris_curvature  ProgramArguments: mris_curvature -all-info  ProgramVersion: 7.3.2  TimeStamp: 2026/03/10-06:05:09-GMT  BuildTime: Aug  4 2022 06:17:15  BuildStamp: freesurfer-linux-ubuntu22_x86_64-7.3.2-20220804-6354275  User: oesteban  Machine: dna079  Platform: Linux  PlatformVersion: 5.14.0-427.37.1.el9_4.x86_64  CompilerName: GCC  CompilerVersion: 8.4.0
ProgramName: mris_curvature_stats  ProgramArguments: mris_curvature_stats -all-info  ProgramVersion: 7.3.2  TimeStamp: 2026/03/10-06:05:09-GMT  BuildTime: Aug  4 2022 06:17:15  BuildStamp: freesurfer-linux-ubuntu22_x86_64-7.3.2-20220804-6354275  User: oesteban  Machine: dna079  Platform: Linux  PlatformVersion: 5.14.0-427.37.1.el9_4.x86_64  CompilerName: GCC  CompilerVersion: 8.4.0
ProgramName: mris_diff  ProgramArguments: mris_diff -all-info  ProgramVersion: 7.3.2  TimeStamp: 2026/03/10-06:05:09-GMT  BuildTime: Aug  4 2022 06:17:15  BuildStamp: freesurfer-linux-ubuntu22_x86_64-7.3.2-20220804-6354275  User: oesteban  Machine: dna079  Platform: Linux  PlatformVersion: 5.14.0-427.37.1.el9_4.x86_64  CompilerName: GCC  CompilerVersion: 8.4.0
ProgramName: mris_divide_parcellation  ProgramArguments: mris_divide_parcellation -all-info  ProgramVersion: 7.3.2  TimeStamp: 2026/03/10-06:05:09-GMT  BuildTime: Aug  4 2022 06:17:15  BuildStamp: freesurfer-linux-ubuntu22_x86_64-7.3.2-20220804-6354275  User: oesteban  Machine: dna079  Platform: Linux  PlatformVersion: 5.14.0-427.37.1.el9_4.x86_64  CompilerName: GCC  CompilerVersion: 8.4.0
ProgramName: mri_segment  ProgramArguments: mri_segment -all-info  ProgramVersion: 7.3.2  TimeStamp: 2026/03/10-06:05:09-GMT  BuildTime: Aug  4 2022 06:17:15  BuildStamp: freesurfer-linux-ubuntu22_x86_64-7.3.2-20220804-6354275  User: oesteban  Machine: dna079  Platform: Linux  PlatformVersion: 5.14.0-427.37.1.el9_4.x86_64  CompilerName: GCC  CompilerVersion: 8.4.0
ProgramName: mri_segstats  ProgramArguments: mri_segstats -all-info  ProgramVersion: 7.3.2  TimeStamp: 2026/03/10-06:05:09-GMT  BuildTime: Aug  4 2022 06:17:15  BuildStamp: freesurfer-linux-ubuntu22_x86_64-7.3.2-20220804-6354275  User: oesteban  Machine: dna079  Platform: Linux  PlatformVersion: 5.14.0-427.37.1.el9_4.x86_64  CompilerName: GCC  CompilerVersion: 8.4.0
ProgramName: mris_euler_number  ProgramArguments: mris_euler_number -all-info  ProgramVersion: 7.3.2  TimeStamp: 2026/03/10-06:05:09-GMT  BuildTime: Aug  4 2022 06:17:15  BuildStamp: freesurfer-linux-ubuntu22_x86_64-7.3.2-20220804-6354275  User: oesteban  Machine: dna079  Platform: Linux  PlatformVersion: 5.14.0-427.37.1.el9_4.x86_64  CompilerName: GCC  CompilerVersion: 8.4.0
ProgramName: mris_fix_topology  ProgramArguments: mris_fix_topology -all-info  ProgramVersion: 7.3.2  TimeStamp: 2026/03/10-06:05:09-GMT  BuildTime: Aug  4 2022 06:17:15  BuildStamp: freesurfer-linux-ubuntu22_x86_64-7.3.2-20220804-6354275  User: oesteban  Machine: dna079  Platform: Linux  PlatformVersion: 5.14.0-427.37.1.el9_4.x86_64  CompilerName: GCC  CompilerVersion: 8.4.0
ProgramName: mris_topo_fixer  ProgramArguments: mris_topo_fixer -all-info  ProgramVersion: 7.3.2  TimeStamp: 2026/03/10-06:05:09-GMT  BuildTime: Aug  4 2022 06:17:15  BuildStamp: freesurfer-linux-ubuntu22_x86_64-7.3.2-20220804-6354275  User: oesteban  Machine: dna079  Platform: Linux  PlatformVersion: 5.14.0-427.37.1.el9_4.x86_64  CompilerName: GCC  CompilerVersion: 8.4.0
ProgramName: mris_jacobian  ProgramArguments: mris_jacobian -all-info  ProgramVersion: 7.3.2  TimeStamp: 2026/03/10-06:05:09-GMT  BuildTime: Aug  4 2022 06:17:15  BuildStamp: freesurfer-linux-ubuntu22_x86_64-7.3.2-20220804-6354275  User: oesteban  Machine: dna079  Platform: Linux  PlatformVersion: 5.14.0-427.37.1.el9_4.x86_64  CompilerName: GCC  CompilerVersion: 8.4.0
ProgramName: mris_label2annot  ProgramArguments: mris_label2annot -all-info  ProgramVersion: 7.3.2  TimeStamp: 2026/03/10-06:05:09-GMT  BuildTime: Aug  4 2022 06:17:15  BuildStamp: freesurfer-linux-ubuntu22_x86_64-7.3.2-20220804-6354275  User: oesteban  Machine: dna079  Platform: Linux  PlatformVersion: 5.14.0-427.37.1.el9_4.x86_64  CompilerName: GCC  CompilerVersion: 8.4.0
ProgramName: mris_left_right_register  ProgramArguments: mris_left_right_register -all-info  ProgramVersion: 7.3.2  TimeStamp: 2026/03/10-06:05:09-GMT  BuildTime: Aug  4 2022 06:17:15  BuildStamp: freesurfer-linux-ubuntu22_x86_64-7.3.2-20220804-6354275  User: oesteban  Machine: dna079  Platform: Linux  PlatformVersion: 5.14.0-427.37.1.el9_4.x86_64  CompilerName: GCC  CompilerVersion: 8.4.0
ProgramName: mris_place_surface  ProgramArguments: mris_place_surface -all-info  ProgramVersion: 7.3.2  TimeStamp: 2026/03/10-06:05:09-GMT  BuildTime: Aug  4 2022 06:17:15  BuildStamp: freesurfer-linux-ubuntu22_x86_64-7.3.2-20220804-6354275  User: oesteban  Machine: dna079  Platform: Linux  PlatformVersion: 5.14.0-427.37.1.el9_4.x86_64  CompilerName: GCC  CompilerVersion: 8.4.0
ProgramName: mrisp_paint  ProgramArguments: mrisp_paint -all-info  ProgramVersion: 7.3.2  TimeStamp: 2026/03/10-06:05:09-GMT  BuildTime: Aug  4 2022 06:17:15  BuildStamp: freesurfer-linux-ubuntu22_x86_64-7.3.2-20220804-6354275  User: oesteban  Machine: dna079  Platform: Linux  PlatformVersion: 5.14.0-427.37.1.el9_4.x86_64  CompilerName: GCC  CompilerVersion: 8.4.0
ProgramName: mris_register  ProgramArguments: mris_register -all-info  ProgramVersion: 7.3.2  TimeStamp: 2026/03/10-06:05:09-GMT  BuildTime: Aug  4 2022 06:17:15  BuildStamp: freesurfer-linux-ubuntu22_x86_64-7.3.2-20220804-6354275  User: oesteban  Machine: dna079  Platform: Linux  PlatformVersion: 5.14.0-427.37.1.el9_4.x86_64  CompilerName: GCC  CompilerVersion: 8.4.0
ProgramName: mris_smooth  ProgramArguments: mris_smooth -all-info  ProgramVersion: 7.3.2  TimeStamp: 2026/03/10-06:05:09-GMT  BuildTime: Aug  4 2022 06:17:15  BuildStamp: freesurfer-linux-ubuntu22_x86_64-7.3.2-20220804-6354275  User: oesteban  Machine: dna079  Platform: Linux  PlatformVersion: 5.14.0-427.37.1.el9_4.x86_64  CompilerName: GCC  CompilerVersion: 8.4.0
ProgramName: mris_sphere  ProgramArguments: mris_sphere -all-info  ProgramVersion: 7.3.2  TimeStamp: 2026/03/10-06:05:09-GMT  BuildTime: Aug  4 2022 06:17:15  BuildStamp: freesurfer-linux-ubuntu22_x86_64-7.3.2-20220804-6354275  User: oesteban  Machine: dna079  Platform: Linux  PlatformVersion: 5.14.0-427.37.1.el9_4.x86_64  CompilerName: GCC  CompilerVersion: 8.4.0
ProgramName: mris_surface_stats  ProgramArguments: mris_surface_stats -all-info  ProgramVersion: 7.3.2  TimeStamp: 2026/03/10-06:05:09-GMT  BuildTime: Aug  4 2022 06:17:15  BuildStamp: freesurfer-linux-ubuntu22_x86_64-7.3.2-20220804-6354275  User: oesteban  Machine: dna079  Platform: Linux  PlatformVersion: 5.14.0-427.37.1.el9_4.x86_64  CompilerName: GCC  CompilerVersion: 8.4.0
ProgramName: mri_stats2seg  ProgramArguments: mri_stats2seg -all-info  ProgramVersion: 7.3.2  TimeStamp: 2026/03/10-06:05:09-GMT  BuildTime: Aug  4 2022 06:17:15  BuildStamp: freesurfer-linux-ubuntu22_x86_64-7.3.2-20220804-6354275  User: oesteban  Machine: dna079  Platform: Linux  PlatformVersion: 5.14.0-427.37.1.el9_4.x86_64  CompilerName: GCC  CompilerVersion: 8.4.0
ProgramName: mris_thickness  ProgramArguments: mris_thickness -all-info  ProgramVersion: 7.3.2  TimeStamp: 2026/03/10-06:05:09-GMT  BuildTime: Aug  4 2022 06:17:15  BuildStamp: freesurfer-linux-ubuntu22_x86_64-7.3.2-20220804-6354275  User: oesteban  Machine: dna079  Platform: Linux  PlatformVersion: 5.14.0-427.37.1.el9_4.x86_64  CompilerName: GCC  CompilerVersion: 8.4.0
ProgramName: mris_thickness_diff  ProgramArguments: mris_thickness_diff -all-info  ProgramVersion: 7.3.2  TimeStamp: 2026/03/10-06:05:09-GMT  BuildTime: Aug  4 2022 06:17:15  BuildStamp: freesurfer-linux-ubuntu22_x86_64-7.3.2-20220804-6354275  User: oesteban  Machine: dna079  Platform: Linux  PlatformVersion: 5.14.0-427.37.1.el9_4.x86_64  CompilerName: GCC  CompilerVersion: 8.4.0
ProgramName: mris_topo_fixer  ProgramArguments: mris_topo_fixer -all-info  ProgramVersion: 7.3.2  TimeStamp: 2026/03/10-06:05:09-GMT  BuildTime: Aug  4 2022 06:17:15  BuildStamp: freesurfer-linux-ubuntu22_x86_64-7.3.2-20220804-6354275  User: oesteban  Machine: dna079  Platform: Linux  PlatformVersion: 5.14.0-427.37.1.el9_4.x86_64  CompilerName: GCC  CompilerVersion: 8.4.0
ProgramName: mri_surf2surf  ProgramArguments: mri_surf2surf -all-info  ProgramVersion: 7.3.2  TimeStamp: 2026/03/10-06:05:09-GMT  BuildTime: Aug  4 2022 06:17:15  BuildStamp: freesurfer-linux-ubuntu22_x86_64-7.3.2-20220804-6354275  User: oesteban  Machine: dna079  Platform: Linux  PlatformVersion: 5.14.0-427.37.1.el9_4.x86_64  CompilerName: GCC  CompilerVersion: 8.4.0
ProgramName: mri_surf2vol  ProgramArguments: mri_surf2vol -all-info  ProgramVersion: 7.3.2  TimeStamp: 2026/03/10-06:05:09-GMT  BuildTime: Aug  4 2022 06:17:15  BuildStamp: freesurfer-linux-ubuntu22_x86_64-7.3.2-20220804-6354275  User: oesteban  Machine: dna079  Platform: Linux  PlatformVersion: 5.14.0-427.37.1.el9_4.x86_64  CompilerName: GCC  CompilerVersion: 8.4.0
ProgramName: mri_surfcluster  ProgramArguments: mri_surfcluster -all-info  ProgramVersion: 7.3.2  TimeStamp: 2026/03/10-06:05:09-GMT  BuildTime: Aug  4 2022 06:17:15  BuildStamp: freesurfer-linux-ubuntu22_x86_64-7.3.2-20220804-6354275  User: oesteban  Machine: dna079  Platform: Linux  PlatformVersion: 5.14.0-427.37.1.el9_4.x86_64  CompilerName: GCC  CompilerVersion: 8.4.0
ProgramName: mris_volmask  ProgramArguments: mris_volmask -all-info  ProgramVersion: 7.3.2  TimeStamp: 2026/03/10-06:05:09-GMT  BuildTime: Aug  4 2022 06:17:15  BuildStamp: freesurfer-linux-ubuntu22_x86_64-7.3.2-20220804-6354275  User: oesteban  Machine: dna079  Platform: Linux  PlatformVersion: 5.14.0-427.37.1.el9_4.x86_64  CompilerName: GCC  CompilerVersion: 8.4.0
ProgramName: mri_tessellate  ProgramArguments: mri_tessellate -all-info  ProgramVersion: 7.3.2  TimeStamp: 2026/03/10-06:05:09-GMT  BuildTime: Aug  4 2022 06:17:15  BuildStamp: freesurfer-linux-ubuntu22_x86_64-7.3.2-20220804-6354275  User: oesteban  Machine: dna079  Platform: Linux  PlatformVersion: 5.14.0-427.37.1.el9_4.x86_64  CompilerName: GCC  CompilerVersion: 8.4.0
ProgramName: mri_vol2surf  ProgramArguments: mri_vol2surf -all-info  ProgramVersion: 7.3.2  TimeStamp: 2026/03/10-06:05:09-GMT  BuildTime: Aug  4 2022 06:17:15  BuildStamp: freesurfer-linux-ubuntu22_x86_64-7.3.2-20220804-6354275  User: oesteban  Machine: dna079  Platform: Linux  PlatformVersion: 5.14.0-427.37.1.el9_4.x86_64  CompilerName: GCC  CompilerVersion: 8.4.0
ProgramName: mri_vol2vol  ProgramArguments: mri_vol2vol -all-info  ProgramVersion: 7.3.2  TimeStamp: 2026/03/10-06:05:09-GMT  BuildTime: Aug  4 2022 06:17:15  BuildStamp: freesurfer-linux-ubuntu22_x86_64-7.3.2-20220804-6354275  User: oesteban  Machine: dna079  Platform: Linux  PlatformVersion: 5.14.0-427.37.1.el9_4.x86_64  CompilerName: GCC  CompilerVersion: 8.4.0
ProgramName: mri_voldiff  ProgramArguments: mri_voldiff -all-info  ProgramVersion: 7.3.2  TimeStamp: 2026/03/10-06:05:09-GMT  BuildTime: Aug  4 2022 06:17:15  BuildStamp: freesurfer-linux-ubuntu22_x86_64-7.3.2-20220804-6354275  User: oesteban  Machine: dna079  Platform: Linux  PlatformVersion: 5.14.0-427.37.1.el9_4.x86_64  CompilerName: GCC  CompilerVersion: 8.4.0
ProgramName: mri_watershed  ProgramArguments: mri_watershed -all-info  ProgramVersion: 7.3.2  TimeStamp: 2026/03/10-06:05:09-GMT  BuildTime: Aug  4 2022 06:17:15  BuildStamp: freesurfer-linux-ubuntu22_x86_64-7.3.2-20220804-6354275  User: oesteban  Machine: dna079  Platform: Linux  PlatformVersion: 5.14.0-427.37.1.el9_4.x86_64  CompilerName: GCC  CompilerVersion: 8.4.0
ProgramName: tkregister2  ProgramArguments: tkregister2_cmdl -all-info  ProgramVersion: 7.3.2  TimeStamp: 2026/03/10-06:05:09-GMT  BuildTime: Aug  4 2022 06:17:15  BuildStamp: freesurfer-linux-ubuntu22_x86_64-7.3.2-20220804-6354275  User: oesteban  Machine: dna079  Platform: Linux  PlatformVersion: 5.14.0-427.37.1.el9_4.x86_64  CompilerName: GCC  CompilerVersion: 8.4.0
mri_motion_correct.fsl 7.3.2
mri_convert -all-info 
ProgramName: mri_convert  ProgramArguments: mri_convert -all-info  ProgramVersion: 7.3.2  TimeStamp: 2026/03/10-06:05:09-GMT  BuildTime: Aug  4 2022 06:17:15  BuildStamp: freesurfer-linux-ubuntu22_x86_64-7.3.2-20220804-6354275  User: oesteban  Machine: dna079  Platform: Linux  PlatformVersion: 5.14.0-427.37.1.el9_4.x86_64  CompilerName: GCC  CompilerVersion: 8.4.0
Program nu_correct, built from:
Package MNI N3, version 1.12.0, compiled by nicks@terrier (x86_64-unknown-linux-gnu) on 2015-06-19 at 01:25:34
#######################################
GCADIR /opt/freesurfer/average
GCA RB_all_2020-01-02.gca
GCASkull RB_all_withskull_2020_01_02.gca
AvgCurvTif folding.atlas.acfb40.noaparc.i12.2016-08-02.tif
GCSDIR /opt/freesurfer/average
GCS DKaparc.atlas.acfb40.noaparc.i12.2016-08-02.gcs
#######################################
#-------------------------------------
#@# EM Registration Tue Mar 10 07:05:09 CET 2026
/out/sourcedata/freesurfer/sub-v1s8x0051343_ses-1/mri

 mri_em_register -uns 3 -mask brainmask.mgz nu.mgz /opt/freesurfer/average/RB_all_2020-01-02.gca transforms/talairach.lta 

setting unknown_nbr_spacing = 3
using MR volume brainmask.mgz to mask input volume...

== Number of threads available to mri_em_register for OpenMP = 16 == 
reading 1 input volumes...
logging results to talairach.log
reading '/opt/freesurfer/average/RB_all_2020-01-02.gca'...
GCAread took 0 minutes and 1 seconds.
average std = 7.2   using min determinant for regularization = 5.2
0 singular and 884 ill-conditioned covariance matrices regularized
reading 'nu.mgz'...
MRImask(): AllowDiffGeom = 1
MRImask(): AllowDiffGeom = 1
MRImask(): AllowDiffGeom = 1
MRImask(): AllowDiffGeom = 1
MRImask(): AllowDiffGeom = 1
freeing gibbs priors...done.
accounting for voxel sizes in initial transform
bounding unknown intensity as < 5.9 or > 519.0 
total sample mean = 79.1 (1017 zeros)
************************************************
spacing=8, using 2841 sample points, tol=1.00e-05...
************************************************
register_mri: find_optimal_transform
find_optimal_transform: nsamples 2841, passno 0, spacing 8
resetting wm mean[0]: 98 --> 107
resetting gm mean[0]: 61 --> 61
input volume #1 is the most T1-like
using real data threshold=28.0
skull bounding box = (60, 28, 27) --> (193, 158, 199)
finding center of left hemi white matter
using (104, 71, 113) as brain centroid of Right_Cerebral_White_Matter...
MRImask(): AllowDiffGeom = 1
mean wm in atlas = 107, using box (88,55,92) --> (120, 86,134) to find MRI wm
before smoothing, mri peak at 106
robust fit to distribution - 106 +- 4.0
after smoothing, mri peak at 106, scaling input intensities by 1.009
scaling channel 0 by 1.00943
initial log_p = -4.588
************************************************
First Search limited to translation only.
************************************************
max log p =    -4.149337 @ (-10.526, 31.579, -10.526)
max log p =    -3.851007 @ (5.263, 5.263, 15.789)
max log p =    -3.713474 @ (2.632, -2.632, -7.895)
max log p =    -3.641994 @ (1.316, -1.316, 1.316)
max log p =    -3.641994 @ (0.000, 0.000, 0.000)
max log p =    -3.625584 @ (-0.987, -0.329, 0.329)
max log p =    -3.625584 @ (0.000, 0.000, 0.000)
max log p =    -3.625584 @ (0.000, 0.000, 0.000)
Found translation: (-2.3, 32.6, -1.0): log p = -3.626
****************************************
Nine parameter search.  iteration 0 nscales = 0 ...
****************************************
Result so far: scale 1.000: max_log_p=-3.610, old_max_log_p =-3.626 (thresh=-3.6)
 1.00000   0.00000   0.00000  -2.30264;
 0.00000   1.07500   0.00000   26.06144;
 0.00000   0.00000   1.00000  -0.98685;
 0.00000   0.00000   0.00000   1.00000;
iteration took 0 minutes and 11 seconds.
****************************************
Nine parameter search.  iteration 1 nscales = 0 ...
****************************************
Result so far: scale 1.000: max_log_p=-3.610, old_max_log_p =-3.610 (thresh=-3.6)
 1.00000   0.00000   0.00000  -2.30264;
 0.00000   1.07500   0.00000   26.06144;
 0.00000   0.00000   1.00000  -0.98685;
 0.00000   0.00000   0.00000   1.00000;
reducing scale to 0.2500
iteration took 0 minutes and 13 seconds.
****************************************
Nine parameter search.  iteration 2 nscales = 1 ...
****************************************
Result so far: scale 0.250: max_log_p=-3.469, old_max_log_p =-3.610 (thresh=-3.6)
 1.05573  -0.03457  -0.03822  -2.29895;
 0.03725   1.07369   0.19280  -0.78728;
 0.02700  -0.20975   0.98062   17.64549;
 0.00000   0.00000   0.00000   1.00000;
iteration took 0 minutes and 10 seconds.
****************************************
Nine parameter search.  iteration 3 nscales = 1 ...
****************************************
Result so far: scale 0.250: max_log_p=-3.459, old_max_log_p =-3.469 (thresh=-3.5)
 1.05424  -0.02880  -0.07047   0.76429;
 0.03495   1.03973   0.15339   6.64944;
 0.06269  -0.17687   0.98438   9.73592;
 0.00000   0.00000   0.00000   1.00000;
iteration took 0 minutes and 10 seconds.
****************************************
Nine parameter search.  iteration 4 nscales = 1 ...
****************************************
Result so far: scale 0.250: max_log_p=-3.459, old_max_log_p =-3.459 (thresh=-3.5)
 1.05569  -0.03568  -0.03840  -2.17668;
 0.03767   1.05276   0.18899   1.40945;
 0.02698  -0.20973   0.98062   17.64574;
 0.00000   0.00000   0.00000   1.00000;
reducing scale to 0.0625
iteration took 0 minutes and 10 seconds.
****************************************
Nine parameter search.  iteration 5 nscales = 2 ...
****************************************
Result so far: scale 0.062: max_log_p=-3.437, old_max_log_p =-3.459 (thresh=-3.5)
 1.05142  -0.03157  -0.05414  -0.33892;
 0.03832   1.05098   0.21378  -1.11576;
 0.04327  -0.23576   0.97379   19.03443;
 0.00000   0.00000   0.00000   1.00000;
iteration took 0 minutes and 10 seconds.
****************************************
Nine parameter search.  iteration 6 nscales = 2 ...
****************************************
Result so far: scale 0.062: max_log_p=-3.432, old_max_log_p =-3.437 (thresh=-3.4)
 1.04773  -0.03146  -0.05395   0.10772;
 0.03832   1.05098   0.21378  -1.11576;
 0.04322  -0.23549   0.97265   19.13567;
 0.00000   0.00000   0.00000   1.00000;
iteration took 0 minutes and 10 seconds.
****************************************
Nine parameter search.  iteration 7 nscales = 2 ...
****************************************
Result so far: scale 0.062: max_log_p=-3.432, old_max_log_p =-3.432 (thresh=-3.4)
 1.04773  -0.03146  -0.05395   0.10772;
 0.03832   1.05098   0.21378  -1.11576;
 0.04322  -0.23549   0.97265   19.13567;
 0.00000   0.00000   0.00000   1.00000;
min search scale 0.025000 reached
***********************************************
Computing MAP estimate using 2841 samples...
***********************************************
dt = 5.00e-06, momentum=0.80, tol=1.00e-05
l_intensity = 1.0000
Aligning input volume to GCA...
Transform matrix
 1.04773  -0.03146  -0.05395   0.10772;
 0.03832   1.05098   0.21378  -1.11576;
 0.04322  -0.23549   0.97265   19.13567;
 0.00000   0.00000   0.00000   1.00000;
nsamples 2841
Quasinewton: input matrix
 1.04773  -0.03146  -0.05395   0.10772;
 0.03832   1.05098   0.21378  -1.11576;
 0.04322  -0.23549   0.97265   19.13567;
 0.00000   0.00000   0.00000   1.00000;
 IFLAG= -1  LINE SEARCH FAILED. SEE DOCUMENTATION OF ROUTINE MCSRCH ERROR RETURN OF LINE SEARCH: INFO= 3 POSSIBLE CAUSES: FUNCTION OR GRADIENT ARE INCORRECT OR INCORRECT TOLERANCESoutof QuasiNewtonEMA: 010: -log(p) =   -0.0  tol 0.000010
Resulting transform:
 1.04773  -0.03146  -0.05395   0.10772;
 0.03832   1.05098   0.21378  -1.11576;
 0.04322  -0.23549   0.97265   19.13567;
 0.00000   0.00000   0.00000   1.00000;

pass 1, spacing 8: log(p) = -3.432 (old=-4.588)
transform before final EM align:
 1.04773  -0.03146  -0.05395   0.10772;
 0.03832   1.05098   0.21378  -1.11576;
 0.04322  -0.23549   0.97265   19.13567;
 0.00000   0.00000   0.00000   1.00000;

**************************************************
 EM alignment process ...
 Computing final MAP estimate using 315638 samples. 
**************************************************
dt = 5.00e-06, momentum=0.80, tol=1.00e-07
l_intensity = 1.0000
Aligning input volume to GCA...
Transform matrix
 1.04773  -0.03146  -0.05395   0.10772;
 0.03832   1.05098   0.21378  -1.11576;
 0.04322  -0.23549   0.97265   19.13567;
 0.00000   0.00000   0.00000   1.00000;
nsamples 315638
Quasinewton: input matrix
 1.04773  -0.03146  -0.05395   0.10772;
 0.03832   1.05098   0.21378  -1.11576;
 0.04322  -0.23549   0.97265   19.13567;
 0.00000   0.00000   0.00000   1.00000;
dfp_em_step_func: 011: -log(p) = 3.9
after pass:transform: ( 1.05, -0.03, -0.05, 0.11)
                      ( 0.04, 1.05, 0.21, -1.12)
                      ( 0.04, -0.24, 0.97, 19.14)
 IFLAG= -1  LINE SEARCH FAILED. SEE DOCUMENTATION OF ROUTINE MCSRCH ERROR RETURN OF LINE SEARCH: INFO= 3 POSSIBLE CAUSES: FUNCTION OR GRADIENT ARE INCORRECT OR INCORRECT TOLERANCESpass 2 through quasi-newton minimization...
 IFLAG= -1  LINE SEARCH FAILED. SEE DOCUMENTATION OF ROUTINE MCSRCH ERROR RETURN OF LINE SEARCH: INFO= 3 POSSIBLE CAUSES: FUNCTION OR GRADIENT ARE INCORRECT OR INCORRECT TOLERANCESoutof QuasiNewtonEMA: 013: -log(p) =    3.9  tol 0.000000
final transform:
 1.04773  -0.03146  -0.05395   0.10772;
 0.03832   1.05098   0.21378  -1.11576;
 0.04322  -0.23549   0.97265   19.13567;
 0.00000   0.00000   0.00000   1.00000;

writing output transformation to transforms/talairach.lta...
#VMPC# mri_em_register VmPeak  891284
FSRUNTIME@ mri_em_register  0.0362 hours 16 threads
registration took 2 minutes and 10 seconds.

Started at Tue Mar 10 07:05:09 CET 2026 
Ended   at Tue Mar 10 07:07:20 CET 2026
#@#%# recon-all-run-time-hours 0.036
recon-all -s sub-v1s8x0051343_ses-1 finished without error at Tue Mar 10 07:07:20 CET 2026



#New# invocation of recon-all 




Tue Mar 10 07:07:22 CET 2026
cd /out/sourcedata/freesurfer/sub-v1s8x0051343_ses-1
setenv SUBJECTS_DIR /out/sourcedata/freesurfer
/opt/freesurfer/bin/recon-all -autorecon2-volonly -openmp 16 -subjid sub-v1s8x0051343_ses-1 -sd /out/sourcedata/freesurfer -nogcareg

subjid sub-v1s8x0051343_ses-1
setenv SUBJECTS_DIR /out/sourcedata/freesurfer
FREESURFER_HOME /opt/freesurfer
Actual FREESURFER_HOME /opt/freesurfer
build-stamp.txt: freesurfer-linux-ubuntu22_x86_64-7.3.2-20220804-6354275
Linux dna079 5.14.0-427.37.1.el9_4.x86_64 #1 SMP PREEMPT_DYNAMIC Fri Sep 13 12:41:50 EDT 2024 x86_64 x86_64 x86_64 GNU/Linux
cputime      unlimited
filesize     unlimited
datasize     unlimited
stacksize    8192 kbytes
coredumpsize 0 kbytes
memoryuse    67108864 kbytes
vmemoryuse   unlimited
descriptors  1024 
memorylocked unlimited
maxproc      2061970 
maxlocks     unlimited
maxsignal    2062029 
maxmessage   819200 
maxnice      0 
maxrtprio    0 
maxrttime    unlimited

               total        used        free      shared  buff/cache   available
Mem:           503Gi        50Gi       380Gi       9.2Gi        73Gi       440Gi
Swap:             0B          0B          0B

########################################
program versions used
7.3.2 (freesurfer-linux-ubuntu22_x86_64-7.3.2-20220804-6354275)
7.3.2

ProgramName: lta_convert  ProgramArguments: lta_convert -all-info  ProgramVersion: 7.3.2  TimeStamp: 2026/03/10-06:07:22-GMT  BuildTime: Aug  4 2022 06:17:15  BuildStamp: freesurfer-linux-ubuntu22_x86_64-7.3.2-20220804-6354275  User: oesteban  Machine: dna079  Platform: Linux  PlatformVersion: 5.14.0-427.37.1.el9_4.x86_64  CompilerName: GCC  CompilerVersion: 8.4.0
ProgramName: mri_and  ProgramArguments: mri_and -all-info  ProgramVersion: 7.3.2  TimeStamp: 2026/03/10-06:07:22-GMT  BuildTime: Aug  4 2022 06:17:15  BuildStamp: freesurfer-linux-ubuntu22_x86_64-7.3.2-20220804-6354275  User: oesteban  Machine: dna079  Platform: Linux  PlatformVersion: 5.14.0-427.37.1.el9_4.x86_64  CompilerName: GCC  CompilerVersion: 8.4.0
ProgramName: mri_annotation2label  ProgramArguments: mri_annotation2label -all-info  ProgramVersion: 7.3.2  TimeStamp: 2026/03/10-06:07:22-GMT  BuildTime: Aug  4 2022 06:17:15  BuildStamp: freesurfer-linux-ubuntu22_x86_64-7.3.2-20220804-6354275  User: oesteban  Machine: dna079  Platform: Linux  PlatformVersion: 5.14.0-427.37.1.el9_4.x86_64  CompilerName: GCC  CompilerVersion: 8.4.0
ProgramName: mri_aparc2aseg  ProgramArguments: mri_aparc2aseg -all-info  ProgramVersion: 7.3.2  TimeStamp: 2026/03/10-06:07:22-GMT  BuildTime: Aug  4 2022 06:17:15  BuildStamp: freesurfer-linux-ubuntu22_x86_64-7.3.2-20220804-6354275  User: oesteban  Machine: dna079  Platform: Linux  PlatformVersion: 5.14.0-427.37.1.el9_4.x86_64  CompilerName: GCC  CompilerVersion: 8.4.0
ProgramName: mri_surf2volseg  ProgramArguments: mri_surf2volseg -all-info  ProgramVersion: 7.3.2  TimeStamp: 2026/03/10-06:07:22-GMT  BuildTime: Aug  4 2022 06:17:15  BuildStamp: freesurfer-linux-ubuntu22_x86_64-7.3.2-20220804-6354275  User: oesteban  Machine: dna079  Platform: Linux  PlatformVersion: 5.14.0-427.37.1.el9_4.x86_64  CompilerName: GCC  CompilerVersion: 8.4.0
ProgramName: mri_binarize  ProgramArguments: mri_binarize -all-info  ProgramVersion: 7.3.2  TimeStamp: 2026/03/10-06:07:22-GMT  BuildTime: Aug  4 2022 06:17:15  BuildStamp: freesurfer-linux-ubuntu22_x86_64-7.3.2-20220804-6354275  User: oesteban  Machine: dna079  Platform: Linux  PlatformVersion: 5.14.0-427.37.1.el9_4.x86_64  CompilerName: GCC  CompilerVersion: 8.4.0
ProgramName: mri_ca_label  ProgramArguments: mri_ca_label -all-info  ProgramVersion: 7.3.2  TimeStamp: 2026/03/10-06:07:22-GMT  BuildTime: Aug  4 2022 06:17:15  BuildStamp: freesurfer-linux-ubuntu22_x86_64-7.3.2-20220804-6354275  User: oesteban  Machine: dna079  Platform: Linux  PlatformVersion: 5.14.0-427.37.1.el9_4.x86_64  CompilerName: GCC  CompilerVersion: 8.4.0
ProgramName: mri_ca_normalize  ProgramArguments: mri_ca_normalize -all-info  ProgramVersion: 7.3.2  TimeStamp: 2026/03/10-06:07:22-GMT  BuildTime: Aug  4 2022 06:17:15  BuildStamp: freesurfer-linux-ubuntu22_x86_64-7.3.2-20220804-6354275  User: oesteban  Machine: dna079  Platform: Linux  PlatformVersion: 5.14.0-427.37.1.el9_4.x86_64  CompilerName: GCC  CompilerVersion: 8.4.0
ProgramName: mri_ca_register  ProgramArguments: mri_ca_register -all-info  ProgramVersion: 7.3.2  TimeStamp: 2026/03/10-06:07:22-GMT  BuildTime: Aug  4 2022 06:17:15  BuildStamp: freesurfer-linux-ubuntu22_x86_64-7.3.2-20220804-6354275  User: oesteban  Machine: dna079  Platform: Linux  PlatformVersion: 5.14.0-427.37.1.el9_4.x86_64  CompilerName: GCC  CompilerVersion: 8.4.0
ProgramName: mri_cc  ProgramArguments: mri_cc -all-info  ProgramVersion: 7.3.2  TimeStamp: 2026/03/10-06:07:22-GMT  BuildTime: Aug  4 2022 06:17:15  BuildStamp: freesurfer-linux-ubuntu22_x86_64-7.3.2-20220804-6354275  User: oesteban  Machine: dna079  Platform: Linux  PlatformVersion: 5.14.0-427.37.1.el9_4.x86_64  CompilerName: GCC  CompilerVersion: 8.4.0
ProgramName: mri_compute_overlap  ProgramArguments: mri_compute_overlap -all-info  ProgramVersion: 7.3.2  TimeStamp: 2026/03/10-06:07:22-GMT  BuildTime: Aug  4 2022 06:17:15  BuildStamp: freesurfer-linux-ubuntu22_x86_64-7.3.2-20220804-6354275  User: oesteban  Machine: dna079  Platform: Linux  PlatformVersion: 5.14.0-427.37.1.el9_4.x86_64  CompilerName: GCC  CompilerVersion: 8.4.0
ProgramName: mri_compute_seg_overlap  ProgramArguments: mri_compute_seg_overlap -all-info  ProgramVersion: 7.3.2  TimeStamp: 2026/03/10-06:07:22-GMT  BuildTime: Aug  4 2022 06:17:15  BuildStamp: freesurfer-linux-ubuntu22_x86_64-7.3.2-20220804-6354275  User: oesteban  Machine: dna079  Platform: Linux  PlatformVersion: 5.14.0-427.37.1.el9_4.x86_64  CompilerName: GCC  CompilerVersion: 8.4.0
ProgramName: mri_concat  ProgramArguments: mri_concat -all-info  ProgramVersion: 7.3.2  TimeStamp: 2026/03/10-06:07:22-GMT  BuildTime: Aug  4 2022 06:17:15  BuildStamp: freesurfer-linux-ubuntu22_x86_64-7.3.2-20220804-6354275  User: oesteban  Machine: dna079  Platform: Linux  PlatformVersion: 5.14.0-427.37.1.el9_4.x86_64  CompilerName: GCC  CompilerVersion: 8.4.0
ProgramName: mri_concatenate_lta  ProgramArguments: mri_concatenate_lta -all-info  ProgramVersion: 7.3.2  TimeStamp: 2026/03/10-06:07:22-GMT  BuildTime: Aug  4 2022 06:17:15  BuildStamp: freesurfer-linux-ubuntu22_x86_64-7.3.2-20220804-6354275  User: oesteban  Machine: dna079  Platform: Linux  PlatformVersion: 5.14.0-427.37.1.el9_4.x86_64  CompilerName: GCC  CompilerVersion: 8.4.0
mri_convert -all-info 
ProgramName: mri_convert  ProgramArguments: mri_convert -all-info  ProgramVersion: 7.3.2  TimeStamp: 2026/03/10-06:07:22-GMT  BuildTime: Aug  4 2022 06:17:15  BuildStamp: freesurfer-linux-ubuntu22_x86_64-7.3.2-20220804-6354275  User: oesteban  Machine: dna079  Platform: Linux  PlatformVersion: 5.14.0-427.37.1.el9_4.x86_64  CompilerName: GCC  CompilerVersion: 8.4.0
ProgramName: mri_diff  ProgramArguments: mri_diff -all-info  ProgramVersion: 7.3.2  TimeStamp: 2026/03/10-06:07:22-GMT  BuildTime: Aug  4 2022 06:17:15  BuildStamp: freesurfer-linux-ubuntu22_x86_64-7.3.2-20220804-6354275  User: oesteban  Machine: dna079  Platform: Linux  PlatformVersion: 5.14.0-427.37.1.el9_4.x86_64  CompilerName: GCC  CompilerVersion: 8.4.0
ProgramName: mri_edit_wm_with_aseg  ProgramArguments: mri_edit_wm_with_aseg -all-info  ProgramVersion: 7.3.2  TimeStamp: 2026/03/10-06:07:22-GMT  BuildTime: Aug  4 2022 06:17:15  BuildStamp: freesurfer-linux-ubuntu22_x86_64-7.3.2-20220804-6354275  User: oesteban  Machine: dna079  Platform: Linux  PlatformVersion: 5.14.0-427.37.1.el9_4.x86_64  CompilerName: GCC  CompilerVersion: 8.4.0
ProgramName: mri_em_register  ProgramArguments: mri_em_register -all-info  ProgramVersion: 7.3.2  TimeStamp: 2026/03/10-06:07:22-GMT  BuildTime: Aug  4 2022 06:17:15  BuildStamp: freesurfer-linux-ubuntu22_x86_64-7.3.2-20220804-6354275  User: oesteban  Machine: dna079  Platform: Linux  PlatformVersion: 5.14.0-427.37.1.el9_4.x86_64  CompilerName: GCC  CompilerVersion: 8.4.0
ProgramName: mri_fill  ProgramArguments: mri_fill -all-info  ProgramVersion: 7.3.2  TimeStamp: 2026/03/10-06:07:22-GMT  BuildTime: Aug  4 2022 06:17:15  BuildStamp: freesurfer-linux-ubuntu22_x86_64-7.3.2-20220804-6354275  User: oesteban  Machine: dna079  Platform: Linux  PlatformVersion: 5.14.0-427.37.1.el9_4.x86_64  CompilerName: GCC  CompilerVersion: 8.4.0
ProgramName: mri_fuse_segmentations  ProgramArguments: mri_fuse_segmentations -all-info  ProgramVersion: 7.3.2  TimeStamp: 2026/03/10-06:07:22-GMT  BuildTime: Aug  4 2022 06:17:15  BuildStamp: freesurfer-linux-ubuntu22_x86_64-7.3.2-20220804-6354275  User: oesteban  Machine: dna079  Platform: Linux  PlatformVersion: 5.14.0-427.37.1.el9_4.x86_64  CompilerName: GCC  CompilerVersion: 8.4.0
ProgramName: mri_fwhm  ProgramArguments: mri_fwhm -all-info  ProgramVersion: 7.3.2  TimeStamp: 2026/03/10-06:07:22-GMT  BuildTime: Aug  4 2022 06:17:15  BuildStamp: freesurfer-linux-ubuntu22_x86_64-7.3.2-20220804-6354275  User: oesteban  Machine: dna079  Platform: Linux  PlatformVersion: 5.14.0-427.37.1.el9_4.x86_64  CompilerName: GCC  CompilerVersion: 8.4.0
ProgramName: mri_gcut  ProgramArguments: mri_gcut -all-info  ProgramVersion: 7.3.2  TimeStamp: 2026/03/10-06:07:22-GMT  BuildTime: Aug  4 2022 06:17:15  BuildStamp: freesurfer-linux-ubuntu22_x86_64-7.3.2-20220804-6354275  User: oesteban  Machine: dna079  Platform: Linux  PlatformVersion: 5.14.0-427.37.1.el9_4.x86_64  CompilerName: GCC  CompilerVersion: 8.4.0
ProgramName: mri_info  ProgramArguments: mri_info -all-info  ProgramVersion: 7.3.2  TimeStamp: 2026/03/10-06:07:22-GMT  BuildTime: Aug  4 2022 06:17:15  BuildStamp: freesurfer-linux-ubuntu22_x86_64-7.3.2-20220804-6354275  User: oesteban  Machine: dna079  Platform: Linux  PlatformVersion: 5.14.0-427.37.1.el9_4.x86_64  CompilerName: GCC  CompilerVersion: 8.4.0
ProgramName: mri_label2label  ProgramArguments: mri_label2label -all-info  ProgramVersion: 7.3.2  TimeStamp: 2026/03/10-06:07:22-GMT  BuildTime: Aug  4 2022 06:17:15  BuildStamp: freesurfer-linux-ubuntu22_x86_64-7.3.2-20220804-6354275  User: oesteban  Machine: dna079  Platform: Linux  PlatformVersion: 5.14.0-427.37.1.el9_4.x86_64  CompilerName: GCC  CompilerVersion: 8.4.0
ProgramName: mri_label2vol  ProgramArguments: mri_label2vol -all-info  ProgramVersion: 7.3.2  TimeStamp: 2026/03/10-06:07:22-GMT  BuildTime: Aug  4 2022 06:17:15  BuildStamp: freesurfer-linux-ubuntu22_x86_64-7.3.2-20220804-6354275  User: oesteban  Machine: dna079  Platform: Linux  PlatformVersion: 5.14.0-427.37.1.el9_4.x86_64  CompilerName: GCC  CompilerVersion: 8.4.0
ProgramName: mri_log_likelihood  ProgramArguments: mri_log_likelihood -all-info  ProgramVersion: 7.3.2  TimeStamp: 2026/03/10-06:07:22-GMT  BuildTime: Aug  4 2022 06:17:15  BuildStamp: freesurfer-linux-ubuntu22_x86_64-7.3.2-20220804-6354275  User: oesteban  Machine: dna079  Platform: Linux  PlatformVersion: 5.14.0-427.37.1.el9_4.x86_64  CompilerName: GCC  CompilerVersion: 8.4.0
ProgramName: mri_mask  ProgramArguments: mri_mask -all-info  ProgramVersion: 7.3.2  TimeStamp: 2026/03/10-06:07:22-GMT  BuildTime: Aug  4 2022 06:17:15  BuildStamp: freesurfer-linux-ubuntu22_x86_64-7.3.2-20220804-6354275  User: oesteban  Machine: dna079  Platform: Linux  PlatformVersion: 5.14.0-427.37.1.el9_4.x86_64  CompilerName: GCC  CompilerVersion: 8.4.0
ProgramName: mri_matrix_multiply  ProgramArguments: mri_matrix_multiply -all-info  ProgramVersion: 7.3.2  TimeStamp: 2026/03/10-06:07:22-GMT  BuildTime: Aug  4 2022 06:17:15  BuildStamp: freesurfer-linux-ubuntu22_x86_64-7.3.2-20220804-6354275  User: oesteban  Machine: dna079  Platform: Linux  PlatformVersion: 5.14.0-427.37.1.el9_4.x86_64  CompilerName: GCC  CompilerVersion: 8.4.0
ProgramName: mri_normalize  ProgramArguments: mri_normalize -all-info  ProgramVersion: 7.3.2  TimeStamp: 2026/03/10-06:07:22-GMT  BuildTime: Aug  4 2022 06:17:15  BuildStamp: freesurfer-linux-ubuntu22_x86_64-7.3.2-20220804-6354275  User: oesteban  Machine: dna079  Platform: Linux  PlatformVersion: 5.14.0-427.37.1.el9_4.x86_64  CompilerName: GCC  CompilerVersion: 8.4.0
ProgramName: mri_normalize_tp2  ProgramArguments: mri_normalize_tp2 -all-info  ProgramVersion: 7.3.2  TimeStamp: 2026/03/10-06:07:22-GMT  BuildTime: Aug  4 2022 06:17:15  BuildStamp: freesurfer-linux-ubuntu22_x86_64-7.3.2-20220804-6354275  User: oesteban  Machine: dna079  Platform: Linux  PlatformVersion: 5.14.0-427.37.1.el9_4.x86_64  CompilerName: GCC  CompilerVersion: 8.4.0
ProgramName: mri_or  ProgramArguments: mri_or -all-info  ProgramVersion: 7.3.2  TimeStamp: 2026/03/10-06:07:22-GMT  BuildTime: Aug  4 2022 06:17:15  BuildStamp: freesurfer-linux-ubuntu22_x86_64-7.3.2-20220804-6354275  User: oesteban  Machine: dna079  Platform: Linux  PlatformVersion: 5.14.0-427.37.1.el9_4.x86_64  CompilerName: GCC  CompilerVersion: 8.4.0
ProgramName: mri_relabel_hypointensities  ProgramArguments: mri_relabel_hypointensities -all-info  ProgramVersion: 7.3.2  TimeStamp: 2026/03/10-06:07:22-GMT  BuildTime: Aug  4 2022 06:17:15  BuildStamp: freesurfer-linux-ubuntu22_x86_64-7.3.2-20220804-6354275  User: oesteban  Machine: dna079  Platform: Linux  PlatformVersion: 5.14.0-427.37.1.el9_4.x86_64  CompilerName: GCC  CompilerVersion: 8.4.0
ProgramName: mri_relabel_nonwm_hypos  ProgramArguments: mri_relabel_nonwm_hypos -all-info  ProgramVersion: 7.3.2  TimeStamp: 2026/03/10-06:07:22-GMT  BuildTime: Aug  4 2022 06:17:15  BuildStamp: freesurfer-linux-ubuntu22_x86_64-7.3.2-20220804-6354275  User: oesteban  Machine: dna079  Platform: Linux  PlatformVersion: 5.14.0-427.37.1.el9_4.x86_64  CompilerName: GCC  CompilerVersion: 8.4.0
ProgramName: mri_remove_neck  ProgramArguments: mri_remove_neck -all-info  ProgramVersion: 7.3.2  TimeStamp: 2026/03/10-06:07:22-GMT  BuildTime: Aug  4 2022 06:17:15  BuildStamp: freesurfer-linux-ubuntu22_x86_64-7.3.2-20220804-6354275  User: oesteban  Machine: dna079  Platform: Linux  PlatformVersion: 5.14.0-427.37.1.el9_4.x86_64  CompilerName: GCC  CompilerVersion: 8.4.0
7.3.2

ProgramName: mri_robust_register  ProgramArguments: mri_robust_register -all-info  ProgramVersion: 7.3.2  TimeStamp: 2026/03/10-06:07:22-GMT  BuildTime: Aug  4 2022 06:17:15  BuildStamp: freesurfer-linux-ubuntu22_x86_64-7.3.2-20220804-6354275  User: oesteban  Machine: dna079  Platform: Linux  PlatformVersion: 5.14.0-427.37.1.el9_4.x86_64  CompilerName: GCC  CompilerVersion: 8.4.0
7.3.2

ProgramName: mri_robust_template  ProgramArguments: mri_robust_template -all-info  ProgramVersion: 7.3.2  TimeStamp: 2026/03/10-06:07:22-GMT  BuildTime: Aug  4 2022 06:17:15  BuildStamp: freesurfer-linux-ubuntu22_x86_64-7.3.2-20220804-6354275  User: oesteban  Machine: dna079  Platform: Linux  PlatformVersion: 5.14.0-427.37.1.el9_4.x86_64  CompilerName: GCC  CompilerVersion: 8.4.0
ProgramName: mris_anatomical_stats  ProgramArguments: mris_anatomical_stats -all-info  ProgramVersion: 7.3.2  TimeStamp: 2026/03/10-06:07:22-GMT  BuildTime: Aug  4 2022 06:17:15  BuildStamp: freesurfer-linux-ubuntu22_x86_64-7.3.2-20220804-6354275  User: oesteban  Machine: dna079  Platform: Linux  PlatformVersion: 5.14.0-427.37.1.el9_4.x86_64  CompilerName: GCC  CompilerVersion: 8.4.0
ProgramName: mris_ca_label  ProgramArguments: mris_ca_label -all-info  ProgramVersion: 7.3.2  TimeStamp: 2026/03/10-06:07:22-GMT  BuildTime: Aug  4 2022 06:17:15  BuildStamp: freesurfer-linux-ubuntu22_x86_64-7.3.2-20220804-6354275  User: oesteban  Machine: dna079  Platform: Linux  PlatformVersion: 5.14.0-427.37.1.el9_4.x86_64  CompilerName: GCC  CompilerVersion: 8.4.0
ProgramName: mris_calc  ProgramArguments: mris_calc -all-info  ProgramVersion: 7.3.2  TimeStamp: 2026/03/10-06:07:22-GMT  BuildTime: Aug  4 2022 06:17:15  BuildStamp: freesurfer-linux-ubuntu22_x86_64-7.3.2-20220804-6354275  User: oesteban  Machine: dna079  Platform: Linux  PlatformVersion: 5.14.0-427.37.1.el9_4.x86_64  CompilerName: GCC  CompilerVersion: 8.4.0
ProgramName: mris_convert  ProgramArguments: mris_convert -all-info  ProgramVersion: 7.3.2  TimeStamp: 2026/03/10-06:07:22-GMT  BuildTime: Aug  4 2022 06:17:15  BuildStamp: freesurfer-linux-ubuntu22_x86_64-7.3.2-20220804-6354275  User: oesteban  Machine: dna079  Platform: Linux  PlatformVersion: 5.14.0-427.37.1.el9_4.x86_64  CompilerName: GCC  CompilerVersion: 8.4.0
ProgramName: mris_curvature  ProgramArguments: mris_curvature -all-info  ProgramVersion: 7.3.2  TimeStamp: 2026/03/10-06:07:22-GMT  BuildTime: Aug  4 2022 06:17:15  BuildStamp: freesurfer-linux-ubuntu22_x86_64-7.3.2-20220804-6354275  User: oesteban  Machine: dna079  Platform: Linux  PlatformVersion: 5.14.0-427.37.1.el9_4.x86_64  CompilerName: GCC  CompilerVersion: 8.4.0
ProgramName: mris_curvature_stats  ProgramArguments: mris_curvature_stats -all-info  ProgramVersion: 7.3.2  TimeStamp: 2026/03/10-06:07:22-GMT  BuildTime: Aug  4 2022 06:17:15  BuildStamp: freesurfer-linux-ubuntu22_x86_64-7.3.2-20220804-6354275  User: oesteban  Machine: dna079  Platform: Linux  PlatformVersion: 5.14.0-427.37.1.el9_4.x86_64  CompilerName: GCC  CompilerVersion: 8.4.0
ProgramName: mris_diff  ProgramArguments: mris_diff -all-info  ProgramVersion: 7.3.2  TimeStamp: 2026/03/10-06:07:22-GMT  BuildTime: Aug  4 2022 06:17:15  BuildStamp: freesurfer-linux-ubuntu22_x86_64-7.3.2-20220804-6354275  User: oesteban  Machine: dna079  Platform: Linux  PlatformVersion: 5.14.0-427.37.1.el9_4.x86_64  CompilerName: GCC  CompilerVersion: 8.4.0
ProgramName: mris_divide_parcellation  ProgramArguments: mris_divide_parcellation -all-info  ProgramVersion: 7.3.2  TimeStamp: 2026/03/10-06:07:22-GMT  BuildTime: Aug  4 2022 06:17:15  BuildStamp: freesurfer-linux-ubuntu22_x86_64-7.3.2-20220804-6354275  User: oesteban  Machine: dna079  Platform: Linux  PlatformVersion: 5.14.0-427.37.1.el9_4.x86_64  CompilerName: GCC  CompilerVersion: 8.4.0
ProgramName: mri_segment  ProgramArguments: mri_segment -all-info  ProgramVersion: 7.3.2  TimeStamp: 2026/03/10-06:07:22-GMT  BuildTime: Aug  4 2022 06:17:15  BuildStamp: freesurfer-linux-ubuntu22_x86_64-7.3.2-20220804-6354275  User: oesteban  Machine: dna079  Platform: Linux  PlatformVersion: 5.14.0-427.37.1.el9_4.x86_64  CompilerName: GCC  CompilerVersion: 8.4.0
ProgramName: mri_segstats  ProgramArguments: mri_segstats -all-info  ProgramVersion: 7.3.2  TimeStamp: 2026/03/10-06:07:22-GMT  BuildTime: Aug  4 2022 06:17:15  BuildStamp: freesurfer-linux-ubuntu22_x86_64-7.3.2-20220804-6354275  User: oesteban  Machine: dna079  Platform: Linux  PlatformVersion: 5.14.0-427.37.1.el9_4.x86_64  CompilerName: GCC  CompilerVersion: 8.4.0
ProgramName: mris_euler_number  ProgramArguments: mris_euler_number -all-info  ProgramVersion: 7.3.2  TimeStamp: 2026/03/10-06:07:22-GMT  BuildTime: Aug  4 2022 06:17:15  BuildStamp: freesurfer-linux-ubuntu22_x86_64-7.3.2-20220804-6354275  User: oesteban  Machine: dna079  Platform: Linux  PlatformVersion: 5.14.0-427.37.1.el9_4.x86_64  CompilerName: GCC  CompilerVersion: 8.4.0
ProgramName: mris_fix_topology  ProgramArguments: mris_fix_topology -all-info  ProgramVersion: 7.3.2  TimeStamp: 2026/03/10-06:07:22-GMT  BuildTime: Aug  4 2022 06:17:15  BuildStamp: freesurfer-linux-ubuntu22_x86_64-7.3.2-20220804-6354275  User: oesteban  Machine: dna079  Platform: Linux  PlatformVersion: 5.14.0-427.37.1.el9_4.x86_64  CompilerName: GCC  CompilerVersion: 8.4.0
ProgramName: mris_topo_fixer  ProgramArguments: mris_topo_fixer -all-info  ProgramVersion: 7.3.2  TimeStamp: 2026/03/10-06:07:22-GMT  BuildTime: Aug  4 2022 06:17:15  BuildStamp: freesurfer-linux-ubuntu22_x86_64-7.3.2-20220804-6354275  User: oesteban  Machine: dna079  Platform: Linux  PlatformVersion: 5.14.0-427.37.1.el9_4.x86_64  CompilerName: GCC  CompilerVersion: 8.4.0
ProgramName: mris_jacobian  ProgramArguments: mris_jacobian -all-info  ProgramVersion: 7.3.2  TimeStamp: 2026/03/10-06:07:22-GMT  BuildTime: Aug  4 2022 06:17:15  BuildStamp: freesurfer-linux-ubuntu22_x86_64-7.3.2-20220804-6354275  User: oesteban  Machine: dna079  Platform: Linux  PlatformVersion: 5.14.0-427.37.1.el9_4.x86_64  CompilerName: GCC  CompilerVersion: 8.4.0
ProgramName: mris_label2annot  ProgramArguments: mris_label2annot -all-info  ProgramVersion: 7.3.2  TimeStamp: 2026/03/10-06:07:22-GMT  BuildTime: Aug  4 2022 06:17:15  BuildStamp: freesurfer-linux-ubuntu22_x86_64-7.3.2-20220804-6354275  User: oesteban  Machine: dna079  Platform: Linux  PlatformVersion: 5.14.0-427.37.1.el9_4.x86_64  CompilerName: GCC  CompilerVersion: 8.4.0
ProgramName: mris_left_right_register  ProgramArguments: mris_left_right_register -all-info  ProgramVersion: 7.3.2  TimeStamp: 2026/03/10-06:07:22-GMT  BuildTime: Aug  4 2022 06:17:15  BuildStamp: freesurfer-linux-ubuntu22_x86_64-7.3.2-20220804-6354275  User: oesteban  Machine: dna079  Platform: Linux  PlatformVersion: 5.14.0-427.37.1.el9_4.x86_64  CompilerName: GCC  CompilerVersion: 8.4.0
ProgramName: mris_place_surface  ProgramArguments: mris_place_surface -all-info  ProgramVersion: 7.3.2  TimeStamp: 2026/03/10-06:07:22-GMT  BuildTime: Aug  4 2022 06:17:15  BuildStamp: freesurfer-linux-ubuntu22_x86_64-7.3.2-20220804-6354275  User: oesteban  Machine: dna079  Platform: Linux  PlatformVersion: 5.14.0-427.37.1.el9_4.x86_64  CompilerName: GCC  CompilerVersion: 8.4.0
ProgramName: mrisp_paint  ProgramArguments: mrisp_paint -all-info  ProgramVersion: 7.3.2  TimeStamp: 2026/03/10-06:07:22-GMT  BuildTime: Aug  4 2022 06:17:15  BuildStamp: freesurfer-linux-ubuntu22_x86_64-7.3.2-20220804-6354275  User: oesteban  Machine: dna079  Platform: Linux  PlatformVersion: 5.14.0-427.37.1.el9_4.x86_64  CompilerName: GCC  CompilerVersion: 8.4.0
ProgramName: mris_register  ProgramArguments: mris_register -all-info  ProgramVersion: 7.3.2  TimeStamp: 2026/03/10-06:07:22-GMT  BuildTime: Aug  4 2022 06:17:15  BuildStamp: freesurfer-linux-ubuntu22_x86_64-7.3.2-20220804-6354275  User: oesteban  Machine: dna079  Platform: Linux  PlatformVersion: 5.14.0-427.37.1.el9_4.x86_64  CompilerName: GCC  CompilerVersion: 8.4.0
ProgramName: mris_smooth  ProgramArguments: mris_smooth -all-info  ProgramVersion: 7.3.2  TimeStamp: 2026/03/10-06:07:22-GMT  BuildTime: Aug  4 2022 06:17:15  BuildStamp: freesurfer-linux-ubuntu22_x86_64-7.3.2-20220804-6354275  User: oesteban  Machine: dna079  Platform: Linux  PlatformVersion: 5.14.0-427.37.1.el9_4.x86_64  CompilerName: GCC  CompilerVersion: 8.4.0
ProgramName: mris_sphere  ProgramArguments: mris_sphere -all-info  ProgramVersion: 7.3.2  TimeStamp: 2026/03/10-06:07:22-GMT  BuildTime: Aug  4 2022 06:17:15  BuildStamp: freesurfer-linux-ubuntu22_x86_64-7.3.2-20220804-6354275  User: oesteban  Machine: dna079  Platform: Linux  PlatformVersion: 5.14.0-427.37.1.el9_4.x86_64  CompilerName: GCC  CompilerVersion: 8.4.0
ProgramName: mris_surface_stats  ProgramArguments: mris_surface_stats -all-info  ProgramVersion: 7.3.2  TimeStamp: 2026/03/10-06:07:22-GMT  BuildTime: Aug  4 2022 06:17:15  BuildStamp: freesurfer-linux-ubuntu22_x86_64-7.3.2-20220804-6354275  User: oesteban  Machine: dna079  Platform: Linux  PlatformVersion: 5.14.0-427.37.1.el9_4.x86_64  CompilerName: GCC  CompilerVersion: 8.4.0
ProgramName: mri_stats2seg  ProgramArguments: mri_stats2seg -all-info  ProgramVersion: 7.3.2  TimeStamp: 2026/03/10-06:07:22-GMT  BuildTime: Aug  4 2022 06:17:15  BuildStamp: freesurfer-linux-ubuntu22_x86_64-7.3.2-20220804-6354275  User: oesteban  Machine: dna079  Platform: Linux  PlatformVersion: 5.14.0-427.37.1.el9_4.x86_64  CompilerName: GCC  CompilerVersion: 8.4.0
ProgramName: mris_thickness  ProgramArguments: mris_thickness -all-info  ProgramVersion: 7.3.2  TimeStamp: 2026/03/10-06:07:22-GMT  BuildTime: Aug  4 2022 06:17:15  BuildStamp: freesurfer-linux-ubuntu22_x86_64-7.3.2-20220804-6354275  User: oesteban  Machine: dna079  Platform: Linux  PlatformVersion: 5.14.0-427.37.1.el9_4.x86_64  CompilerName: GCC  CompilerVersion: 8.4.0
ProgramName: mris_thickness_diff  ProgramArguments: mris_thickness_diff -all-info  ProgramVersion: 7.3.2  TimeStamp: 2026/03/10-06:07:22-GMT  BuildTime: Aug  4 2022 06:17:15  BuildStamp: freesurfer-linux-ubuntu22_x86_64-7.3.2-20220804-6354275  User: oesteban  Machine: dna079  Platform: Linux  PlatformVersion: 5.14.0-427.37.1.el9_4.x86_64  CompilerName: GCC  CompilerVersion: 8.4.0
ProgramName: mris_topo_fixer  ProgramArguments: mris_topo_fixer -all-info  ProgramVersion: 7.3.2  TimeStamp: 2026/03/10-06:07:22-GMT  BuildTime: Aug  4 2022 06:17:15  BuildStamp: freesurfer-linux-ubuntu22_x86_64-7.3.2-20220804-6354275  User: oesteban  Machine: dna079  Platform: Linux  PlatformVersion: 5.14.0-427.37.1.el9_4.x86_64  CompilerName: GCC  CompilerVersion: 8.4.0
ProgramName: mri_surf2surf  ProgramArguments: mri_surf2surf -all-info  ProgramVersion: 7.3.2  TimeStamp: 2026/03/10-06:07:22-GMT  BuildTime: Aug  4 2022 06:17:15  BuildStamp: freesurfer-linux-ubuntu22_x86_64-7.3.2-20220804-6354275  User: oesteban  Machine: dna079  Platform: Linux  PlatformVersion: 5.14.0-427.37.1.el9_4.x86_64  CompilerName: GCC  CompilerVersion: 8.4.0
ProgramName: mri_surf2vol  ProgramArguments: mri_surf2vol -all-info  ProgramVersion: 7.3.2  TimeStamp: 2026/03/10-06:07:22-GMT  BuildTime: Aug  4 2022 06:17:15  BuildStamp: freesurfer-linux-ubuntu22_x86_64-7.3.2-20220804-6354275  User: oesteban  Machine: dna079  Platform: Linux  PlatformVersion: 5.14.0-427.37.1.el9_4.x86_64  CompilerName: GCC  CompilerVersion: 8.4.0
ProgramName: mri_surfcluster  ProgramArguments: mri_surfcluster -all-info  ProgramVersion: 7.3.2  TimeStamp: 2026/03/10-06:07:22-GMT  BuildTime: Aug  4 2022 06:17:15  BuildStamp: freesurfer-linux-ubuntu22_x86_64-7.3.2-20220804-6354275  User: oesteban  Machine: dna079  Platform: Linux  PlatformVersion: 5.14.0-427.37.1.el9_4.x86_64  CompilerName: GCC  CompilerVersion: 8.4.0
ProgramName: mris_volmask  ProgramArguments: mris_volmask -all-info  ProgramVersion: 7.3.2  TimeStamp: 2026/03/10-06:07:22-GMT  BuildTime: Aug  4 2022 06:17:15  BuildStamp: freesurfer-linux-ubuntu22_x86_64-7.3.2-20220804-6354275  User: oesteban  Machine: dna079  Platform: Linux  PlatformVersion: 5.14.0-427.37.1.el9_4.x86_64  CompilerName: GCC  CompilerVersion: 8.4.0
ProgramName: mri_tessellate  ProgramArguments: mri_tessellate -all-info  ProgramVersion: 7.3.2  TimeStamp: 2026/03/10-06:07:22-GMT  BuildTime: Aug  4 2022 06:17:15  BuildStamp: freesurfer-linux-ubuntu22_x86_64-7.3.2-20220804-6354275  User: oesteban  Machine: dna079  Platform: Linux  PlatformVersion: 5.14.0-427.37.1.el9_4.x86_64  CompilerName: GCC  CompilerVersion: 8.4.0
ProgramName: mri_vol2surf  ProgramArguments: mri_vol2surf -all-info  ProgramVersion: 7.3.2  TimeStamp: 2026/03/10-06:07:22-GMT  BuildTime: Aug  4 2022 06:17:15  BuildStamp: freesurfer-linux-ubuntu22_x86_64-7.3.2-20220804-6354275  User: oesteban  Machine: dna079  Platform: Linux  PlatformVersion: 5.14.0-427.37.1.el9_4.x86_64  CompilerName: GCC  CompilerVersion: 8.4.0
ProgramName: mri_vol2vol  ProgramArguments: mri_vol2vol -all-info  ProgramVersion: 7.3.2  TimeStamp: 2026/03/10-06:07:22-GMT  BuildTime: Aug  4 2022 06:17:15  BuildStamp: freesurfer-linux-ubuntu22_x86_64-7.3.2-20220804-6354275  User: oesteban  Machine: dna079  Platform: Linux  PlatformVersion: 5.14.0-427.37.1.el9_4.x86_64  CompilerName: GCC  CompilerVersion: 8.4.0
ProgramName: mri_voldiff  ProgramArguments: mri_voldiff -all-info  ProgramVersion: 7.3.2  TimeStamp: 2026/03/10-06:07:22-GMT  BuildTime: Aug  4 2022 06:17:15  BuildStamp: freesurfer-linux-ubuntu22_x86_64-7.3.2-20220804-6354275  User: oesteban  Machine: dna079  Platform: Linux  PlatformVersion: 5.14.0-427.37.1.el9_4.x86_64  CompilerName: GCC  CompilerVersion: 8.4.0
ProgramName: mri_watershed  ProgramArguments: mri_watershed -all-info  ProgramVersion: 7.3.2  TimeStamp: 2026/03/10-06:07:22-GMT  BuildTime: Aug  4 2022 06:17:15  BuildStamp: freesurfer-linux-ubuntu22_x86_64-7.3.2-20220804-6354275  User: oesteban  Machine: dna079  Platform: Linux  PlatformVersion: 5.14.0-427.37.1.el9_4.x86_64  CompilerName: GCC  CompilerVersion: 8.4.0
ProgramName: tkregister2  ProgramArguments: tkregister2_cmdl -all-info  ProgramVersion: 7.3.2  TimeStamp: 2026/03/10-06:07:22-GMT  BuildTime: Aug  4 2022 06:17:15  BuildStamp: freesurfer-linux-ubuntu22_x86_64-7.3.2-20220804-6354275  User: oesteban  Machine: dna079  Platform: Linux  PlatformVersion: 5.14.0-427.37.1.el9_4.x86_64  CompilerName: GCC  CompilerVersion: 8.4.0
mri_motion_correct.fsl 7.3.2
mri_convert -all-info 
ProgramName: mri_convert  ProgramArguments: mri_convert -all-info  ProgramVersion: 7.3.2  TimeStamp: 2026/03/10-06:07:22-GMT  BuildTime: Aug  4 2022 06:17:15  BuildStamp: freesurfer-linux-ubuntu22_x86_64-7.3.2-20220804-6354275  User: oesteban  Machine: dna079  Platform: Linux  PlatformVersion: 5.14.0-427.37.1.el9_4.x86_64  CompilerName: GCC  CompilerVersion: 8.4.0
Program nu_correct, built from:
Package MNI N3, version 1.12.0, compiled by nicks@terrier (x86_64-unknown-linux-gnu) on 2015-06-19 at 01:25:34
#######################################
GCADIR /opt/freesurfer/average
GCA RB_all_2020-01-02.gca
GCASkull RB_all_withskull_2020_01_02.gca
AvgCurvTif folding.atlas.acfb40.noaparc.i12.2016-08-02.tif
GCSDIR /opt/freesurfer/average
GCS DKaparc.atlas.acfb40.noaparc.i12.2016-08-02.gcs
#######################################
#--------------------------------------
#@# CA Normalize Tue Mar 10 07:07:22 CET 2026
/out/sourcedata/freesurfer/sub-v1s8x0051343_ses-1/mri

 mri_ca_normalize -c ctrl_pts.mgz -mask brainmask.mgz nu.mgz /opt/freesurfer/average/RB_all_2020-01-02.gca transforms/talairach.lta norm.mgz 

writing control point volume to ctrl_pts.mgz
using MR volume brainmask.mgz to mask input volume...
reading 1 input volume
reading atlas from '/opt/freesurfer/average/RB_all_2020-01-02.gca'...
reading transform from 'transforms/talairach.lta'...
reading input volume from nu.mgz...
resetting wm mean[0]: 98 --> 107
resetting gm mean[0]: 61 --> 61
input volume #1 is the most T1-like
using real data threshold=28.0
skull bounding box = (60, 28, 27) --> (193, 158, 199)
finding center of left hemi white matter
using (104, 71, 113) as brain centroid of Right_Cerebral_White_Matter...
mean wm in atlas = 107, using box (88,55,92) --> (120, 86,134) to find MRI wm
before smoothing, mri peak at 106
robust fit to distribution - 106 +- 4.0
after smoothing, mri peak at 106, scaling input intensities by 1.009
scaling channel 0 by 1.00943
using 246437 sample points...
INFO: compute sample coordinates transform
 1.04773  -0.03146  -0.05395   0.10772;
 0.03832   1.05098   0.21378  -1.11576;
 0.04322  -0.23549   0.97265   19.13567;
 0.00000   0.00000   0.00000   1.00000;
INFO: transform used
finding control points in Left_Cerebral_White_Matter....
found 40230 control points for structure...
bounding box (125, 26, 28) --> (192, 133, 193)
Left_Cerebral_White_Matter: limiting intensities to 94.0 --> 132.0
1 of 5779 (0.0%) samples deleted
finding control points in Right_Cerebral_White_Matter....
found 39478 control points for structure...
bounding box (66, 28, 28) --> (131, 134, 195)
Right_Cerebral_White_Matter: limiting intensities to 94.0 --> 132.0
11 of 5663 (0.2%) samples deleted
finding control points in Left_Cerebellum_White_Matter....
found 3105 control points for structure...
bounding box (129, 108, 56) --> (177, 151, 110)
Left_Cerebellum_White_Matter: limiting intensities to 98.0 --> 132.0
0 of 151 (0.0%) samples deleted
finding control points in Right_Cerebellum_White_Matter....
found 2710 control points for structure...
bounding box (87, 108, 55) --> (128, 150, 113)
Right_Cerebellum_White_Matter: limiting intensities to 104.0 --> 132.0
7 of 75 (9.3%) samples deleted
finding control points in Brain_Stem....
found 3475 control points for structure...
bounding box (114, 99, 93) --> (147, 163, 123)
Brain_Stem: limiting intensities to 91.0 --> 132.0
0 of 308 (0.0%) samples deleted
using 11976 total control points for intensity normalization...
bias field = 0.966 +- 0.056
126 of 11957 control points discarded
finding control points in Left_Cerebral_White_Matter....
found 40230 control points for structure...
bounding box (125, 26, 28) --> (192, 133, 193)
Left_Cerebral_White_Matter: limiting intensities to 91.0 --> 132.0
2 of 6237 (0.0%) samples deleted
finding control points in Right_Cerebral_White_Matter....
found 39478 control points for structure...
bounding box (66, 28, 28) --> (131, 134, 195)
Right_Cerebral_White_Matter: limiting intensities to 89.0 --> 132.0
9 of 6088 (0.1%) samples deleted
finding control points in Left_Cerebellum_White_Matter....
found 3105 control points for structure...
bounding box (129, 108, 56) --> (177, 151, 110)
Left_Cerebellum_White_Matter: limiting intensities to 88.0 --> 132.0
0 of 242 (0.0%) samples deleted
finding control points in Right_Cerebellum_White_Matter....
found 2710 control points for structure...
bounding box (87, 108, 55) --> (128, 150, 113)
Right_Cerebellum_White_Matter: limiting intensities to 88.0 --> 132.0
11 of 164 (6.7%) samples deleted
finding control points in Brain_Stem....
found 3475 control points for structure...
bounding box (114, 99, 93) --> (147, 163, 123)
Brain_Stem: limiting intensities to 88.0 --> 132.0
33 of 441 (7.5%) samples deleted
using 13172 total control points for intensity normalization...
bias field = 1.010 +- 0.049
60 of 13022 control points discarded
finding control points in Left_Cerebral_White_Matter....
found 40230 control points for structure...
bounding box (125, 26, 28) --> (192, 133, 193)
Left_Cerebral_White_Matter: limiting intensities to 91.0 --> 132.0
4 of 6188 (0.1%) samples deleted
finding control points in Right_Cerebral_White_Matter....
found 39478 control points for structure...
bounding box (66, 28, 28) --> (131, 134, 195)
Right_Cerebral_White_Matter: limiting intensities to 89.0 --> 132.0
18 of 6013 (0.3%) samples deleted
finding control points in Left_Cerebellum_White_Matter....
found 3105 control points for structure...
bounding box (129, 108, 56) --> (177, 151, 110)
Left_Cerebellum_White_Matter: limiting intensities to 88.0 --> 132.0
40 of 276 (14.5%) samples deleted
finding control points in Right_Cerebellum_White_Matter....
found 2710 control points for structure...
bounding box (87, 108, 55) --> (128, 150, 113)
Right_Cerebellum_White_Matter: limiting intensities to 88.0 --> 132.0
75 of 217 (34.6%) samples deleted
finding control points in Brain_Stem....
found 3475 control points for structure...
bounding box (114, 99, 93) --> (147, 163, 123)
Brain_Stem: limiting intensities to 88.0 --> 132.0
239 of 488 (49.0%) samples deleted
using 13182 total control points for intensity normalization...
bias field = 1.007 +- 0.040
30 of 12648 control points discarded
writing normalized volume to norm.mgz...
writing control points to ctrl_pts.mgz
freeing GCA...done.
normalization took 0 minutes and 55 seconds.
#--------------------------------------
#@# CA Reg Tue Mar 10 07:08:18 CET 2026
/out/sourcedata/freesurfer/sub-v1s8x0051343_ses-1/mri

 mri_ca_register -nobigventricles -T transforms/talairach.lta -align-after -mask brainmask.mgz norm.mgz /opt/freesurfer/average/RB_all_2020-01-02.gca transforms/talairach.m3z 

not handling expanded ventricles...
using previously computed transform transforms/talairach.lta
renormalizing sequences with structure alignment, equivalent to:
	-renormalize
	-regularize_mean 0.500
	-regularize 0.500
using MR volume brainmask.mgz to mask input volume...

== Number of threads available to mri_ca_register for OpenMP = 16 == 
reading 1 input volumes...
logging results to talairach.log
reading input volume 'norm.mgz'...
reading GCA '/opt/freesurfer/average/RB_all_2020-01-02.gca'...
label assignment complete, 0 changed (0.00%)
freeing gibbs priors...done.
average std[0] = 5.0
Starting GCAMregister()
label assignment complete, 0 changed (0.00%)
npasses = 1, nlevels = 6
#pass# 1 of 1 ************************
enabling zero nodes
setting smoothness cost coefficient to 0.156

#GCAMreg# pass 0 level1 5 level2 0 tsec 0 sigma 2
l_jacobian=1.00 l_label=1.00 l_log_likelihood=0.20 l_smoothness=0.16 
tol=2.50e-01, dt=5.00e-02, exp_k=20.0, momentum=0.90, levels=6, niter=500, lbl_dist=10.00, avgs=256, sigma=2.0,type=2, relabel=0, neg=no

blurring input image with Gaussian with sigma=2.000...
GCAMRegisterLevel(): init RMS 0.834149
#FOTS# QuadFit found better minimum quadopt=(dt=205.8,rms=0.746732) vs oldopt=(dt=92.48,rms=0.770348)
#GCMRL#    0 dt 205.799837 rms  0.747 10.480% neg 0  invalid 762 tFOTS 4.7800 tGradient 2.3860 tsec 7.5200
#FOTS# QuadFit found better minimum quadopt=(dt=135.497,rms=0.723785) vs oldopt=(dt=92.48,rms=0.726368)
#GCMRL#    1 dt 135.497143 rms  0.724  3.073% neg 0  invalid 762 tFOTS 4.8590 tGradient 2.5400 tsec 7.7640
#FOTS# QuadFit found better minimum quadopt=(dt=295.936,rms=0.713766) vs oldopt=(dt=369.92,rms=0.714916)
#GCMRL#    2 dt 295.936000 rms  0.714  1.384% neg 0  invalid 762 tFOTS 4.6450 tGradient 2.7570 tsec 7.7310
#FOTS# QuadFit found better minimum quadopt=(dt=110.976,rms=0.70845) vs oldopt=(dt=92.48,rms=0.708633)
#GCMRL#    3 dt 110.976000 rms  0.708  0.745% neg 0  invalid 762 tFOTS 4.4110 tGradient 2.4930 tsec 7.2340
#FOTS# QuadFit found better minimum quadopt=(dt=443.904,rms=0.704315) vs oldopt=(dt=369.92,rms=0.704456)
#GCMRL#    4 dt 443.904000 rms  0.704  0.584% neg 0  invalid 762 tFOTS 4.5000 tGradient 2.4440 tsec 7.2860
#FOTS# QuadFit found better minimum quadopt=(dt=129.472,rms=0.701718) vs oldopt=(dt=92.48,rms=0.701935)
#GCMRL#    5 dt 129.472000 rms  0.702  0.369% neg 0  invalid 762 tFOTS 4.6090 tGradient 2.4450 tsec 7.4000
#FOTS# QuadFit found better minimum quadopt=(dt=129.472,rms=0.700715) vs oldopt=(dt=92.48,rms=0.700936)
#GCMRL#    6 dt 129.472000 rms  0.701  0.000% neg 0  invalid 762 tFOTS 4.4090 tGradient 2.6980 tsec 7.4810
#GCMRL#    7 dt 129.472000 rms  0.700  0.147% neg 0  invalid 762 tFOTS 0.0000 tGradient 2.4260 tsec 2.7170
#GCMRL#    8 dt 129.472000 rms  0.698  0.210% neg 0  invalid 762 tFOTS 0.0000 tGradient 2.4570 tsec 2.7130
#GCMRL#    9 dt 129.472000 rms  0.696  0.250% neg 0  invalid 762 tFOTS 0.0000 tGradient 2.3450 tsec 2.6220
#GCMRL#   10 dt 129.472000 rms  0.695  0.275% neg 0  invalid 762 tFOTS 0.0000 tGradient 2.4510 tsec 2.7080
#GCMRL#   11 dt 129.472000 rms  0.692  0.295% neg 0  invalid 762 tFOTS 0.0000 tGradient 2.2080 tsec 2.4890
#GCMRL#   12 dt 129.472000 rms  0.691  0.285% neg 0  invalid 762 tFOTS 0.0000 tGradient 2.3180 tsec 2.6360
#GCMRL#   13 dt 129.472000 rms  0.689  0.215% neg 0  invalid 762 tFOTS 0.0000 tGradient 2.4500 tsec 2.7710
#GCMRL#   14 dt 129.472000 rms  0.688  0.170% neg 0  invalid 762 tFOTS 0.0000 tGradient 2.4060 tsec 2.6910
#GCMRL#   15 dt 129.472000 rms  0.687  0.138% neg 0  invalid 762 tFOTS 0.0000 tGradient 2.4160 tsec 2.6760
#GCMRL#   16 dt 129.472000 rms  0.686  0.136% neg 0  invalid 762 tFOTS 0.0000 tGradient 2.3710 tsec 2.6480
#GCMRL#   17 dt 129.472000 rms  0.685  0.141% neg 0  invalid 762 tFOTS 0.0000 tGradient 2.4450 tsec 2.7000
#GCMRL#   18 dt 129.472000 rms  0.684  0.135% neg 0  invalid 762 tFOTS 0.0000 tGradient 2.3100 tsec 2.6290
#GCMRL#   19 dt 129.472000 rms  0.683  0.119% neg 0  invalid 762 tFOTS 0.0000 tGradient 2.7200 tsec 3.0370
#GCMRL#   20 dt 129.472000 rms  0.683  0.084% neg 0  invalid 762 tFOTS 0.0000 tGradient 2.3970 tsec 2.7450
#FOTS# QuadFit found better minimum quadopt=(dt=517.888,rms=0.682052) vs oldopt=(dt=369.92,rms=0.682162)
#GCMRL#   21 dt 517.888000 rms  0.682  0.095% neg 0  invalid 762 tFOTS 4.9510 tGradient 2.5150 tsec 7.7910
#GCMRL#   22 dt  92.480000 rms  0.682  0.000% neg 0  invalid 762 tFOTS 4.9300 tGradient 2.3650 tsec 7.6620
#GCMRL#   23 dt  92.480000 rms  0.682  0.021% neg 0  invalid 762 tFOTS 0.0000 tGradient 2.4660 tsec 2.7420
#GCMRL#   24 dt  92.480000 rms  0.682  0.029% neg 0  invalid 762 tFOTS 0.0000 tGradient 2.4130 tsec 2.7110
#GCMRL#   25 dt  92.480000 rms  0.681  0.028% neg 0  invalid 762 tFOTS 0.0000 tGradient 2.4990 tsec 2.8230
#GCMRL#   26 dt  92.480000 rms  0.681  0.035% neg 0  invalid 762 tFOTS 0.0000 tGradient 2.5910 tsec 2.9170
#GCMRL#   27 dt  92.480000 rms  0.681  0.039% neg 0  invalid 762 tFOTS 0.0000 tGradient 2.4100 tsec 2.6890
#GCMRL#   28 dt  92.480000 rms  0.680  0.050% neg 0  invalid 762 tFOTS 0.0000 tGradient 2.5480 tsec 2.8520
#GCMRL#   29 dt  92.480000 rms  0.680  0.055% neg 0  invalid 762 tFOTS 0.0000 tGradient 2.3630 tsec 2.6410

#GCAMreg# pass 0 level1 5 level2 1 tsec 136.402 sigma 0.5
l_jacobian=1.00 l_label=1.00 l_log_likelihood=0.20 l_smoothness=0.16 
tol=2.50e-01, dt=5.00e-02, exp_k=20.0, momentum=0.90, levels=6, niter=500, lbl_dist=10.00, avgs=256, sigma=0.5,type=2, relabel=0, neg=no

blurring input image with Gaussian with sigma=0.500...
GCAMRegisterLevel(): init RMS 0.680137
#FOTS# QuadFit found better minimum quadopt=(dt=295.936,rms=0.676191) vs oldopt=(dt=369.92,rms=0.676233)
#GCMRL#   31 dt 295.936000 rms  0.676  0.580% neg 0  invalid 762 tFOTS 4.5330 tGradient 2.5010 tsec 7.3550
#FOTS# QuadFit found better minimum quadopt=(dt=73.984,rms=0.676026) vs oldopt=(dt=92.48,rms=0.676047)
#GCMRL#   32 dt  73.984000 rms  0.676  0.000% neg 0  invalid 762 tFOTS 4.2890 tGradient 2.4250 tsec 7.0680
setting smoothness cost coefficient to 0.615

#GCAMreg# pass 0 level1 4 level2 0 tsec 0 sigma 2
l_jacobian=1.00 l_label=1.00 l_log_likelihood=0.20 l_smoothness=0.62 
tol=2.50e-01, dt=5.00e-02, exp_k=20.0, momentum=0.90, levels=6, niter=500, lbl_dist=10.00, avgs=64, sigma=2.0,type=2, relabel=0, neg=no

blurring input image with Gaussian with sigma=2.000...
GCAMRegisterLevel(): init RMS 0.689926
#FOTS# QuadFit found better minimum quadopt=(dt=77.7143,rms=0.686577) vs oldopt=(dt=25.92,rms=0.687372)
#GCMRL#   34 dt  77.714286 rms  0.687  0.485% neg 0  invalid 762 tFOTS 4.6570 tGradient 1.8010 tsec 6.8090
#FOTS# QuadFit found better minimum quadopt=(dt=326.356,rms=0.669072) vs oldopt=(dt=414.72,rms=0.670319)
#GCMRL#   35 dt 326.356085 rms  0.669  2.550% neg 0  invalid 762 tFOTS 4.2230 tGradient 1.8940 tsec 6.4510
#FOTS# QuadFit found better minimum quadopt=(dt=24.6154,rms=0.667937) vs oldopt=(dt=25.92,rms=0.667943)
#GCMRL#   36 dt  24.615385 rms  0.668  0.000% neg 0  invalid 762 tFOTS 4.3740 tGradient 1.9720 tsec 6.7000

#GCAMreg# pass 0 level1 4 level2 1 tsec 30.571 sigma 0.5
l_jacobian=1.00 l_label=1.00 l_log_likelihood=0.20 l_smoothness=0.62 
tol=2.50e-01, dt=5.00e-02, exp_k=20.0, momentum=0.90, levels=6, niter=500, lbl_dist=10.00, avgs=64, sigma=0.5,type=2, relabel=0, neg=no

blurring input image with Gaussian with sigma=0.500...
GCAMRegisterLevel(): init RMS 0.668359
#FOTS# QuadFit found better minimum quadopt=(dt=62.208,rms=0.667198) vs oldopt=(dt=103.68,rms=0.66746)
#GCMRL#   38 dt  62.208000 rms  0.667  0.174% neg 0  invalid 762 tFOTS 4.5110 tGradient 1.7620 tsec 6.5930
#FOTS# QuadFit found better minimum quadopt=(dt=145.152,rms=0.665802) vs oldopt=(dt=103.68,rms=0.66607)
#GCMRL#   39 dt 145.152000 rms  0.666  0.209% neg 0  invalid 762 tFOTS 4.6200 tGradient 2.1990 tsec 7.1200
#GCMRL#   40 dt 414.720000 rms  0.664  0.240% neg 0  invalid 762 tFOTS 4.1160 tGradient 1.7740 tsec 6.1680
#FOTS# QuadFit found better minimum quadopt=(dt=70.7765,rms=0.663385) vs oldopt=(dt=103.68,rms=0.663546)
#GCMRL#   41 dt  70.776471 rms  0.663  0.000% neg 0  invalid 762 tFOTS 4.4600 tGradient 1.7960 tsec 6.5760
#GCMRL#   42 dt  70.776471 rms  0.663  0.074% neg 0  invalid 762 tFOTS 0.0000 tGradient 1.9840 tsec 2.2810
#GCMRL#   43 dt  70.776471 rms  0.662  0.120% neg 0  invalid 762 tFOTS 0.0000 tGradient 2.1350 tsec 2.4370
#GCMRL#   44 dt  70.776471 rms  0.661  0.154% neg 0  invalid 762 tFOTS 0.0000 tGradient 1.9440 tsec 2.2410
#GCMRL#   45 dt  70.776471 rms  0.660  0.149% neg 0  invalid 762 tFOTS 0.0000 tGradient 2.1070 tsec 2.4030
#GCMRL#   46 dt  70.776471 rms  0.659  0.166% neg 0  invalid 762 tFOTS 0.0000 tGradient 2.1400 tsec 2.4420
#GCMRL#   47 dt  70.776471 rms  0.658  0.173% neg 0  invalid 762 tFOTS 0.0000 tGradient 2.0710 tsec 2.3770
#GCMRL#   48 dt  70.776471 rms  0.657  0.169% neg 0  invalid 762 tFOTS 0.0000 tGradient 1.9860 tsec 2.2730
#GCMRL#   49 dt  70.776471 rms  0.656  0.145% neg 0  invalid 762 tFOTS 0.0000 tGradient 2.0250 tsec 2.3470
#GCMRL#   50 dt  70.776471 rms  0.655  0.126% neg 0  invalid 762 tFOTS 0.0000 tGradient 2.1710 tsec 2.4910
#GCMRL#   51 dt  70.776471 rms  0.654  0.115% neg 0  invalid 762 tFOTS 0.0000 tGradient 2.1220 tsec 2.3900
#GCMRL#   52 dt  70.776471 rms  0.653  0.132% neg 0  invalid 762 tFOTS 0.0000 tGradient 2.1060 tsec 2.4310
#GCMRL#   53 dt  70.776471 rms  0.653  0.119% neg 0  invalid 762 tFOTS 0.0000 tGradient 2.0420 tsec 2.3770
#GCMRL#   54 dt  70.776471 rms  0.652  0.093% neg 0  invalid 762 tFOTS 0.0000 tGradient 2.0980 tsec 2.4750
#GCMRL#   55 dt   0.025312 rms  0.652  0.000% neg 0  invalid 762 tFOTS 5.2240 tGradient 2.1200 tsec 7.6990
#GCMRL#   56 dt   0.025312 rms  0.652  0.000% neg 0  invalid 762 tFOTS 0.0000 tGradient 2.0170 tsec 2.3230
setting smoothness cost coefficient to 2.353

#GCAMreg# pass 0 level1 3 level2 0 tsec 0 sigma 2
l_jacobian=1.00 l_label=1.00 l_log_likelihood=0.20 l_smoothness=2.35 
tol=2.50e-01, dt=5.00e-02, exp_k=20.0, momentum=0.90, levels=6, niter=500, lbl_dist=10.00, avgs=16, sigma=2.0,type=2, relabel=0, neg=no

blurring input image with Gaussian with sigma=2.000...
GCAMRegisterLevel(): init RMS 0.676628
#GCMRL#   58 dt   0.000000 rms  0.676  0.068% neg 0  invalid 762 tFOTS 4.4220 tGradient 1.8980 tsec 6.6840

#GCAMreg# pass 0 level1 3 level2 1 tsec 21.956 sigma 0.5
l_jacobian=1.00 l_label=1.00 l_log_likelihood=0.20 l_smoothness=2.35 
tol=2.50e-01, dt=5.00e-02, exp_k=20.0, momentum=0.90, levels=6, niter=500, lbl_dist=10.00, avgs=16, sigma=0.5,type=2, relabel=0, neg=no

blurring input image with Gaussian with sigma=0.500...
GCAMRegisterLevel(): init RMS 0.676628
#GCMRL#   60 dt   0.000000 rms  0.676  0.068% neg 0  invalid 762 tFOTS 4.3890 tGradient 1.9720 tsec 6.7260
setting smoothness cost coefficient to 8.000

#GCAMreg# pass 0 level1 2 level2 0 tsec 0 sigma 2
l_jacobian=1.00 l_label=1.00 l_log_likelihood=0.20 l_smoothness=8.00 
tol=2.50e-01, dt=5.00e-02, exp_k=20.0, momentum=0.90, levels=6, niter=500, lbl_dist=10.00, avgs=4, sigma=2.0,type=2, relabel=0, neg=no

blurring input image with Gaussian with sigma=2.000...
GCAMRegisterLevel(): init RMS 0.749941
#FOTS# QuadFit found better minimum quadopt=(dt=2.304,rms=0.727797) vs oldopt=(dt=2.88,rms=0.729168)
#GCMRL#   62 dt   2.304000 rms  0.728  2.953% neg 0  invalid 762 tFOTS 4.8270 tGradient 1.8480 tsec 7.0320
#FOTS# QuadFit found better minimum quadopt=(dt=1.64516,rms=0.725259) vs oldopt=(dt=0.72,rms=0.726101)
#GCMRL#   63 dt   1.645161 rms  0.725  0.349% neg 0  invalid 762 tFOTS 4.8120 tGradient 1.8970 tsec 7.0700
#FOTS# QuadFit found better minimum quadopt=(dt=1.16667,rms=0.724818) vs oldopt=(dt=0.72,rms=0.724875)
#GCMRL#   64 dt   1.166667 rms  0.725  0.000% neg 0  invalid 762 tFOTS 4.7890 tGradient 1.7600 tsec 6.9330

#GCAMreg# pass 0 level1 2 level2 1 tsec 31.896 sigma 0.5
l_jacobian=1.00 l_label=1.00 l_log_likelihood=0.20 l_smoothness=8.00 
tol=2.50e-01, dt=5.00e-02, exp_k=20.0, momentum=0.90, levels=6, niter=500, lbl_dist=10.00, avgs=4, sigma=0.5,type=2, relabel=0, neg=no

blurring input image with Gaussian with sigma=0.500...
GCAMRegisterLevel(): init RMS 0.725206
#FOTS# QuadFit found better minimum quadopt=(dt=0.063,rms=0.7248) vs oldopt=(dt=0.045,rms=0.724801)
#GCMRL#   66 dt   0.063000 rms  0.725  0.056% neg 0  invalid 762 tFOTS 4.3430 tGradient 1.8540 tsec 6.5560
setting smoothness cost coefficient to 20.000

#GCAMreg# pass 0 level1 1 level2 0 tsec 0 sigma 2
l_jacobian=1.00 l_label=1.00 l_log_likelihood=0.20 l_smoothness=20.00 
tol=2.50e-01, dt=5.00e-02, exp_k=20.0, momentum=0.90, levels=6, niter=500, lbl_dist=10.00, avgs=1, sigma=2.0,type=2, relabel=0, neg=no

blurring input image with Gaussian with sigma=2.000...
GCAMRegisterLevel(): init RMS 0.778377
#FOTS# QuadFit found better minimum quadopt=(dt=0.448,rms=0.775847) vs oldopt=(dt=0.32,rms=0.776046)
#GCMRL#   68 dt   0.448000 rms  0.776  0.325% neg 0  invalid 762 tFOTS 4.4090 tGradient 1.5260 tsec 6.2870
#FOTS# QuadFit found better minimum quadopt=(dt=0.788941,rms=0.769374) vs oldopt=(dt=1.28,rms=0.771494)
#GCMRL#   69 dt   0.788941 rms  0.769  0.834% neg 0  invalid 762 tFOTS 4.4490 tGradient 1.5380 tsec 6.3050
#FOTS# QuadFit found better minimum quadopt=(dt=0.112,rms=0.768115) vs oldopt=(dt=0.08,rms=0.768373)
#GCMRL#   70 dt   0.112000 rms  0.768  0.000% neg 0  invalid 762 tFOTS 4.4410 tGradient 1.4230 tsec 6.2140
#GCMRL#   71 dt   0.112000 rms  0.768  0.065% neg 0  invalid 762 tFOTS 0.0000 tGradient 1.5580 tsec 1.8980
#GCMRL#   72 dt   0.112000 rms  0.767  0.020% neg 0  invalid 762 tFOTS 0.0000 tGradient 1.3840 tsec 1.7110
#GCMRL#   73 dt   0.112000 rms  0.767  0.014% neg 0  invalid 762 tFOTS 0.0000 tGradient 1.4860 tsec 1.8320
#FOTS# QuadFit found better minimum quadopt=(dt=0.448,rms=0.76367) vs oldopt=(dt=0.32,rms=0.764136)
#GCMRL#   74 dt   0.448000 rms  0.764  0.480% neg 0  invalid 762 tFOTS 4.3960 tGradient 1.5640 tsec 6.2850
#FOTS# QuadFit found better minimum quadopt=(dt=0.112,rms=0.763294) vs oldopt=(dt=0.08,rms=0.763332)
#GCMRL#   75 dt   0.112000 rms  0.763  0.000% neg 0  invalid 762 tFOTS 4.2160 tGradient 1.3760 tsec 5.9440
#GCMRL#   76 dt   0.112000 rms  0.763  0.014% neg 0  invalid 762 tFOTS 0.0000 tGradient 1.4080 tsec 1.7090
#GCMRL#   77 dt   0.112000 rms  0.763  0.012% neg 0  invalid 762 tFOTS 0.0000 tGradient 1.3860 tsec 1.6910
#GCMRL#   78 dt   0.112000 rms  0.763  0.051% neg 0  invalid 762 tFOTS 0.0000 tGradient 1.5040 tsec 1.8010
#GCMRL#   79 dt   0.112000 rms  0.762  0.124% neg 0  invalid 762 tFOTS 0.0000 tGradient 1.3900 tsec 1.6830
#GCMRL#   80 dt   0.112000 rms  0.761  0.160% neg 0  invalid 762 tFOTS 0.0000 tGradient 1.5060 tsec 1.8140
#GCMRL#   81 dt   0.112000 rms  0.760  0.131% neg 0  invalid 762 tFOTS 0.0000 tGradient 1.3800 tsec 1.6730
#GCMRL#   82 dt   0.112000 rms  0.759  0.082% neg 0  invalid 762 tFOTS 0.0000 tGradient 1.6290 tsec 1.9220
#GCMRL#   83 dt   0.112000 rms  0.759  0.030% neg 0  invalid 762 tFOTS 0.0000 tGradient 1.6690 tsec 2.0220

#GCAMreg# pass 0 level1 1 level2 1 tsec 65.425 sigma 0.5
l_jacobian=1.00 l_label=1.00 l_log_likelihood=0.20 l_smoothness=20.00 
tol=2.50e-01, dt=5.00e-02, exp_k=20.0, momentum=0.90, levels=6, niter=500, lbl_dist=10.00, avgs=1, sigma=0.5,type=2, relabel=0, neg=no

blurring input image with Gaussian with sigma=0.500...
GCAMRegisterLevel(): init RMS 0.759088
#FOTS# QuadFit found better minimum quadopt=(dt=0.112,rms=0.758638) vs oldopt=(dt=0.08,rms=0.758649)
#GCMRL#   85 dt   0.112000 rms  0.759  0.059% neg 0  invalid 762 tFOTS 3.8140 tGradient 1.4570 tsec 5.5890
#GCMRL#   86 dt   0.320000 rms  0.759  0.000% neg 0  invalid 762 tFOTS 3.7060 tGradient 1.5360 tsec 5.6320
#GCMRL#   87 dt   0.320000 rms  0.758  0.036% neg 0  invalid 762 tFOTS 0.0000 tGradient 1.5080 tsec 1.8060
#GCMRL#   88 dt   0.320000 rms  0.758  0.028% neg 0  invalid 762 tFOTS 0.0000 tGradient 1.4270 tsec 1.7330
resetting metric properties...
setting smoothness cost coefficient to 40.000

#GCAMreg# pass 0 level1 0 level2 0 tsec 0 sigma 2
l_jacobian=1.00 l_label=1.00 l_log_likelihood=0.20 l_smoothness=40.00 
tol=2.50e-01, dt=5.00e-02, exp_k=20.0, momentum=0.90, levels=6, niter=500, lbl_dist=10.00, avgs=0, sigma=2.0,type=2, relabel=0, neg=no

blurring input image with Gaussian with sigma=2.000...
GCAMRegisterLevel(): init RMS 0.731732
#FOTS# QuadFit found better minimum quadopt=(dt=0.2103,rms=0.727252) vs oldopt=(dt=0.32,rms=0.728071)
#GCMRL#   90 dt   0.210300 rms  0.727  0.612% neg 0  invalid 762 tFOTS 3.7420 tGradient 0.9840 tsec 5.0460
#GCMRL#   91 dt   0.020000 rms  0.727  0.000% neg 0  invalid 762 tFOTS 3.7950 tGradient 0.9400 tsec 5.0740

#GCAMreg# pass 0 level1 0 level2 1 tsec 20.192 sigma 0.5
l_jacobian=1.00 l_label=1.00 l_log_likelihood=0.20 l_smoothness=40.00 
tol=2.50e-01, dt=5.00e-02, exp_k=20.0, momentum=0.90, levels=6, niter=500, lbl_dist=10.00, avgs=0, sigma=0.5,type=2, relabel=0, neg=no

blurring input image with Gaussian with sigma=0.500...
GCAMRegisterLevel(): init RMS 0.727422
#FOTS# QuadFit found better minimum quadopt=(dt=0.007,rms=0.726989) vs oldopt=(dt=0.005,rms=0.726995)
#GCMRL#   93 dt   0.007000 rms  0.727  0.059% neg 0  invalid 762 tFOTS 3.8430 tGradient 0.9130 tsec 5.0860
#FOTS# QuadFit found better minimum quadopt=(dt=0.004,rms=0.72699) vs oldopt=(dt=0.005,rms=0.72699)
GCAMregister done in 7.57543 min
Starting GCAmapRenormalizeWithAlignment() without scales
renormalizing by structure alignment....
renormalizing input #0
gca peak = 0.10253 (16)
mri peak = 0.13460 (30)
Left_Lateral_Ventricle (4): linear fit = 1.60 x + 0.0 (1122 voxels, overlap=0.236)
Left_Lateral_Ventricle (4): linear fit = 1.50 x + 0.0 (1122 voxels, peak = 26), gca=24.0
gca peak = 0.17690 (16)
mri peak = 0.16059 (28)
Right_Lateral_Ventricle (43): linear fit = 1.77 x + 0.0 (1397 voxels, overlap=0.126)
Right_Lateral_Ventricle (43): linear fit = 1.50 x + 0.0 (1397 voxels, peak = 28), gca=24.0
gca peak = 0.28275 (96)
mri peak = 0.15325 (100)
Right_Pallidum (52): linear fit = 1.05 x + 0.0 (1027 voxels, overlap=0.552)
Right_Pallidum (52): linear fit = 1.05 x + 0.0 (1027 voxels, peak = 101), gca=101.3
gca peak = 0.18948 (93)
mri peak = 0.10962 (106)
Left_Pallidum (13): linear fit = 1.10 x + 0.0 (892 voxels, overlap=0.820)
Left_Pallidum (13): linear fit = 1.10 x + 0.0 (892 voxels, peak = 102), gca=101.8
gca peak = 0.20755 (55)
mri peak = 0.08819 (75)
Right_Hippocampus (53): linear fit = 1.26 x + 0.0 (983 voxels, overlap=0.017)
Right_Hippocampus (53): linear fit = 1.26 x + 0.0 (983 voxels, peak = 70), gca=69.6
gca peak = 0.31831 (58)
mri peak = 0.11339 (75)
Left_Hippocampus (17): linear fit = 1.26 x + 0.0 (1024 voxels, overlap=0.005)
Left_Hippocampus (17): linear fit = 1.26 x + 0.0 (1024 voxels, peak = 73), gca=73.4
gca peak = 0.11957 (102)
mri peak = 0.08809 (106)
Right_Cerebral_White_Matter (41): linear fit = 1.05 x + 0.0 (69713 voxels, overlap=0.645)
Right_Cerebral_White_Matter (41): linear fit = 1.05 x + 0.0 (69713 voxels, peak = 108), gca=107.6
gca peak = 0.11429 (102)
mri peak = 0.09807 (108)
Left_Cerebral_White_Matter (2): linear fit = 1.07 x + 0.0 (74772 voxels, overlap=0.450)
Left_Cerebral_White_Matter (2): linear fit = 1.07 x + 0.0 (74772 voxels, peak = 109), gca=108.6
gca peak = 0.14521 (59)
mri peak = 0.04005 (72)
Left_Cerebral_Cortex (3): linear fit = 1.23 x + 0.0 (30971 voxels, overlap=0.080)
Left_Cerebral_Cortex (3): linear fit = 1.23 x + 0.0 (30971 voxels, peak = 72), gca=72.3
gca peak = 0.14336 (58)
mri peak = 0.03871 (74)
Right_Cerebral_Cortex (42): linear fit = 1.27 x + 0.0 (32200 voxels, overlap=0.072)
Right_Cerebral_Cortex (42): linear fit = 1.27 x + 0.0 (32200 voxels, peak = 74), gca=73.9
gca peak = 0.13305 (70)
mri peak = 0.20086 (85)
Right_Caudate (50): linear fit = 1.24 x + 0.0 (931 voxels, overlap=0.012)
Right_Caudate (50): linear fit = 1.24 x + 0.0 (931 voxels, peak = 86), gca=86.5
gca peak = 0.15761 (71)
mri peak = 0.10443 (88)
Left_Caudate (11): linear fit = 1.21 x + 0.0 (1125 voxels, overlap=0.014)
Left_Caudate (11): linear fit = 1.21 x + 0.0 (1125 voxels, peak = 86), gca=85.6
gca peak = 0.13537 (57)
mri peak = 0.05080 (69)
Left_Cerebellum_Cortex (8): linear fit = 1.25 x + 0.0 (25134 voxels, overlap=0.005)
Left_Cerebellum_Cortex (8): linear fit = 1.25 x + 0.0 (25134 voxels, peak = 72), gca=71.5
gca peak = 0.13487 (56)
mri peak = 0.07022 (73)
Right_Cerebellum_Cortex (47): linear fit = 1.29 x + 0.0 (25150 voxels, overlap=0.001)
Right_Cerebellum_Cortex (47): linear fit = 1.29 x + 0.0 (25150 voxels, peak = 73), gca=72.5
gca peak = 0.19040 (84)
mri peak = 0.08302 (90)
Left_Cerebellum_White_Matter (7): linear fit = 1.07 x + 0.0 (9575 voxels, overlap=0.305)
Left_Cerebellum_White_Matter (7): linear fit = 1.07 x + 0.0 (9575 voxels, peak = 89), gca=89.5
gca peak = 0.18871 (83)
mri peak = 0.07548 (89)
Right_Cerebellum_White_Matter (46): linear fit = 1.07 x + 0.0 (8452 voxels, overlap=0.787)
Right_Cerebellum_White_Matter (46): linear fit = 1.07 x + 0.0 (8452 voxels, peak = 88), gca=88.4
gca peak = 0.24248 (57)
mri peak = 0.19836 (78)
Left_Amygdala (18): linear fit = 1.35 x + 0.0 (489 voxels, overlap=0.041)
Left_Amygdala (18): linear fit = 1.35 x + 0.0 (489 voxels, peak = 77), gca=76.7
gca peak = 0.35833 (56)
mri peak = 0.13893 (75)
Right_Amygdala (54): linear fit = 1.32 x + 0.0 (614 voxels, overlap=0.036)
Right_Amygdala (54): linear fit = 1.32 x + 0.0 (614 voxels, peak = 74), gca=73.6
gca peak = 0.12897 (85)
mri peak = 0.09991 (97)
Left_Thalamus (10): linear fit = 1.12 x + 0.0 (5978 voxels, overlap=0.429)
Left_Thalamus (10): linear fit = 1.12 x + 0.0 (5978 voxels, peak = 96), gca=95.6
gca peak = 0.13127 (83)
mri peak = 0.08100 (94)
Right_Thalamus (49): linear fit = 1.11 x + 0.0 (4789 voxels, overlap=0.542)
Right_Thalamus (49): linear fit = 1.11 x + 0.0 (4789 voxels, peak = 92), gca=91.7
gca peak = 0.12974 (78)
mri peak = 0.08709 (94)
Left_Putamen (12): linear fit = 1.20 x + 0.0 (2613 voxels, overlap=0.008)
Left_Putamen (12): linear fit = 1.20 x + 0.0 (2613 voxels, peak = 93), gca=93.2
gca peak = 0.17796 (79)
mri peak = 0.09805 (96)
Right_Putamen (51): linear fit = 1.20 x + 0.0 (2678 voxels, overlap=0.130)
Right_Putamen (51): linear fit = 1.20 x + 0.0 (2678 voxels, peak = 94), gca=94.4
gca peak = 0.10999 (80)
mri peak = 0.10225 (86)
Brain_Stem (16): linear fit = 1.10 x + 0.0 (11442 voxels, overlap=0.415)
Brain_Stem (16): linear fit = 1.10 x + 0.0 (11442 voxels, peak = 88), gca=87.6
gca peak = 0.13215 (88)
mri peak = 0.10163 (97)
Right_VentralDC (60): linear fit = 1.11 x + 0.0 (1299 voxels, overlap=0.128)
Right_VentralDC (60): linear fit = 1.11 x + 0.0 (1299 voxels, peak = 97), gca=97.2
gca peak = 0.11941 (89)
mri peak = 0.10068 (98)
Left_VentralDC (28): linear fit = 1.11 x + 0.0 (1438 voxels, overlap=0.219)
Left_VentralDC (28): linear fit = 1.11 x + 0.0 (1438 voxels, peak = 98), gca=98.3
gca peak = 0.20775 (25)
mri peak = 0.37500 (31)
gca peak = 0.13297 (21)
mri peak = 0.22151 (27)
Fourth_Ventricle (15): linear fit = 1.47 x + 0.0 (508 voxels, overlap=0.222)
Fourth_Ventricle (15): linear fit = 1.47 x + 0.0 (508 voxels, peak = 31), gca=30.8
gca peak Unknown = 0.94777 ( 0)
gca peak Left_Inf_Lat_Vent = 0.19087 (28)
gca peak Third_Ventricle = 0.20775 (25)
gca peak CSF = 0.16821 (33)
gca peak Left_Accumbens_area = 0.32850 (63)
gca peak Left_undetermined = 0.98480 (28)
gca peak Left_vessel = 0.40887 (53)
gca peak Left_choroid_plexus = 0.10898 (46)
gca peak Right_Inf_Lat_Vent = 0.17798 (26)
gca peak Right_Accumbens_area = 0.30137 (64)
gca peak Right_vessel = 0.47828 (52)
gca peak Right_choroid_plexus = 0.11612 (45)
gca peak Fifth_Ventricle = 0.59466 (35)
gca peak WM_hypointensities = 0.10053 (78)
gca peak non_WM_hypointensities = 0.07253 (60)
gca peak Optic_Chiasm = 0.25330 (73)
not using caudate to estimate GM means
estimating mean gm scale to be 1.28 x + 0.0
estimating mean wm scale to be 1.06 x + 0.0
estimating mean csf scale to be 1.49 x + 0.0
saving intensity scales to talairach.label_intensities.txt
GCAmapRenormalizeWithAlignment() took 2.22785 min
noneg pre
Starting GCAMregister()
label assignment complete, 0 changed (0.00%)
npasses = 1, nlevels = 6
#pass# 1 of 1 ************************
enabling zero nodes
setting smoothness cost coefficient to 0.008

#GCAMreg# pass 0 level1 5 level2 0 tsec 0 sigma 2
l_jacobian=1.00 l_label=1.00 l_log_likelihood=0.20 l_smoothness=0.01 
tol=5.00e-02, dt=5.00e-02, exp_k=20.0, momentum=0.90, levels=6, niter=500, lbl_dist=10.00, avgs=256, sigma=2.0,type=2, relabel=0, neg=no

blurring input image with Gaussian with sigma=2.000...
GCAMRegisterLevel(): init RMS 0.730074
#FOTS# QuadFit found better minimum quadopt=(dt=173.821,rms=0.686056) vs oldopt=(dt=92.48,rms=0.695536)
#GCMRL#   95 dt 173.821012 rms  0.686  6.029% neg 0  invalid 762 tFOTS 4.6510 tGradient 2.2500 tsec 7.2380
#FOTS# QuadFit found better minimum quadopt=(dt=289.862,rms=0.671197) vs oldopt=(dt=369.92,rms=0.67225)
#GCMRL#   96 dt 289.862434 rms  0.671  2.166% neg 0  invalid 762 tFOTS 4.3090 tGradient 2.1840 tsec 6.8140
#FOTS# QuadFit found better minimum quadopt=(dt=110.976,rms=0.666963) vs oldopt=(dt=92.48,rms=0.667161)
#GCMRL#   97 dt 110.976000 rms  0.667  0.631% neg 0  invalid 762 tFOTS 4.5830 tGradient 2.3280 tsec 7.2280
#FOTS# QuadFit found better minimum quadopt=(dt=517.888,rms=0.660869) vs oldopt=(dt=369.92,rms=0.661615)
#GCMRL#   98 dt 517.888000 rms  0.661  0.914% neg 0  invalid 762 tFOTS 4.2280 tGradient 2.1430 tsec 6.6960
#FOTS# QuadFit found better minimum quadopt=(dt=129.472,rms=0.658198) vs oldopt=(dt=92.48,rms=0.658374)
#GCMRL#   99 dt 129.472000 rms  0.658  0.404% neg 0  invalid 762 tFOTS 4.3000 tGradient 2.1630 tsec 6.7770
#FOTS# QuadFit found better minimum quadopt=(dt=221.952,rms=0.656353) vs oldopt=(dt=369.92,rms=0.656968)
#GCMRL#  100 dt 221.952000 rms  0.656  0.280% neg 0  invalid 762 tFOTS 3.9780 tGradient 2.1970 tsec 6.4960
#FOTS# QuadFit found better minimum quadopt=(dt=110.976,rms=0.655329) vs oldopt=(dt=92.48,rms=0.655374)
#GCMRL#  101 dt 110.976000 rms  0.655  0.156% neg 0  invalid 762 tFOTS 3.9770 tGradient 2.3140 tsec 6.6220
#FOTS# QuadFit found better minimum quadopt=(dt=517.888,rms=0.652836) vs oldopt=(dt=369.92,rms=0.653244)
#GCMRL#  102 dt 517.888000 rms  0.653  0.380% neg 0  invalid 762 tFOTS 4.0880 tGradient 2.2700 tsec 6.6580
#GCMRL#  103 dt  92.480000 rms  0.652  0.148% neg 0  invalid 762 tFOTS 4.3060 tGradient 2.2250 tsec 6.8440
#FOTS# QuadFit found better minimum quadopt=(dt=2071.55,rms=0.645825) vs oldopt=(dt=1479.68,rms=0.646832)
#GCMRL#  104 dt 2071.552000 rms  0.646  0.927% neg 0  invalid 762 tFOTS 4.3060 tGradient 2.1730 tsec 6.7760
#GCMRL#  105 dt  92.480000 rms  0.645  0.124% neg 0  invalid 762 tFOTS 4.2360 tGradient 2.2300 tsec 6.7630
#FOTS# QuadFit found better minimum quadopt=(dt=2071.55,rms=0.642335) vs oldopt=(dt=1479.68,rms=0.642719)
#GCMRL#  106 dt 2071.552000 rms  0.642  0.417% neg 0  invalid 762 tFOTS 4.2320 tGradient 2.1000 tsec 6.6280
#FOTS# QuadFit found better minimum quadopt=(dt=110.976,rms=0.641113) vs oldopt=(dt=92.48,rms=0.641131)
#GCMRL#  107 dt 110.976000 rms  0.641  0.190% neg 0  invalid 762 tFOTS 4.3040 tGradient 2.1550 tsec 6.7760
#FOTS# QuadFit found better minimum quadopt=(dt=221.952,rms=0.640579) vs oldopt=(dt=369.92,rms=0.640709)
#GCMRL#  108 dt 221.952000 rms  0.641  0.083% neg 0  invalid 762 tFOTS 4.1890 tGradient 2.4260 tsec 6.8990
#GCMRL#  109 dt  92.480000 rms  0.640  0.000% neg 0  invalid 762 tFOTS 4.0880 tGradient 2.1460 tsec 6.5490
#GCMRL#  110 dt  92.480000 rms  0.640  0.016% neg 0  invalid 762 tFOTS 0.0000 tGradient 2.1990 tsec 2.4710
#GCMRL#  111 dt  92.480000 rms  0.640  0.032% neg 0  invalid 762 tFOTS 0.0000 tGradient 2.1900 tsec 2.4680
#GCMRL#  112 dt  92.480000 rms  0.640  0.047% neg 0  invalid 762 tFOTS 0.0000 tGradient 2.1020 tsec 2.3570
#GCMRL#  113 dt  92.480000 rms  0.639  0.064% neg 0  invalid 762 tFOTS 0.0000 tGradient 2.1270 tsec 2.4100
#GCMRL#  114 dt  92.480000 rms  0.639  0.079% neg 0  invalid 762 tFOTS 0.0000 tGradient 2.1630 tsec 2.4250
#GCMRL#  115 dt  92.480000 rms  0.638  0.090% neg 0  invalid 762 tFOTS 0.0000 tGradient 2.1810 tsec 2.4560
#GCMRL#  116 dt  92.480000 rms  0.638  0.093% neg 0  invalid 762 tFOTS 0.0000 tGradient 2.1990 tsec 2.4670
#GCMRL#  117 dt  92.480000 rms  0.637  0.098% neg 0  invalid 762 tFOTS 0.0000 tGradient 2.2150 tsec 2.4820
#GCMRL#  118 dt  92.480000 rms  0.636  0.105% neg 0  invalid 762 tFOTS 0.0000 tGradient 1.9950 tsec 2.2590
#GCMRL#  119 dt  92.480000 rms  0.636  0.108% neg 0  invalid 762 tFOTS 0.0000 tGradient 2.0780 tsec 2.3420
#GCMRL#  120 dt  92.480000 rms  0.635  0.109% neg 0  invalid 762 tFOTS 0.0000 tGradient 2.1180 tsec 2.3860
#GCMRL#  121 dt  92.480000 rms  0.634  0.103% neg 0  invalid 762 tFOTS 0.0000 tGradient 2.0890 tsec 2.3590
#GCMRL#  122 dt  92.480000 rms  0.634  0.100% neg 0  invalid 762 tFOTS 0.0000 tGradient 2.2180 tsec 2.5040
#GCMRL#  123 dt  92.480000 rms  0.633  0.098% neg 0  invalid 762 tFOTS 0.0000 tGradient 2.2720 tsec 2.5560
#GCMRL#  124 dt  92.480000 rms  0.633  0.096% neg 0  invalid 762 tFOTS 0.0000 tGradient 2.0800 tsec 2.3610
#GCMRL#  125 dt  92.480000 rms  0.632  0.097% neg 0  invalid 762 tFOTS 0.0000 tGradient 2.0320 tsec 2.3150
#GCMRL#  126 dt  92.480000 rms  0.631  0.101% neg 0  invalid 762 tFOTS 0.0000 tGradient 2.1110 tsec 2.3920
#GCMRL#  127 dt  92.480000 rms  0.631  0.104% neg 0  invalid 762 tFOTS 0.0000 tGradient 2.0650 tsec 2.3280
#GCMRL#  128 dt  92.480000 rms  0.630  0.105% neg 0  invalid 762 tFOTS 0.0000 tGradient 2.1130 tsec 2.3940
#GCMRL#  129 dt  92.480000 rms  0.629  0.099% neg 0  invalid 762 tFOTS 0.0000 tGradient 2.0710 tsec 2.3500
#GCMRL#  130 dt  92.480000 rms  0.629  0.092% neg 0  invalid 762 tFOTS 0.0000 tGradient 2.0180 tsec 2.2860
#GCMRL#  131 dt  92.480000 rms  0.628  0.090% neg 0  invalid 762 tFOTS 0.0000 tGradient 2.1260 tsec 2.4120
#GCMRL#  132 dt  92.480000 rms  0.628  0.087% neg 0  invalid 762 tFOTS 0.0000 tGradient 2.2880 tsec 2.5870
#GCMRL#  133 dt  92.480000 rms  0.627  0.084% neg 0  invalid 762 tFOTS 0.0000 tGradient 2.2390 tsec 2.5500
#GCMRL#  134 dt  92.480000 rms  0.627  0.081% neg 0  invalid 762 tFOTS 0.0000 tGradient 2.2380 tsec 2.5230
#GCMRL#  135 dt  92.480000 rms  0.626  0.077% neg 0  invalid 762 tFOTS 0.0000 tGradient 2.1130 tsec 2.3920
#GCMRL#  136 dt  92.480000 rms  0.626  0.074% neg 0  invalid 762 tFOTS 0.0000 tGradient 2.1280 tsec 2.3950
#GCMRL#  137 dt  92.480000 rms  0.625  0.071% neg 0  invalid 762 tFOTS 0.0000 tGradient 2.0460 tsec 2.3140
#GCMRL#  138 dt  92.480000 rms  0.625  0.067% neg 0  invalid 762 tFOTS 0.0000 tGradient 2.0620 tsec 2.3160
#GCMRL#  139 dt  92.480000 rms  0.624  0.064% neg 0  invalid 762 tFOTS 0.0000 tGradient 2.0730 tsec 2.3350
#GCMRL#  140 dt  92.480000 rms  0.624  0.061% neg 0  invalid 762 tFOTS 0.0000 tGradient 2.0980 tsec 2.3750
#GCMRL#  141 dt  92.480000 rms  0.624  0.062% neg 0  invalid 762 tFOTS 0.0000 tGradient 2.0340 tsec 2.2930
#GCMRL#  142 dt  92.480000 rms  0.623  0.060% neg 0  invalid 762 tFOTS 0.0000 tGradient 2.1400 tsec 2.4150
#GCMRL#  143 dt  92.480000 rms  0.623  0.059% neg 0  invalid 762 tFOTS 0.0000 tGradient 2.0600 tsec 2.3330
#GCMRL#  144 dt  92.480000 rms  0.623  0.059% neg 0  invalid 762 tFOTS 0.0000 tGradient 2.1270 tsec 2.3930
#GCMRL#  145 dt  92.480000 rms  0.622  0.058% neg 0  invalid 762 tFOTS 0.0000 tGradient 2.0930 tsec 2.3610
#GCMRL#  146 dt  92.480000 rms  0.622  0.056% neg 0  invalid 762 tFOTS 0.0000 tGradient 2.0400 tsec 2.3050
#GCMRL#  147 dt  92.480000 rms  0.621  0.053% neg 0  invalid 762 tFOTS 0.0000 tGradient 2.0760 tsec 2.3490
#GCMRL#  148 dt  92.480000 rms  0.621  0.051% neg 0  invalid 762 tFOTS 0.0000 tGradient 2.0610 tsec 2.3350
#GCMRL#  149 dt  92.480000 rms  0.621  0.048% neg 0  invalid 762 tFOTS 0.0000 tGradient 2.1540 tsec 2.4170
#GCMRL#  150 dt  92.480000 rms  0.621  0.046% neg 0  invalid 762 tFOTS 0.0000 tGradient 2.0580 tsec 2.3310
#GCMRL#  151 dt  92.480000 rms  0.620  0.043% neg 0  invalid 762 tFOTS 0.0000 tGradient 2.0840 tsec 2.3500
#GCMRL#  152 dt  92.480000 rms  0.620  0.042% neg 0  invalid 762 tFOTS 0.0000 tGradient 2.1300 tsec 2.3960
#GCMRL#  153 dt  92.480000 rms  0.620  0.041% neg 0  invalid 762 tFOTS 0.0000 tGradient 2.1140 tsec 2.3830
#GCMRL#  154 dt  92.480000 rms  0.620  0.038% neg 0  invalid 762 tFOTS 0.0000 tGradient 2.1240 tsec 2.3840
#GCMRL#  155 dt  92.480000 rms  0.619  0.037% neg 0  invalid 762 tFOTS 0.0000 tGradient 2.1230 tsec 2.4120
#GCMRL#  156 dt  92.480000 rms  0.619  0.037% neg 0  invalid 762 tFOTS 0.0000 tGradient 2.0790 tsec 2.3430
#GCMRL#  157 dt  92.480000 rms  0.619  0.038% neg 0  invalid 762 tFOTS 0.0000 tGradient 2.1040 tsec 2.3720
#GCMRL#  158 dt  92.480000 rms  0.619  0.037% neg 0  invalid 762 tFOTS 0.0000 tGradient 2.1450 tsec 2.3900
#GCMRL#  159 dt  92.480000 rms  0.618  0.035% neg 0  invalid 762 tFOTS 0.0000 tGradient 2.0800 tsec 2.3500
#GCMRL#  160 dt  92.480000 rms  0.618  0.034% neg 0  invalid 762 tFOTS 0.0000 tGradient 2.1210 tsec 2.3910
#GCMRL#  161 dt  92.480000 rms  0.618  0.033% neg 0  invalid 762 tFOTS 0.0000 tGradient 2.0380 tsec 2.3120
#GCMRL#  162 dt  92.480000 rms  0.618  0.032% neg 0  invalid 762 tFOTS 0.0000 tGradient 2.1530 tsec 2.4270
#GCMRL#  163 dt  92.480000 rms  0.618  0.030% neg 0  invalid 762 tFOTS 0.0000 tGradient 2.1570 tsec 2.4200
#GCMRL#  164 dt  92.480000 rms  0.617  0.029% neg 0  invalid 762 tFOTS 0.0000 tGradient 2.1920 tsec 2.4740
#GCMRL#  165 dt  92.480000 rms  0.617  0.029% neg 0  invalid 762 tFOTS 0.0000 tGradient 2.0530 tsec 2.3210
#GCMRL#  166 dt  92.480000 rms  0.617  0.028% neg 0  invalid 762 tFOTS 0.0000 tGradient 2.0680 tsec 2.3430
#GCMRL#  167 dt  92.480000 rms  0.617  0.028% neg 0  invalid 762 tFOTS 0.0000 tGradient 2.1120 tsec 2.3760
#GCMRL#  168 dt  92.480000 rms  0.617  0.029% neg 0  invalid 762 tFOTS 0.0000 tGradient 2.1230 tsec 2.3900
#GCMRL#  169 dt  92.480000 rms  0.617  0.028% neg 0  invalid 762 tFOTS 0.0000 tGradient 2.1860 tsec 2.4690
#GCMRL#  170 dt  92.480000 rms  0.616  0.028% neg 0  invalid 762 tFOTS 0.0000 tGradient 2.1400 tsec 2.4130
#GCMRL#  171 dt  92.480000 rms  0.616  0.027% neg 0  invalid 762 tFOTS 0.0000 tGradient 2.1610 tsec 2.4330
#GCMRL#  172 dt  92.480000 rms  0.616  0.026% neg 0  invalid 762 tFOTS 0.0000 tGradient 2.3880 tsec 2.6700
#GCMRL#  173 dt  92.480000 rms  0.616  0.024% neg 0  invalid 762 tFOTS 0.0000 tGradient 2.1220 tsec 2.3870
#GCMRL#  174 dt  92.480000 rms  0.616  0.025% neg 0  invalid 762 tFOTS 0.0000 tGradient 2.1560 tsec 2.4420
#GCMRL#  175 dt  92.480000 rms  0.616  0.025% neg 0  invalid 762 tFOTS 0.0000 tGradient 2.1150 tsec 2.3980
#GCMRL#  176 dt  92.480000 rms  0.615  0.025% neg 0  invalid 762 tFOTS 0.0000 tGradient 2.0880 tsec 2.3890
#FOTS# QuadFit found better minimum quadopt=(dt=8286.21,rms=0.614879) vs oldopt=(dt=5918.72,rms=0.614985)
#GCMRL#  177 dt 8286.208000 rms  0.615  0.091% neg 0  invalid 762 tFOTS 4.3070 tGradient 2.1440 tsec 6.7420
#FOTS# QuadFit found better minimum quadopt=(dt=221.952,rms=0.61426) vs oldopt=(dt=369.92,rms=0.61441)
#GCMRL#  178 dt 221.952000 rms  0.614  0.101% neg 0  invalid 762 tFOTS 4.3410 tGradient 2.0750 tsec 6.7180
#FOTS# QuadFit found better minimum quadopt=(dt=55.488,rms=0.614259) vs oldopt=(dt=92.48,rms=0.614263)
#GCMRL#  179 dt  55.488000 rms  0.614  0.000% neg 0  invalid 762 tFOTS 4.3450 tGradient 2.0330 tsec 6.6970
#GCMRL#  180 dt  55.488000 rms  0.614  0.001% neg 0  invalid 762 tFOTS 0.0000 tGradient 2.0880 tsec 2.3580
#GCMRL#  181 dt  55.488000 rms  0.614  0.002% neg 0  invalid 762 tFOTS 0.0000 tGradient 2.2330 tsec 2.4910
#GCMRL#  182 dt  55.488000 rms  0.614  0.001% neg 0  invalid 762 tFOTS 0.0000 tGradient 2.1420 tsec 2.4050
#GCMRL#  183 dt  55.488000 rms  0.614  0.006% neg 0  invalid 762 tFOTS 0.0000 tGradient 2.0880 tsec 2.3460
#GCMRL#  184 dt  55.488000 rms  0.614  0.012% neg 0  invalid 762 tFOTS 0.0000 tGradient 2.0740 tsec 2.3360
#GCMRL#  185 dt  55.488000 rms  0.614  0.014% neg 0  invalid 762 tFOTS 0.0000 tGradient 2.2120 tsec 2.4850
#GCMRL#  186 dt  55.488000 rms  0.614  0.012% neg 0  invalid 762 tFOTS 0.0000 tGradient 2.1160 tsec 2.4180

#GCAMreg# pass 0 level1 5 level2 1 tsec 314.572 sigma 0.5
l_jacobian=1.00 l_label=1.00 l_log_likelihood=0.20 l_smoothness=0.01 
tol=5.00e-02, dt=5.00e-02, exp_k=20.0, momentum=0.90, levels=6, niter=500, lbl_dist=10.00, avgs=256, sigma=0.5,type=2, relabel=0, neg=no

blurring input image with Gaussian with sigma=0.500...
GCAMRegisterLevel(): init RMS 0.614243
#FOTS# QuadFit found better minimum quadopt=(dt=517.888,rms=0.612564) vs oldopt=(dt=369.92,rms=0.612676)
#GCMRL#  188 dt 517.888000 rms  0.613  0.273% neg 0  invalid 762 tFOTS 4.4050 tGradient 2.1000 tsec 6.8270
#FOTS# QuadFit found better minimum quadopt=(dt=129.472,rms=0.61222) vs oldopt=(dt=92.48,rms=0.612276)
#GCMRL#  189 dt 129.472000 rms  0.612  0.056% neg 0  invalid 762 tFOTS 4.6690 tGradient 2.0300 tsec 7.0370
#GCMRL#  190 dt 369.920000 rms  0.612  0.000% neg 0  invalid 762 tFOTS 4.6650 tGradient 2.2740 tsec 7.3820
setting smoothness cost coefficient to 0.031

#GCAMreg# pass 0 level1 4 level2 0 tsec 0 sigma 2
l_jacobian=1.00 l_label=1.00 l_log_likelihood=0.20 l_smoothness=0.03 
tol=5.00e-02, dt=5.00e-02, exp_k=20.0, momentum=0.90, levels=6, niter=500, lbl_dist=10.00, avgs=64, sigma=2.0,type=2, relabel=0, neg=no

blurring input image with Gaussian with sigma=2.000...
GCAMRegisterLevel(): init RMS 0.614048
#FOTS# QuadFit found better minimum quadopt=(dt=145.152,rms=0.609161) vs oldopt=(dt=103.68,rms=0.61006)
#GCMRL#  192 dt 145.152000 rms  0.609  0.796% neg 0  invalid 762 tFOTS 3.6990 tGradient 1.8550 tsec 5.8450
#FOTS# QuadFit found better minimum quadopt=(dt=331.776,rms=0.599586) vs oldopt=(dt=414.72,rms=0.600915)
#GCMRL#  193 dt 331.776000 rms  0.600  1.572% neg 0  invalid 762 tFOTS 3.7230 tGradient 1.7980 tsec 5.8300
#FOTS# QuadFit found better minimum quadopt=(dt=57.7143,rms=0.594523) vs oldopt=(dt=25.92,rms=0.595688)
#GCMRL#  194 dt  57.714286 rms  0.595  0.844% neg 0  invalid 762 tFOTS 3.7400 tGradient 1.7540 tsec 5.7880
#FOTS# QuadFit found better minimum quadopt=(dt=145.152,rms=0.59223) vs oldopt=(dt=103.68,rms=0.592668)
#GCMRL#  195 dt 145.152000 rms  0.592  0.386% neg 0  invalid 762 tFOTS 3.7680 tGradient 1.7700 tsec 5.8710
#FOTS# QuadFit found better minimum quadopt=(dt=145.152,rms=0.589429) vs oldopt=(dt=103.68,rms=0.589692)
#GCMRL#  196 dt 145.152000 rms  0.589  0.473% neg 0  invalid 762 tFOTS 4.0010 tGradient 1.7960 tsec 6.0990
#FOTS# QuadFit found better minimum quadopt=(dt=36.288,rms=0.587915) vs oldopt=(dt=25.92,rms=0.588226)
#GCMRL#  197 dt  36.288000 rms  0.588  0.257% neg 0  invalid 762 tFOTS 3.8970 tGradient 1.8340 tsec 6.0220
#FOTS# QuadFit found better minimum quadopt=(dt=248.832,rms=0.585368) vs oldopt=(dt=414.72,rms=0.585881)
#GCMRL#  198 dt 248.832000 rms  0.585  0.433% neg 0  invalid 762 tFOTS 3.8300 tGradient 1.8060 tsec 5.9420
#FOTS# QuadFit found better minimum quadopt=(dt=64.132,rms=0.583233) vs oldopt=(dt=103.68,rms=0.583941)
#GCMRL#  199 dt  64.131959 rms  0.583  0.365% neg 0  invalid 762 tFOTS 4.0320 tGradient 2.0000 tsec 6.3660
#FOTS# QuadFit found better minimum quadopt=(dt=145.152,rms=0.581506) vs oldopt=(dt=103.68,rms=0.581749)
#GCMRL#  200 dt 145.152000 rms  0.582  0.296% neg 0  invalid 762 tFOTS 4.2290 tGradient 1.7770 tsec 6.3120
#FOTS# QuadFit found better minimum quadopt=(dt=64.9697,rms=0.580385) vs oldopt=(dt=103.68,rms=0.580747)
#GCMRL#  201 dt  64.969697 rms  0.580  0.193% neg 0  invalid 762 tFOTS 4.6730 tGradient 1.8020 tsec 6.8090
#FOTS# QuadFit found better minimum quadopt=(dt=145.152,rms=0.578905) vs oldopt=(dt=103.68,rms=0.579162)
#GCMRL#  202 dt 145.152000 rms  0.579  0.255% neg 0  invalid 762 tFOTS 4.3210 tGradient 1.8240 tsec 6.4690
#FOTS# QuadFit found better minimum quadopt=(dt=73.7627,rms=0.577944) vs oldopt=(dt=103.68,rms=0.578106)
#GCMRL#  203 dt  73.762712 rms  0.578  0.166% neg 0  invalid 762 tFOTS 4.5190 tGradient 1.7710 tsec 6.6100
#FOTS# QuadFit found better minimum quadopt=(dt=124.416,rms=0.576865) vs oldopt=(dt=103.68,rms=0.576908)
#GCMRL#  204 dt 124.416000 rms  0.577  0.187% neg 0  invalid 762 tFOTS 4.3770 tGradient 1.7720 tsec 6.4950
#FOTS# QuadFit found better minimum quadopt=(dt=68.4021,rms=0.575958) vs oldopt=(dt=103.68,rms=0.576178)
#GCMRL#  205 dt  68.402116 rms  0.576  0.157% neg 0  invalid 762 tFOTS 4.5280 tGradient 1.8080 tsec 6.6580
#FOTS# QuadFit found better minimum quadopt=(dt=145.152,rms=0.574937) vs oldopt=(dt=103.68,rms=0.575024)
#GCMRL#  206 dt 145.152000 rms  0.575  0.177% neg 0  invalid 762 tFOTS 4.2320 tGradient 1.8180 tsec 6.3850
#FOTS# QuadFit found better minimum quadopt=(dt=36.288,rms=0.574207) vs oldopt=(dt=25.92,rms=0.574356)
#GCMRL#  207 dt  36.288000 rms  0.574  0.127% neg 0  invalid 762 tFOTS 4.0690 tGradient 1.9460 tsec 6.3470
#GCMRL#  208 dt 414.720000 rms  0.572  0.348% neg 0  invalid 762 tFOTS 4.3930 tGradient 1.9290 tsec 6.6760
#FOTS# QuadFit found better minimum quadopt=(dt=60.2353,rms=0.570544) vs oldopt=(dt=25.92,rms=0.57085)
#GCMRL#  209 dt  60.235294 rms  0.571  0.291% neg 0  invalid 762 tFOTS 4.5930 tGradient 1.8180 tsec 6.7340
#FOTS# QuadFit found better minimum quadopt=(dt=82.944,rms=0.569945) vs oldopt=(dt=103.68,rms=0.569984)
#GCMRL#  210 dt  82.944000 rms  0.570  0.105% neg 0  invalid 762 tFOTS 4.1950 tGradient 1.8210 tsec 6.3830
#FOTS# QuadFit found better minimum quadopt=(dt=82.944,rms=0.569377) vs oldopt=(dt=103.68,rms=0.569388)
#GCMRL#  211 dt  82.944000 rms  0.569  0.100% neg 0  invalid 762 tFOTS 4.4060 tGradient 1.8650 tsec 6.6280
#GCMRL#  212 dt 103.680000 rms  0.569  0.104% neg 0  invalid 762 tFOTS 4.5050 tGradient 1.8640 tsec 6.7460
#FOTS# QuadFit found better minimum quadopt=(dt=62.208,rms=0.56827) vs oldopt=(dt=103.68,rms=0.568405)
#GCMRL#  213 dt  62.208000 rms  0.568  0.091% neg 0  invalid 762 tFOTS 4.4640 tGradient 1.8660 tsec 6.6900
#FOTS# QuadFit found better minimum quadopt=(dt=145.152,rms=0.567562) vs oldopt=(dt=103.68,rms=0.567656)
#GCMRL#  214 dt 145.152000 rms  0.568  0.125% neg 0  invalid 762 tFOTS 4.4200 tGradient 2.0030 tsec 6.7920
#FOTS# QuadFit found better minimum quadopt=(dt=36.288,rms=0.567129) vs oldopt=(dt=25.92,rms=0.567212)
#GCMRL#  215 dt  36.288000 rms  0.567  0.076% neg 0  invalid 762 tFOTS 4.2140 tGradient 1.9100 tsec 6.4640
#FOTS# QuadFit found better minimum quadopt=(dt=995.328,rms=0.564328) vs oldopt=(dt=1658.88,rms=0.565224)
#GCMRL#  216 dt 995.328000 rms  0.564  0.494% neg 0  invalid 762 tFOTS 3.8620 tGradient 1.7260 tsec 5.9210
#FOTS# QuadFit found better minimum quadopt=(dt=36.288,rms=0.561988) vs oldopt=(dt=25.92,rms=0.562416)
#GCMRL#  217 dt  36.288000 rms  0.562  0.415% neg 0  invalid 762 tFOTS 4.0970 tGradient 1.9230 tsec 6.3500
#FOTS# QuadFit found better minimum quadopt=(dt=62.208,rms=0.561591) vs oldopt=(dt=103.68,rms=0.561708)
#GCMRL#  218 dt  62.208000 rms  0.562  0.071% neg 0  invalid 762 tFOTS 3.9810 tGradient 1.7690 tsec 6.0980
#FOTS# QuadFit found better minimum quadopt=(dt=145.152,rms=0.561169) vs oldopt=(dt=103.68,rms=0.561209)
#GCMRL#  219 dt 145.152000 rms  0.561  0.075% neg 0  invalid 762 tFOTS 4.2770 tGradient 1.9570 tsec 6.5620
#FOTS# QuadFit found better minimum quadopt=(dt=36.288,rms=0.560847) vs oldopt=(dt=25.92,rms=0.560911)
#GCMRL#  220 dt  36.288000 rms  0.561  0.057% neg 0  invalid 762 tFOTS 3.8930 tGradient 1.8030 tsec 6.0100
#FOTS# QuadFit found better minimum quadopt=(dt=580.608,rms=0.559473) vs oldopt=(dt=414.72,rms=0.559697)
#GCMRL#  221 dt 580.608000 rms  0.559  0.245% neg 0  invalid 762 tFOTS 3.6330 tGradient 1.7410 tsec 5.6690
#FOTS# QuadFit found better minimum quadopt=(dt=36.288,rms=0.558695) vs oldopt=(dt=25.92,rms=0.558812)
#GCMRL#  222 dt  36.288000 rms  0.559  0.139% neg 0  invalid 762 tFOTS 3.6310 tGradient 1.7820 tsec 5.7100
#GCMRL#  223 dt 414.720000 rms  0.558  0.131% neg 0  invalid 762 tFOTS 3.7600 tGradient 1.7930 tsec 5.8950
#FOTS# QuadFit found better minimum quadopt=(dt=36.288,rms=0.557308) vs oldopt=(dt=25.92,rms=0.557418)
#GCMRL#  224 dt  36.288000 rms  0.557  0.117% neg 0  invalid 762 tFOTS 3.8870 tGradient 1.9340 tsec 6.1380
#FOTS# QuadFit found better minimum quadopt=(dt=145.152,rms=0.556984) vs oldopt=(dt=103.68,rms=0.557014)
#GCMRL#  225 dt 145.152000 rms  0.557  0.058% neg 0  invalid 762 tFOTS 3.8910 tGradient 1.7720 tsec 6.0020
#FOTS# QuadFit found better minimum quadopt=(dt=82.944,rms=0.556643) vs oldopt=(dt=103.68,rms=0.556677)
#GCMRL#  226 dt  82.944000 rms  0.557  0.061% neg 0  invalid 762 tFOTS 3.9450 tGradient 1.7170 tsec 5.9550
#FOTS# QuadFit found better minimum quadopt=(dt=62.208,rms=0.556454) vs oldopt=(dt=103.68,rms=0.556501)
#GCMRL#  227 dt  62.208000 rms  0.556  0.000% neg 0  invalid 762 tFOTS 4.1180 tGradient 1.7670 tsec 6.2330
#GCMRL#  228 dt  62.208000 rms  0.556  0.038% neg 0  invalid 762 tFOTS 0.0000 tGradient 1.9160 tsec 2.2060
#GCMRL#  229 dt  62.208000 rms  0.556  0.054% neg 0  invalid 762 tFOTS 0.0000 tGradient 1.8300 tsec 2.1280
#GCMRL#  230 dt  62.208000 rms  0.555  0.083% neg 0  invalid 762 tFOTS 0.0000 tGradient 1.8030 tsec 2.0960
#GCMRL#  231 dt  62.208000 rms  0.555  0.096% neg 0  invalid 762 tFOTS 0.0000 tGradient 1.7930 tsec 2.0910
#GCMRL#  232 dt  62.208000 rms  0.554  0.117% neg 0  invalid 762 tFOTS 0.0000 tGradient 1.8170 tsec 2.1170
#GCMRL#  233 dt  62.208000 rms  0.554  0.128% neg 0  invalid 762 tFOTS 0.0000 tGradient 1.8640 tsec 2.1650
#GCMRL#  234 dt  62.208000 rms  0.553  0.139% neg 0  invalid 762 tFOTS 0.0000 tGradient 1.8410 tsec 2.1280
#GCMRL#  235 dt  62.208000 rms  0.552  0.143% neg 0  invalid 762 tFOTS 0.0000 tGradient 1.8730 tsec 2.1560
#GCMRL#  236 dt  62.208000 rms  0.551  0.145% neg 0  invalid 762 tFOTS 0.0000 tGradient 1.8500 tsec 2.1370
#GCMRL#  237 dt  62.208000 rms  0.550  0.143% neg 0  invalid 762 tFOTS 0.0000 tGradient 1.8510 tsec 2.1600
#GCMRL#  238 dt  62.208000 rms  0.550  0.139% neg 0  invalid 762 tFOTS 0.0000 tGradient 1.8850 tsec 2.1580
#GCMRL#  239 dt  62.208000 rms  0.549  0.140% neg 0  invalid 762 tFOTS 0.0000 tGradient 1.7840 tsec 2.0720
#GCMRL#  240 dt  62.208000 rms  0.548  0.135% neg 0  invalid 762 tFOTS 0.0000 tGradient 1.8350 tsec 2.1370
#GCMRL#  241 dt  62.208000 rms  0.547  0.132% neg 0  invalid 762 tFOTS 0.0000 tGradient 1.8020 tsec 2.0940
#GCMRL#  242 dt  62.208000 rms  0.547  0.130% neg 0  invalid 762 tFOTS 0.0000 tGradient 1.7830 tsec 2.0690
#GCMRL#  243 dt  62.208000 rms  0.546  0.122% neg 0  invalid 762 tFOTS 0.0000 tGradient 1.7430 tsec 2.0320
#GCMRL#  244 dt  62.208000 rms  0.545  0.115% neg 0  invalid 762 tFOTS 0.0000 tGradient 1.7460 tsec 2.0360
#GCMRL#  245 dt  62.208000 rms  0.545  0.112% neg 0  invalid 762 tFOTS 0.0000 tGradient 1.7200 tsec 2.0090
#GCMRL#  246 dt  62.208000 rms  0.544  0.114% neg 0  invalid 762 tFOTS 0.0000 tGradient 1.7730 tsec 2.0640
#GCMRL#  247 dt  62.208000 rms  0.544  0.113% neg 0  invalid 762 tFOTS 0.0000 tGradient 1.7270 tsec 2.0040
#GCMRL#  248 dt  62.208000 rms  0.543  0.105% neg 0  invalid 762 tFOTS 0.0000 tGradient 1.8240 tsec 2.1200
#GCMRL#  249 dt  62.208000 rms  0.542  0.095% neg 0  invalid 762 tFOTS 0.0000 tGradient 1.8160 tsec 2.0990
#GCMRL#  250 dt  62.208000 rms  0.542  0.085% neg 0  invalid 762 tFOTS 0.0000 tGradient 1.8330 tsec 2.1250
#GCMRL#  251 dt  62.208000 rms  0.542  0.086% neg 0  invalid 762 tFOTS 0.0000 tGradient 1.8040 tsec 2.0780
#GCMRL#  252 dt  62.208000 rms  0.541  0.087% neg 0  invalid 762 tFOTS 0.0000 tGradient 1.8310 tsec 2.1370
#GCMRL#  253 dt  62.208000 rms  0.541  0.085% neg 0  invalid 762 tFOTS 0.0000 tGradient 1.7810 tsec 2.0730
#GCMRL#  254 dt  62.208000 rms  0.540  0.086% neg 0  invalid 762 tFOTS 0.0000 tGradient 1.9230 tsec 2.2160
#GCMRL#  255 dt  62.208000 rms  0.540  0.086% neg 0  invalid 762 tFOTS 0.0000 tGradient 1.8070 tsec 2.0760
#GCMRL#  256 dt  62.208000 rms  0.539  0.084% neg 0  invalid 762 tFOTS 0.0000 tGradient 1.7320 tsec 2.0350
#GCMRL#  257 dt  62.208000 rms  0.539  0.081% neg 0  invalid 762 tFOTS 0.0000 tGradient 1.7790 tsec 2.0610
#GCMRL#  258 dt  62.208000 rms  0.538  0.078% neg 0  invalid 762 tFOTS 0.0000 tGradient 1.7310 tsec 2.0130
#GCMRL#  259 dt  62.208000 rms  0.538  0.076% neg 0  invalid 762 tFOTS 0.0000 tGradient 1.8100 tsec 2.0930
#GCMRL#  260 dt  62.208000 rms  0.538  0.077% neg 0  invalid 762 tFOTS 0.0000 tGradient 1.6920 tsec 1.9810
#GCMRL#  261 dt  62.208000 rms  0.537  0.081% neg 0  invalid 762 tFOTS 0.0000 tGradient 1.7810 tsec 2.0660
#GCMRL#  262 dt  62.208000 rms  0.537  0.078% neg 0  invalid 762 tFOTS 0.0000 tGradient 1.7160 tsec 2.0050
#GCMRL#  263 dt  62.208000 rms  0.536  0.075% neg 0  invalid 762 tFOTS 0.0000 tGradient 1.7690 tsec 2.0490
#GCMRL#  264 dt  62.208000 rms  0.536  0.071% neg 0  invalid 762 tFOTS 0.0000 tGradient 1.8370 tsec 2.1300
#GCMRL#  265 dt  62.208000 rms  0.536  0.063% neg 0  invalid 762 tFOTS 0.0000 tGradient 1.7660 tsec 2.0530
#GCMRL#  266 dt  62.208000 rms  0.535  0.062% neg 0  invalid 762 tFOTS 0.0000 tGradient 1.7580 tsec 2.0430
#GCMRL#  267 dt  62.208000 rms  0.535  0.059% neg 0  invalid 762 tFOTS 0.0000 tGradient 1.8300 tsec 2.1040
#GCMRL#  268 dt  62.208000 rms  0.535  0.056% neg 0  invalid 762 tFOTS 0.0000 tGradient 1.7670 tsec 2.0500
#GCMRL#  269 dt  62.208000 rms  0.534  0.052% neg 0  invalid 762 tFOTS 0.0000 tGradient 1.8150 tsec 2.1030
#GCMRL#  270 dt  62.208000 rms  0.534  0.048% neg 0  invalid 762 tFOTS 0.0000 tGradient 1.7790 tsec 2.0560
#GCMRL#  271 dt  62.208000 rms  0.534  0.044% neg 0  invalid 762 tFOTS 0.0000 tGradient 1.9020 tsec 2.2000
#GCMRL#  272 dt  62.208000 rms  0.534  0.045% neg 0  invalid 762 tFOTS 0.0000 tGradient 1.8350 tsec 2.1160
#GCMRL#  273 dt  62.208000 rms  0.533  0.043% neg 0  invalid 762 tFOTS 0.0000 tGradient 1.7750 tsec 2.0600
#GCMRL#  274 dt  62.208000 rms  0.533  0.043% neg 0  invalid 762 tFOTS 0.0000 tGradient 1.8150 tsec 2.0850
#GCMRL#  275 dt  62.208000 rms  0.533  0.042% neg 0  invalid 762 tFOTS 0.0000 tGradient 1.7440 tsec 2.0400
#GCMRL#  276 dt  62.208000 rms  0.533  0.038% neg 0  invalid 762 tFOTS 0.0000 tGradient 1.7610 tsec 2.0390
#GCMRL#  277 dt  62.208000 rms  0.533  0.039% neg 0  invalid 762 tFOTS 0.0000 tGradient 1.8090 tsec 2.1100
#GCMRL#  278 dt  62.208000 rms  0.532  0.038% neg 0  invalid 762 tFOTS 0.0000 tGradient 1.7730 tsec 2.0690
#GCMRL#  279 dt  62.208000 rms  0.532  0.039% neg 0  invalid 762 tFOTS 0.0000 tGradient 1.8190 tsec 2.1150
#GCMRL#  280 dt  62.208000 rms  0.532  0.039% neg 0  invalid 762 tFOTS 0.0000 tGradient 1.8380 tsec 2.1480
#GCMRL#  281 dt  62.208000 rms  0.532  0.030% neg 0  invalid 762 tFOTS 0.0000 tGradient 1.9350 tsec 2.2530
#GCMRL#  282 dt  62.208000 rms  0.532  0.028% neg 0  invalid 762 tFOTS 0.0000 tGradient 1.9730 tsec 2.2990
#GCMRL#  283 dt  62.208000 rms  0.531  0.031% neg 0  invalid 762 tFOTS 0.0000 tGradient 1.9100 tsec 2.2010
#GCMRL#  284 dt  62.208000 rms  0.531  0.035% neg 0  invalid 762 tFOTS 0.0000 tGradient 1.7530 tsec 2.0450
#GCMRL#  285 dt  62.208000 rms  0.531  0.035% neg 0  invalid 762 tFOTS 0.0000 tGradient 1.7710 tsec 2.0560
#GCMRL#  286 dt  62.208000 rms  0.531  0.035% neg 0  invalid 762 tFOTS 0.0000 tGradient 1.7630 tsec 2.0540
#GCMRL#  287 dt  62.208000 rms  0.531  0.029% neg 0  invalid 762 tFOTS 0.0000 tGradient 1.8100 tsec 2.0950
#GCMRL#  288 dt  62.208000 rms  0.531  0.030% neg 0  invalid 762 tFOTS 0.0000 tGradient 1.9290 tsec 2.2050
#GCMRL#  289 dt  62.208000 rms  0.530  0.031% neg 0  invalid 762 tFOTS 0.0000 tGradient 1.8060 tsec 2.0880
#GCMRL#  290 dt  62.208000 rms  0.530  0.032% neg 0  invalid 762 tFOTS 0.0000 tGradient 1.7840 tsec 2.0750
#GCMRL#  291 dt  62.208000 rms  0.530  0.032% neg 0  invalid 762 tFOTS 0.0000 tGradient 1.8030 tsec 2.0710
#GCMRL#  292 dt  62.208000 rms  0.530  0.031% neg 0  invalid 762 tFOTS 0.0000 tGradient 1.8770 tsec 2.1720
#GCMRL#  293 dt  62.208000 rms  0.530  0.025% neg 0  invalid 762 tFOTS 0.0000 tGradient 1.8250 tsec 2.1440
#GCMRL#  294 dt  62.208000 rms  0.530  0.026% neg 0  invalid 762 tFOTS 0.0000 tGradient 1.9880 tsec 2.3230
#GCMRL#  295 dt  62.208000 rms  0.530  0.026% neg 0  invalid 762 tFOTS 0.0000 tGradient 2.0150 tsec 2.3490
#GCMRL#  296 dt  62.208000 rms  0.529  0.028% neg 0  invalid 762 tFOTS 0.0000 tGradient 1.9510 tsec 2.2420
#GCMRL#  297 dt  62.208000 rms  0.529  0.032% neg 0  invalid 762 tFOTS 0.0000 tGradient 1.7220 tsec 2.0020
#GCMRL#  298 dt  62.208000 rms  0.529  0.027% neg 0  invalid 762 tFOTS 0.0000 tGradient 1.8200 tsec 2.1020
#GCMRL#  299 dt  62.208000 rms  0.529  0.024% neg 0  invalid 762 tFOTS 0.0000 tGradient 1.8000 tsec 2.0840
#GCMRL#  300 dt  62.208000 rms  0.529  0.022% neg 0  invalid 762 tFOTS 0.0000 tGradient 1.8410 tsec 2.1980
#FOTS# QuadFit found better minimum quadopt=(dt=580.608,rms=0.52869) vs oldopt=(dt=414.72,rms=0.528711)
#GCMRL#  301 dt 580.608000 rms  0.529  0.024% neg 0  invalid 762 tFOTS 4.5620 tGradient 1.7170 tsec 6.6180

#GCAMreg# pass 0 level1 4 level2 1 tsec 401.559 sigma 0.5
l_jacobian=1.00 l_label=1.00 l_log_likelihood=0.20 l_smoothness=0.03 
tol=5.00e-02, dt=5.00e-02, exp_k=20.0, momentum=0.90, levels=6, niter=500, lbl_dist=10.00, avgs=64, sigma=0.5,type=2, relabel=0, neg=no

blurring input image with Gaussian with sigma=0.500...
GCAMRegisterLevel(): init RMS 0.529176
#FOTS# QuadFit found better minimum quadopt=(dt=145.152,rms=0.526682) vs oldopt=(dt=103.68,rms=0.526953)
#GCMRL#  303 dt 145.152000 rms  0.527  0.471% neg 0  invalid 762 tFOTS 4.2860 tGradient 1.9190 tsec 6.5260
#FOTS# QuadFit found better minimum quadopt=(dt=36.288,rms=0.526359) vs oldopt=(dt=25.92,rms=0.526415)
#GCMRL#  304 dt  36.288000 rms  0.526  0.061% neg 0  invalid 762 tFOTS 4.5860 tGradient 1.9720 tsec 6.8760
#GCMRL#  305 dt 103.680000 rms  0.526  0.000% neg 0  invalid 762 tFOTS 4.2550 tGradient 1.7070 tsec 6.2970
#GCMRL#  306 dt 103.680000 rms  0.526  0.066% neg 0  invalid 762 tFOTS 0.0000 tGradient 1.8150 tsec 2.0930
#GCMRL#  307 dt 103.680000 rms  0.525  0.091% neg 0  invalid 762 tFOTS 0.0000 tGradient 1.7290 tsec 2.0170
#GCMRL#  308 dt 103.680000 rms  0.525  0.077% neg 0  invalid 762 tFOTS 0.0000 tGradient 1.7920 tsec 2.0860
#GCMRL#  309 dt 103.680000 rms  0.525  0.077% neg 0  invalid 762 tFOTS 0.0000 tGradient 1.7280 tsec 2.0130
#GCMRL#  310 dt 103.680000 rms  0.524  0.088% neg 0  invalid 762 tFOTS 0.0000 tGradient 1.7770 tsec 2.0700
#GCMRL#  311 dt 103.680000 rms  0.524  0.074% neg 0  invalid 762 tFOTS 0.0000 tGradient 1.7940 tsec 2.0880
#GCMRL#  312 dt 103.680000 rms  0.523  0.044% neg 0  invalid 762 tFOTS 0.0000 tGradient 1.7960 tsec 2.0960
#GCMRL#  313 dt 103.680000 rms  0.523  0.040% neg 0  invalid 762 tFOTS 0.0000 tGradient 1.9000 tsec 2.2080
#GCMRL#  314 dt 103.680000 rms  0.523  0.049% neg 0  invalid 762 tFOTS 0.0000 tGradient 1.7900 tsec 2.1020
#GCMRL#  315 dt 103.680000 rms  0.523  0.063% neg 0  invalid 762 tFOTS 0.0000 tGradient 1.7930 tsec 2.1060
#GCMRL#  316 dt 103.680000 rms  0.522  0.047% neg 0  invalid 762 tFOTS 0.0000 tGradient 1.7830 tsec 2.0860
#GCMRL#  317 dt 103.680000 rms  0.522  0.038% neg 0  invalid 762 tFOTS 0.0000 tGradient 1.7560 tsec 2.0540
#GCMRL#  318 dt 103.680000 rms  0.522  0.046% neg 0  invalid 762 tFOTS 0.0000 tGradient 1.7780 tsec 2.0650
#GCMRL#  319 dt 103.680000 rms  0.522  0.052% neg 0  invalid 762 tFOTS 0.0000 tGradient 1.7940 tsec 2.0930
#GCMRL#  320 dt 103.680000 rms  0.522  0.044% neg 0  invalid 762 tFOTS 0.0000 tGradient 1.7630 tsec 2.0560
#GCMRL#  321 dt 103.680000 rms  0.521  0.047% neg 0  invalid 762 tFOTS 0.0000 tGradient 1.8250 tsec 2.1310
#GCMRL#  322 dt 103.680000 rms  0.521  0.038% neg 0  invalid 762 tFOTS 0.0000 tGradient 1.7050 tsec 2.0260
#GCMRL#  323 dt 103.680000 rms  0.521  0.049% neg 0  invalid 762 tFOTS 0.0000 tGradient 1.7990 tsec 2.1020
#GCMRL#  324 dt 103.680000 rms  0.521  0.054% neg 0  invalid 762 tFOTS 0.0000 tGradient 1.8160 tsec 2.1240
#GCMRL#  325 dt 103.680000 rms  0.520  0.044% neg 0  invalid 762 tFOTS 0.0000 tGradient 1.8350 tsec 2.1340
#GCMRL#  326 dt 103.680000 rms  0.520  0.032% neg 0  invalid 762 tFOTS 0.0000 tGradient 1.8370 tsec 2.1550
#GCMRL#  327 dt 103.680000 rms  0.520  0.043% neg 0  invalid 762 tFOTS 0.0000 tGradient 1.8390 tsec 2.1570
#GCMRL#  328 dt 103.680000 rms  0.520  0.058% neg 0  invalid 762 tFOTS 0.0000 tGradient 1.8750 tsec 2.1890
#GCMRL#  329 dt 103.680000 rms  0.519  0.038% neg 0  invalid 762 tFOTS 0.0000 tGradient 1.9940 tsec 2.3390
#GCMRL#  330 dt 103.680000 rms  0.519  0.033% neg 0  invalid 762 tFOTS 0.0000 tGradient 2.1340 tsec 2.4840
#GCMRL#  331 dt 103.680000 rms  0.519  0.031% neg 0  invalid 762 tFOTS 0.0000 tGradient 1.9120 tsec 2.2130
#GCMRL#  332 dt 103.680000 rms  0.519  0.035% neg 0  invalid 762 tFOTS 0.0000 tGradient 1.8550 tsec 2.1610
#GCMRL#  333 dt 103.680000 rms  0.519  0.037% neg 0  invalid 762 tFOTS 0.0000 tGradient 1.7590 tsec 2.0500
#GCMRL#  334 dt 103.680000 rms  0.519  0.025% neg 0  invalid 762 tFOTS 0.0000 tGradient 1.7750 tsec 2.0830
#GCMRL#  335 dt 103.680000 rms  0.518  0.024% neg 0  invalid 762 tFOTS 0.0000 tGradient 1.9380 tsec 2.2270
#GCMRL#  336 dt 103.680000 rms  0.518  0.028% neg 0  invalid 762 tFOTS 0.0000 tGradient 1.7520 tsec 2.0510
#GCMRL#  337 dt 103.680000 rms  0.518  0.044% neg 0  invalid 762 tFOTS 0.0000 tGradient 1.9010 tsec 2.2000
#GCMRL#  338 dt 103.680000 rms  0.518  0.035% neg 0  invalid 762 tFOTS 0.0000 tGradient 1.8620 tsec 2.1670
#GCMRL#  339 dt 103.680000 rms  0.518  0.033% neg 0  invalid 762 tFOTS 0.0000 tGradient 1.8410 tsec 2.1480
#GCMRL#  340 dt 103.680000 rms  0.518  0.034% neg 0  invalid 762 tFOTS 0.0000 tGradient 1.7790 tsec 2.1230
#GCMRL#  341 dt 103.680000 rms  0.517  0.025% neg 0  invalid 762 tFOTS 0.0000 tGradient 1.7710 tsec 2.0790
#GCMRL#  342 dt 103.680000 rms  0.517  0.032% neg 0  invalid 762 tFOTS 0.0000 tGradient 1.9110 tsec 2.2190
#GCMRL#  343 dt 103.680000 rms  0.517  0.030% neg 0  invalid 762 tFOTS 0.0000 tGradient 2.0110 tsec 2.3500
#GCMRL#  344 dt 103.680000 rms  0.517  0.028% neg 0  invalid 762 tFOTS 0.0000 tGradient 2.0480 tsec 2.3890
#GCMRL#  345 dt 103.680000 rms  0.517  0.027% neg 0  invalid 762 tFOTS 0.0000 tGradient 1.9460 tsec 2.2920
#GCMRL#  346 dt 103.680000 rms  0.517  0.027% neg 0  invalid 762 tFOTS 0.0000 tGradient 1.8820 tsec 2.1850
#GCMRL#  347 dt 103.680000 rms  0.517  0.027% neg 0  invalid 762 tFOTS 0.0000 tGradient 1.7670 tsec 2.0710
#GCMRL#  348 dt 103.680000 rms  0.516  0.022% neg 0  invalid 762 tFOTS 0.0000 tGradient 1.8390 tsec 2.1550
#GCMRL#  349 dt 103.680000 rms  0.516  0.019% neg 0  invalid 762 tFOTS 0.0000 tGradient 1.7520 tsec 2.0910
#FOTS# QuadFit found better minimum quadopt=(dt=145.152,rms=0.516304) vs oldopt=(dt=103.68,rms=0.516308)
#GCMRL#  350 dt 145.152000 rms  0.516  0.000% neg 0  invalid 762 tFOTS 4.4570 tGradient 1.8220 tsec 6.6540
setting smoothness cost coefficient to 0.118

#GCAMreg# pass 0 level1 3 level2 0 tsec 0 sigma 2
l_jacobian=1.00 l_label=1.00 l_log_likelihood=0.20 l_smoothness=0.12 
tol=5.00e-02, dt=5.00e-02, exp_k=20.0, momentum=0.90, levels=6, niter=500, lbl_dist=10.00, avgs=16, sigma=2.0,type=2, relabel=0, neg=no

blurring input image with Gaussian with sigma=2.000...
GCAMRegisterLevel(): init RMS 0.530044
#FOTS# QuadFit found better minimum quadopt=(dt=11.2,rms=0.529386) vs oldopt=(dt=8,rms=0.529401)
#GCMRL#  352 dt  11.200000 rms  0.529  0.124% neg 0  invalid 762 tFOTS 4.4110 tGradient 1.6090 tsec 6.3890
#FOTS# QuadFit found better minimum quadopt=(dt=11.2,rms=0.529229) vs oldopt=(dt=8,rms=0.529247)
#GCMRL#  353 dt  11.200000 rms  0.529  0.000% neg 0  invalid 762 tFOTS 4.5280 tGradient 1.6150 tsec 6.5090
#GCMRL#  354 dt  11.200000 rms  0.529  0.033% neg 0  invalid 762 tFOTS 0.0000 tGradient 1.6880 tsec 1.9800
#GCMRL#  355 dt  11.200000 rms  0.529  0.024% neg 0  invalid 762 tFOTS 0.0000 tGradient 1.5390 tsec 1.8490
#GCMRL#  356 dt  11.200000 rms  0.529 -0.000% neg 0  invalid 762 tFOTS 0.0000 tGradient 1.5730 tsec 2.1190
#FOTS# QuadFit found better minimum quadopt=(dt=89.441,rms=0.527652) vs oldopt=(dt=128,rms=0.527955)
#GCMRL#  357 dt  89.440994 rms  0.528  0.241% neg 0  invalid 762 tFOTS 4.3550 tGradient 1.5880 tsec 6.2970
#FOTS# QuadFit found better minimum quadopt=(dt=179.2,rms=0.522356) vs oldopt=(dt=128,rms=0.522961)
#GCMRL#  358 dt 179.200000 rms  0.522  1.004% neg 0  invalid 762 tFOTS 4.3780 tGradient 1.5800 tsec 6.2630
#FOTS# QuadFit found better minimum quadopt=(dt=38.4,rms=0.520331) vs oldopt=(dt=32,rms=0.52035)
#GCMRL#  359 dt  38.400000 rms  0.520  0.388% neg 0  invalid 762 tFOTS 4.4900 tGradient 1.5250 tsec 6.3580
#FOTS# QuadFit found better minimum quadopt=(dt=38.4,rms=0.519317) vs oldopt=(dt=32,rms=0.519327)
#GCMRL#  360 dt  38.400000 rms  0.519  0.195% neg 0  invalid 762 tFOTS 4.4380 tGradient 1.6420 tsec 6.4260
#FOTS# QuadFit found better minimum quadopt=(dt=44.8,rms=0.517969) vs oldopt=(dt=32,rms=0.518207)
#GCMRL#  361 dt  44.800000 rms  0.518  0.260% neg 0  invalid 762 tFOTS 4.6850 tGradient 1.5250 tsec 6.5680
#GCMRL#  362 dt  32.000000 rms  0.517  0.093% neg 0  invalid 762 tFOTS 4.3140 tGradient 1.6950 tsec 6.3450
#FOTS# QuadFit found better minimum quadopt=(dt=44.8,rms=0.516439) vs oldopt=(dt=32,rms=0.51662)
#GCMRL#  363 dt  44.800000 rms  0.516  0.203% neg 0  invalid 762 tFOTS 4.3840 tGradient 1.5640 tsec 6.3140
#FOTS# QuadFit found better minimum quadopt=(dt=38.4,rms=0.515939) vs oldopt=(dt=32,rms=0.515943)
#GCMRL#  364 dt  38.400000 rms  0.516  0.097% neg 0  invalid 762 tFOTS 4.3700 tGradient 1.5000 tsec 6.1810
#FOTS# QuadFit found better minimum quadopt=(dt=44.8,rms=0.515087) vs oldopt=(dt=32,rms=0.515141)
#GCMRL#  365 dt  44.800000 rms  0.515  0.165% neg 0  invalid 762 tFOTS 4.4100 tGradient 1.6140 tsec 6.3960
#FOTS# QuadFit found better minimum quadopt=(dt=25.6,rms=0.514574) vs oldopt=(dt=32,rms=0.514577)
#GCMRL#  366 dt  25.600000 rms  0.515  0.100% neg 0  invalid 762 tFOTS 4.1380 tGradient 1.6200 tsec 6.1070
#FOTS# QuadFit found better minimum quadopt=(dt=102.4,rms=0.513614) vs oldopt=(dt=128,rms=0.513662)
#GCMRL#  367 dt 102.400000 rms  0.514  0.187% neg 0  invalid 762 tFOTS 4.2080 tGradient 1.6160 tsec 6.1820
#GCMRL#  368 dt  32.000000 rms  0.513  0.173% neg 0  invalid 762 tFOTS 4.4130 tGradient 1.6160 tsec 6.3780
#GCMRL#  369 dt  32.000000 rms  0.512  0.131% neg 0  invalid 762 tFOTS 4.4020 tGradient 1.5790 tsec 6.3040
#GCMRL#  370 dt  32.000000 rms  0.512  0.067% neg 0  invalid 762 tFOTS 4.5380 tGradient 1.6440 tsec 6.5300
#FOTS# QuadFit found better minimum quadopt=(dt=38.4,rms=0.511294) vs oldopt=(dt=32,rms=0.511307)
#GCMRL#  371 dt  38.400000 rms  0.511  0.081% neg 0  invalid 762 tFOTS 4.4880 tGradient 1.6280 tsec 6.4790
#FOTS# QuadFit found better minimum quadopt=(dt=25.6,rms=0.510958) vs oldopt=(dt=32,rms=0.510963)
#GCMRL#  372 dt  25.600000 rms  0.511  0.066% neg 0  invalid 762 tFOTS 4.5170 tGradient 1.6490 tsec 6.5140
#FOTS# QuadFit found better minimum quadopt=(dt=44.8,rms=0.510535) vs oldopt=(dt=32,rms=0.510599)
#GCMRL#  373 dt  44.800000 rms  0.511  0.083% neg 0  invalid 762 tFOTS 4.1810 tGradient 1.5130 tsec 6.0180
#GCMRL#  374 dt  32.000000 rms  0.510  0.062% neg 0  invalid 762 tFOTS 4.3340 tGradient 1.5700 tsec 6.2450
#GCMRL#  375 dt  32.000000 rms  0.510  0.069% neg 0  invalid 762 tFOTS 4.5650 tGradient 1.5940 tsec 6.5040
#FOTS# QuadFit found better minimum quadopt=(dt=25.6,rms=0.509582) vs oldopt=(dt=32,rms=0.509583)
#GCMRL#  376 dt  25.600000 rms  0.510  0.056% neg 0  invalid 762 tFOTS 4.4890 tGradient 1.5410 tsec 6.3900
#FOTS# QuadFit found better minimum quadopt=(dt=44.8,rms=0.509197) vs oldopt=(dt=32,rms=0.509257)
#GCMRL#  377 dt  44.800000 rms  0.509  0.076% neg 0  invalid 762 tFOTS 4.3980 tGradient 1.5260 tsec 6.2690
#GCMRL#  378 dt  32.000000 rms  0.509  0.055% neg 0  invalid 762 tFOTS 4.6240 tGradient 1.5750 tsec 6.5190
#GCMRL#  379 dt  32.000000 rms  0.509  0.061% neg 0  invalid 762 tFOTS 4.7570 tGradient 1.5970 tsec 6.7230
#FOTS# QuadFit found better minimum quadopt=(dt=25.6,rms=0.50836) vs oldopt=(dt=32,rms=0.50836)
#GCMRL#  380 dt  25.600000 rms  0.508  0.000% neg 0  invalid 762 tFOTS 5.0810 tGradient 1.6180 tsec 7.0560
#GCMRL#  381 dt  25.600000 rms  0.508  0.043% neg 0  invalid 762 tFOTS 0.0000 tGradient 1.6130 tsec 1.9170
#GCMRL#  382 dt  25.600000 rms  0.508  0.079% neg 0  invalid 762 tFOTS 0.0000 tGradient 1.5530 tsec 1.8510
#GCMRL#  383 dt  25.600000 rms  0.507  0.106% neg 0  invalid 762 tFOTS 0.0000 tGradient 1.5770 tsec 1.8780
#GCMRL#  384 dt  25.600000 rms  0.507  0.135% neg 0  invalid 762 tFOTS 0.0000 tGradient 1.6070 tsec 1.9220
#GCMRL#  385 dt  25.600000 rms  0.506  0.153% neg 0  invalid 762 tFOTS 0.0000 tGradient 1.5720 tsec 1.8890
#GCMRL#  386 dt  25.600000 rms  0.505  0.164% neg 0  invalid 762 tFOTS 0.0000 tGradient 1.5660 tsec 1.8760
#GCMRL#  387 dt  25.600000 rms  0.504  0.176% neg 0  invalid 762 tFOTS 0.0000 tGradient 1.5510 tsec 1.8530
#GCMRL#  388 dt  25.600000 rms  0.504  0.028% neg 0  invalid 762 tFOTS 0.0000 tGradient 1.6150 tsec 2.0850
#GCMRL#  389 dt  25.600000 rms  0.504  0.033% neg 0  invalid 762 tFOTS 0.0000 tGradient 1.5420 tsec 1.8460
#GCMRL#  390 dt  25.600000 rms  0.503  0.055% neg 0  invalid 762 tFOTS 0.0000 tGradient 1.5100 tsec 1.8300
#GCMRL#  391 dt  25.600000 rms  0.503  0.034% neg 0  invalid 762 tFOTS 0.0000 tGradient 1.6160 tsec 2.1380
#GCMRL#  392 dt  25.600000 rms  0.503  0.042% neg 0  invalid 762 tFOTS 0.0000 tGradient 1.5720 tsec 1.8950
#GCMRL#  393 dt  25.600000 rms  0.503  0.043% neg 0  invalid 762 tFOTS 0.0000 tGradient 1.5650 tsec 1.8890
#GCMRL#  394 dt   3.200000 rms  0.503  0.004% neg 0  invalid 762 tFOTS 0.0000 tGradient 1.6570 tsec 2.6940
#GCMRL#  395 dt   1.600000 rms  0.503  0.005% neg 0  invalid 762 tFOTS 0.0000 tGradient 1.5610 tsec 2.2280
#GCMRL#  396 dt   0.800000 rms  0.503  0.001% neg 0  invalid 762 tFOTS 0.0000 tGradient 1.5200 tsec 2.2030
#GCMRL#  397 dt   0.125000 rms  0.503  0.000% neg 0  invalid 762 tFOTS 3.1960 tGradient 1.5470 tsec 5.1090

#GCAMreg# pass 0 level1 3 level2 1 tsec 220.443 sigma 0.5
l_jacobian=1.00 l_label=1.00 l_log_likelihood=0.20 l_smoothness=0.12 
tol=5.00e-02, dt=5.00e-02, exp_k=20.0, momentum=0.90, levels=6, niter=500, lbl_dist=10.00, avgs=16, sigma=0.5,type=2, relabel=0, neg=no

blurring input image with Gaussian with sigma=0.500...
GCAMRegisterLevel(): init RMS 0.503236
#FOTS# QuadFit found better minimum quadopt=(dt=82.2278,rms=0.499663) vs oldopt=(dt=32,rms=0.500463)
#GCMRL#  399 dt  82.227848 rms  0.500  0.710% neg 0  invalid 762 tFOTS 4.5430 tGradient 1.5470 tsec 6.4450
#FOTS# QuadFit found better minimum quadopt=(dt=11.2,rms=0.499179) vs oldopt=(dt=8,rms=0.499294)
#GCMRL#  400 dt  11.200000 rms  0.499  0.097% neg 0  invalid 762 tFOTS 4.4540 tGradient 1.6290 tsec 6.4220
#FOTS# QuadFit found better minimum quadopt=(dt=11.2,rms=0.498946) vs oldopt=(dt=8,rms=0.498977)
#GCMRL#  401 dt  11.200000 rms  0.499  0.000% neg 0  invalid 762 tFOTS 4.5310 tGradient 1.5810 tsec 6.4840
#GCMRL#  402 dt  11.200000 rms  0.499  0.021% neg 0  invalid 762 tFOTS 0.0000 tGradient 1.5050 tsec 1.8210
#GCMRL#  403 dt  11.200000 rms  0.499  0.017% neg 0  invalid 762 tFOTS 0.0000 tGradient 1.6560 tsec 1.9520
#GCMRL#  404 dt  11.200000 rms  0.499  0.016% neg 0  invalid 762 tFOTS 0.0000 tGradient 1.5100 tsec 1.8600
#GCMRL#  405 dt 128.000000 rms  0.497  0.239% neg 0  invalid 762 tFOTS 4.4640 tGradient 1.5520 tsec 6.3670
#FOTS# QuadFit found better minimum quadopt=(dt=11.2,rms=0.497248) vs oldopt=(dt=8,rms=0.497299)
#GCMRL#  406 dt  11.200000 rms  0.497  0.000% neg 0  invalid 762 tFOTS 4.4460 tGradient 1.6910 tsec 6.5300
#GCMRL#  407 dt  11.200000 rms  0.497  0.016% neg 0  invalid 762 tFOTS 0.0000 tGradient 1.7050 tsec 2.0760
setting smoothness cost coefficient to 0.400

#GCAMreg# pass 0 level1 2 level2 0 tsec 0 sigma 2
l_jacobian=1.00 l_label=1.00 l_log_likelihood=0.20 l_smoothness=0.40 
tol=5.00e-02, dt=5.00e-02, exp_k=20.0, momentum=0.90, levels=6, niter=500, lbl_dist=10.00, avgs=4, sigma=2.0,type=2, relabel=0, neg=no

blurring input image with Gaussian with sigma=2.000...
GCAMRegisterLevel(): init RMS 0.523671
#GCMRL#  409 dt   0.000000 rms  0.523  0.074% neg 0  invalid 762 tFOTS 4.5380 tGradient 1.4720 tsec 6.3830
#GCMRL#  410 dt   0.150000 rms  0.523  0.000% neg 0  invalid 762 tFOTS 4.4120 tGradient 1.5330 tsec 6.5850

#GCAMreg# pass 0 level1 2 level2 1 tsec 23.329 sigma 0.5
l_jacobian=1.00 l_label=1.00 l_log_likelihood=0.20 l_smoothness=0.40 
tol=5.00e-02, dt=5.00e-02, exp_k=20.0, momentum=0.90, levels=6, niter=500, lbl_dist=10.00, avgs=4, sigma=0.5,type=2, relabel=0, neg=no

blurring input image with Gaussian with sigma=0.500...
GCAMRegisterLevel(): init RMS 0.523671
#GCMRL#  412 dt   0.000000 rms  0.523  0.074% neg 0  invalid 762 tFOTS 4.2460 tGradient 1.5630 tsec 6.1560
#GCMRL#  413 dt   0.150000 rms  0.523  0.000% neg 0  invalid 762 tFOTS 4.3850 tGradient 1.4490 tsec 6.4520
setting smoothness cost coefficient to 1.000

#GCAMreg# pass 0 level1 1 level2 0 tsec 0 sigma 2
l_jacobian=1.00 l_label=1.00 l_log_likelihood=0.20 l_smoothness=1.00 
tol=5.00e-02, dt=5.00e-02, exp_k=20.0, momentum=0.90, levels=6, niter=500, lbl_dist=10.00, avgs=1, sigma=2.0,type=2, relabel=0, neg=no

blurring input image with Gaussian with sigma=2.000...
GCAMRegisterLevel(): init RMS 0.575216
#FOTS# QuadFit found better minimum quadopt=(dt=1.98544,rms=0.567847) vs oldopt=(dt=1.28,rms=0.568946)
#GCMRL#  415 dt   1.985437 rms  0.568  1.281% neg 0  invalid 762 tFOTS 4.4180 tGradient 1.2910 tsec 6.0710
#FOTS# QuadFit found better minimum quadopt=(dt=0.768,rms=0.567444) vs oldopt=(dt=1.28,rms=0.56758)
#GCMRL#  416 dt   0.768000 rms  0.567  0.071% neg 0  invalid 762 tFOTS 4.2750 tGradient 1.4710 tsec 6.0970
#FOTS# QuadFit found better minimum quadopt=(dt=0.192,rms=0.567419) vs oldopt=(dt=0.32,rms=0.567424)
#GCMRL#  417 dt   0.192000 rms  0.567  0.000% neg 0  invalid 762 tFOTS 4.2130 tGradient 1.2570 tsec 5.8210

#GCAMreg# pass 0 level1 1 level2 1 tsec 27.771 sigma 0.5
l_jacobian=1.00 l_label=1.00 l_log_likelihood=0.20 l_smoothness=1.00 
tol=5.00e-02, dt=5.00e-02, exp_k=20.0, momentum=0.90, levels=6, niter=500, lbl_dist=10.00, avgs=1, sigma=0.5,type=2, relabel=0, neg=no

blurring input image with Gaussian with sigma=0.500...
GCAMRegisterLevel(): init RMS 0.567782
#GCMRL#  419 dt   1.280000 rms  0.567  0.210% neg 0  invalid 762 tFOTS 4.2190 tGradient 1.3150 tsec 5.8920
#FOTS# QuadFit found better minimum quadopt=(dt=0.448,rms=0.566537) vs oldopt=(dt=0.32,rms=0.566541)
#GCMRL#  420 dt   0.448000 rms  0.567  0.000% neg 0  invalid 762 tFOTS 4.2950 tGradient 1.3080 tsec 6.0000
resetting metric properties...
setting smoothness cost coefficient to 2.000

#GCAMreg# pass 0 level1 0 level2 0 tsec 0 sigma 2
l_jacobian=1.00 l_label=1.00 l_log_likelihood=0.20 l_smoothness=2.00 
tol=5.00e-02, dt=5.00e-02, exp_k=20.0, momentum=0.90, levels=6, niter=500, lbl_dist=10.00, avgs=0, sigma=2.0,type=2, relabel=0, neg=no

blurring input image with Gaussian with sigma=2.000...
GCAMRegisterLevel(): init RMS 0.516522
#FOTS# QuadFit found better minimum quadopt=(dt=0.448,rms=0.502867) vs oldopt=(dt=0.32,rms=0.506496)
#GCMRL#  422 dt   0.448000 rms  0.503  2.644% neg 0  invalid 762 tFOTS 3.9960 tGradient 0.9510 tsec 5.3010
#FOTS# QuadFit found better minimum quadopt=(dt=1.536,rms=0.491751) vs oldopt=(dt=1.28,rms=0.493441)
#GCMRL#  423 dt   1.536000 rms  0.492  2.211% neg 0  invalid 762 tFOTS 4.3050 tGradient 0.8170 tsec 5.4740
#GCMRL#  424 dt   0.050000 rms  0.492  0.000% neg 0  invalid 762 tFOTS 3.6960 tGradient 0.7480 tsec 4.7810

#GCAMreg# pass 0 level1 0 level2 1 tsec 24.847 sigma 0.5
l_jacobian=1.00 l_label=1.00 l_log_likelihood=0.20 l_smoothness=2.00 
tol=5.00e-02, dt=5.00e-02, exp_k=20.0, momentum=0.90, levels=6, niter=500, lbl_dist=10.00, avgs=0, sigma=0.5,type=2, relabel=0, neg=no

blurring input image with Gaussian with sigma=0.500...
GCAMRegisterLevel(): init RMS 0.492193
#FOTS# QuadFit found better minimum quadopt=(dt=0.448,rms=0.489182) vs oldopt=(dt=0.32,rms=0.489802)
#GCMRL#  426 dt   0.448000 rms  0.489  0.612% neg 0  invalid 762 tFOTS 4.0700 tGradient 0.7590 tsec 5.1580
#FOTS# QuadFit found better minimum quadopt=(dt=0.448,rms=0.489065) vs oldopt=(dt=0.32,rms=0.489089)
#GCMRL#  427 dt   0.448000 rms  0.489  0.000% neg 0  invalid 762 tFOTS 4.0000 tGradient 0.7520 tsec 5.1990
#GCMRL#  428 dt   0.448000 rms  0.489  0.073% neg 0  invalid 762 tFOTS 0.0000 tGradient 0.8050 tsec 1.1520
#GCMRL#  429 dt   0.448000 rms  0.488  0.115% neg 0  invalid 762 tFOTS 0.0000 tGradient 0.7990 tsec 1.1220
#GCMRL#  430 dt   0.448000 rms  0.487  0.136% neg 0  invalid 762 tFOTS 0.0000 tGradient 0.8400 tsec 1.1640
#GCMRL#  431 dt   0.448000 rms  0.487  0.160% neg 0  invalid 762 tFOTS 0.0000 tGradient 0.7360 tsec 1.0700
#GCMRL#  432 dt   0.448000 rms  0.486  0.186% neg 0  invalid 762 tFOTS 0.0000 tGradient 0.7610 tsec 1.0960
#GCMRL#  433 dt   0.448000 rms  0.485  0.190% neg 0  invalid 762 tFOTS 0.0000 tGradient 0.8650 tsec 1.2320
#GCMRL#  434 dt   0.448000 rms  0.484  0.163% neg 0  invalid 762 tFOTS 0.0000 tGradient 0.8870 tsec 1.2520
#GCMRL#  435 dt   0.448000 rms  0.484  0.103% neg 0  invalid 762 tFOTS 0.0000 tGradient 0.8710 tsec 1.2470
#GCMRL#  436 dt   0.448000 rms  0.483  0.036% neg 0  invalid 762 tFOTS 0.0000 tGradient 0.8830 tsec 1.2390
#GCMRL#  437 dt   0.448000 rms  0.483 -0.011% neg 0  invalid 762 tFOTS 0.0000 tGradient 0.9210 tsec 1.5770
GCAMregister done in 21.0844 min
********************* ALLOWING NEGATIVE NODES IN DEFORMATION********************************
noneg post
Starting GCAMregister()
label assignment complete, 0 changed (0.00%)
npasses = 1, nlevels = 6
#pass# 1 of 1 ************************
enabling zero nodes
setting smoothness cost coefficient to 0.008

#GCAMreg# pass 0 level1 5 level2 0 tsec 0 sigma 2
l_jacobian=1.00 l_label=1.00 l_log_likelihood=0.20 l_smoothness=0.01 
tol=2.50e-01, dt=5.00e-02, exp_k=20.0, momentum=0.90, levels=6, niter=500, lbl_dist=10.00, avgs=256, sigma=2.0,type=2, relabel=0, neg=yes

blurring input image with Gaussian with sigma=2.000...
GCAMRegisterLevel(): init RMS 0.481107
#GCMRL#  439 dt   0.000000 rms  0.481  0.094% neg 0  invalid 762 tFOTS 4.9300 tGradient 2.0550 tsec 7.3260

#GCAMreg# pass 0 level1 5 level2 1 tsec 23.569 sigma 0.5
l_jacobian=1.00 l_label=1.00 l_log_likelihood=0.20 l_smoothness=0.01 
tol=2.50e-01, dt=5.00e-02, exp_k=20.0, momentum=0.90, levels=6, niter=500, lbl_dist=10.00, avgs=256, sigma=0.5,type=2, relabel=0, neg=yes

blurring input image with Gaussian with sigma=0.500...
GCAMRegisterLevel(): init RMS 0.481107
#GCMRL#  441 dt  92.480000 rms  0.481  0.106% neg 0  invalid 762 tFOTS 4.9300 tGradient 2.1040 tsec 7.3810
#FOTS# QuadFit found better minimum quadopt=(dt=517.888,rms=0.480116) vs oldopt=(dt=369.92,rms=0.480154)
#GCMRL#  442 dt 517.888000 rms  0.480  0.000% neg 0  invalid 762 tFOTS 5.2610 tGradient 2.0960 tsec 7.7510
setting smoothness cost coefficient to 0.031

#GCAMreg# pass 0 level1 4 level2 0 tsec 0 sigma 2
l_jacobian=1.00 l_label=1.00 l_log_likelihood=0.20 l_smoothness=0.03 
tol=2.50e-01, dt=5.00e-02, exp_k=20.0, momentum=0.90, levels=6, niter=500, lbl_dist=10.00, avgs=64, sigma=2.0,type=2, relabel=0, neg=yes

blurring input image with Gaussian with sigma=2.000...
GCAMRegisterLevel(): init RMS 0.480615
#GCMRL#  444 dt  25.920000 rms  0.480  0.130% neg 0  invalid 762 tFOTS 4.8600 tGradient 1.7010 tsec 6.9080
#FOTS# QuadFit found better minimum quadopt=(dt=36.288,rms=0.479771) vs oldopt=(dt=25.92,rms=0.479806)
#GCMRL#  445 dt  36.288000 rms  0.480  0.000% neg 0  invalid 762 tFOTS 5.2300 tGradient 1.6510 tsec 7.2700
#GCMRL#  446 dt  36.288000 rms  0.479  0.066% neg 0  invalid 762 tFOTS 0.0000 tGradient 1.7590 tsec 2.1010
#GCMRL#  447 dt  36.288000 rms  0.479  0.077% neg 0  invalid 762 tFOTS 0.0000 tGradient 1.8800 tsec 2.2320
iter 0, gcam->neg = 1
after 0 iterations, nbhd size=0, neg = 0
#GCMRL#  448 dt  36.288000 rms  0.479  0.046% neg 0  invalid 762 tFOTS 0.0000 tGradient 1.8890 tsec 2.8910
iter 0, gcam->neg = 1
after 0 iterations, nbhd size=0, neg = 0

#GCAMreg# pass 0 level1 4 level2 1 tsec 32.497 sigma 0.5
l_jacobian=1.00 l_label=1.00 l_log_likelihood=0.20 l_smoothness=0.03 
tol=2.50e-01, dt=5.00e-02, exp_k=20.0, momentum=0.90, levels=6, niter=500, lbl_dist=10.00, avgs=64, sigma=0.5,type=2, relabel=0, neg=yes

blurring input image with Gaussian with sigma=0.500...
GCAMRegisterLevel(): init RMS 0.479263
#FOTS# QuadFit found better minimum quadopt=(dt=159.116,rms=0.474552) vs oldopt=(dt=103.68,rms=0.475022)
iter 0, gcam->neg = 1
after 0 iterations, nbhd size=0, neg = 0
#GCMRL#  450 dt 159.116022 rms  0.475  0.982% neg 0  invalid 762 tFOTS 5.4390 tGradient 1.5740 tsec 8.0040
#FOTS# QuadFit found better minimum quadopt=(dt=36.288,rms=0.474025) vs oldopt=(dt=25.92,rms=0.474052)
#GCMRL#  451 dt  36.288000 rms  0.474  0.000% neg 0  invalid 762 tFOTS 5.7040 tGradient 1.5770 tsec 7.6820
#GCMRL#  452 dt  36.288000 rms  0.474  0.022% neg 0  invalid 762 tFOTS 0.0000 tGradient 1.6720 tsec 2.0250
#GCMRL#  453 dt  36.288000 rms  0.474  0.009% neg 0  invalid 762 tFOTS 0.0000 tGradient 1.5910 tsec 1.9510
#GCMRL#  454 dt  36.288000 rms  0.474  0.031% neg 0  invalid 762 tFOTS 0.0000 tGradient 1.6570 tsec 2.0080
#GCMRL#  455 dt  36.288000 rms  0.473  0.107% neg 0  invalid 762 tFOTS 0.0000 tGradient 1.5310 tsec 1.8390
#GCMRL#  456 dt  36.288000 rms  0.472  0.160% neg 0  invalid 762 tFOTS 0.0000 tGradient 1.5420 tsec 1.8860
iter 0, gcam->neg = 1
after 0 iterations, nbhd size=0, neg = 0
#GCMRL#  457 dt  36.288000 rms  0.472  0.159% neg 0  invalid 762 tFOTS 0.0000 tGradient 1.6040 tsec 2.5760
#GCMRL#  458 dt  36.288000 rms  0.471  0.127% neg 0  invalid 762 tFOTS 0.0000 tGradient 1.5800 tsec 1.9230
iter 0, gcam->neg = 1
after 0 iterations, nbhd size=0, neg = 0
#GCMRL#  459 dt  36.288000 rms  0.471  0.095% neg 0  invalid 762 tFOTS 0.0000 tGradient 1.6210 tsec 2.6010
iter 0, gcam->neg = 1
after 1 iterations, nbhd size=0, neg = 0
#GCMRL#  460 dt  36.288000 rms  0.470  0.063% neg 0  invalid 762 tFOTS 0.0000 tGradient 1.6140 tsec 2.9560
#FOTS# QuadFit found better minimum quadopt=(dt=82.944,rms=0.470277) vs oldopt=(dt=103.68,rms=0.470279)
#GCMRL#  461 dt  82.944000 rms  0.470  0.000% neg 0  invalid 762 tFOTS 5.3780 tGradient 1.6360 tsec 7.4160
setting smoothness cost coefficient to 0.118

#GCAMreg# pass 0 level1 3 level2 0 tsec 0 sigma 2
l_jacobian=1.00 l_label=1.00 l_log_likelihood=0.20 l_smoothness=0.12 
tol=2.50e-01, dt=5.00e-02, exp_k=20.0, momentum=0.90, levels=6, niter=500, lbl_dist=10.00, avgs=16, sigma=2.0,type=2, relabel=0, neg=yes

blurring input image with Gaussian with sigma=2.000...
GCAMRegisterLevel(): init RMS 0.471318
#FOTS# QuadFit found better minimum quadopt=(dt=38.4,rms=0.468896) vs oldopt=(dt=32,rms=0.468905)
iter 0, gcam->neg = 7
after 3 iterations, nbhd size=0, neg = 0
#GCMRL#  463 dt  38.400000 rms  0.469  0.514% neg 0  invalid 762 tFOTS 5.5200 tGradient 1.5730 tsec 9.2550
#FOTS# QuadFit found better minimum quadopt=(dt=82.1493,rms=0.464216) vs oldopt=(dt=128,rms=0.46523)
iter 0, gcam->neg = 11
after 13 iterations, nbhd size=1, neg = 0
#GCMRL#  464 dt  82.149254 rms  0.464  0.978% neg 0  invalid 762 tFOTS 5.6210 tGradient 1.5810 tsec 12.7680
#FOTS# QuadFit found better minimum quadopt=(dt=23.5119,rms=0.463238) vs oldopt=(dt=32,rms=0.463493)
#GCMRL#  465 dt  23.511936 rms  0.463  0.000% neg 0  invalid 762 tFOTS 5.7510 tGradient 1.9760 tsec 8.1260
iter 0, gcam->neg = 2
after 7 iterations, nbhd size=1, neg = 0
#GCMRL#  466 dt  23.511936 rms  0.462  0.182% neg 0  invalid 762 tFOTS 0.0000 tGradient 1.5450 tsec 5.0940
iter 0, gcam->neg = 2
after 10 iterations, nbhd size=1, neg = 0
#GCMRL#  467 dt  23.511936 rms  0.462  0.184% neg 0  invalid 762 tFOTS 0.0000 tGradient 1.5110 tsec 6.0820
iter 0, gcam->neg = 6
after 1 iterations, nbhd size=0, neg = 0
#GCMRL#  468 dt  23.511936 rms  0.460  0.368% neg 0  invalid 762 tFOTS 0.0000 tGradient 1.5340 tsec 2.9100
iter 0, gcam->neg = 9
after 9 iterations, nbhd size=1, neg = 0
#GCMRL#  469 dt  23.511936 rms  0.458  0.378% neg 0  invalid 762 tFOTS 0.0000 tGradient 1.5060 tsec 5.8330
iter 0, gcam->neg = 6
after 9 iterations, nbhd size=1, neg = 0
#GCMRL#  470 dt  23.511936 rms  0.457  0.298% neg 0  invalid 762 tFOTS 0.0000 tGradient 1.5070 tsec 5.8130
iter 0, gcam->neg = 15
after 10 iterations, nbhd size=1, neg = 0
#GCMRL#  471 dt  23.511936 rms  0.455  0.276% neg 0  invalid 762 tFOTS 0.0000 tGradient 1.5390 tsec 6.1950
iter 0, gcam->neg = 11
after 5 iterations, nbhd size=0, neg = 0
#GCMRL#  472 dt  23.511936 rms  0.455  0.193% neg 0  invalid 762 tFOTS 0.0000 tGradient 1.6530 tsec 4.6160
iter 0, gcam->neg = 9
after 10 iterations, nbhd size=1, neg = 0
#GCMRL#  473 dt  23.511936 rms  0.454  0.192% neg 0  invalid 762 tFOTS 0.0000 tGradient 1.6260 tsec 7.0260
iter 0, gcam->neg = 8
after 10 iterations, nbhd size=1, neg = 0
#GCMRL#  474 dt  23.511936 rms  0.453  0.200% neg 0  invalid 762 tFOTS 0.0000 tGradient 1.6240 tsec 7.1460
iter 0, gcam->neg = 4
after 8 iterations, nbhd size=1, neg = 0
#GCMRL#  475 dt  23.511936 rms  0.452  0.162% neg 0  invalid 762 tFOTS 0.0000 tGradient 1.7040 tsec 6.3310
iter 0, gcam->neg = 5
after 2 iterations, nbhd size=0, neg = 0
#GCMRL#  476 dt  23.511936 rms  0.452  0.113% neg 0  invalid 762 tFOTS 0.0000 tGradient 1.6360 tsec 3.6810
iter 0, gcam->neg = 1
after 3 iterations, nbhd size=0, neg = 0
#GCMRL#  477 dt  23.511936 rms  0.451  0.123% neg 0  invalid 762 tFOTS 0.0000 tGradient 1.6160 tsec 4.0920
iter 0, gcam->neg = 1
after 1 iterations, nbhd size=0, neg = 0
#GCMRL#  478 dt  23.511936 rms  0.450  0.122% neg 0  invalid 762 tFOTS 0.0000 tGradient 1.6470 tsec 3.4260
#FOTS# QuadFit found better minimum quadopt=(dt=25.6,rms=0.450291) vs oldopt=(dt=32,rms=0.450294)
#GCMRL#  479 dt  25.600000 rms  0.450  0.000% neg 0  invalid 762 tFOTS 5.5070 tGradient 1.8180 tsec 7.7080
#GCMRL#  480 dt  25.600000 rms  0.450  0.040% neg 0  invalid 762 tFOTS 0.0000 tGradient 1.6910 tsec 2.0230
#GCMRL#  481 dt  25.600000 rms  0.450  0.037% neg 0  invalid 762 tFOTS 0.0000 tGradient 1.6940 tsec 2.0490

#GCAMreg# pass 0 level1 3 level2 1 tsec 120.421 sigma 0.5
l_jacobian=1.00 l_label=1.00 l_log_likelihood=0.20 l_smoothness=0.12 
tol=2.50e-01, dt=5.00e-02, exp_k=20.0, momentum=0.90, levels=6, niter=500, lbl_dist=10.00, avgs=16, sigma=0.5,type=2, relabel=0, neg=yes

blurring input image with Gaussian with sigma=0.500...
GCAMRegisterLevel(): init RMS 0.450322
#FOTS# QuadFit found better minimum quadopt=(dt=69.4237,rms=0.446124) vs oldopt=(dt=32,rms=0.446965)
iter 0, gcam->neg = 1
after 1 iterations, nbhd size=0, neg = 0
#GCMRL#  483 dt  69.423729 rms  0.446  0.932% neg 0  invalid 762 tFOTS 5.4770 tGradient 1.7100 tsec 8.6100
#FOTS# QuadFit found better minimum quadopt=(dt=11.2,rms=0.445473) vs oldopt=(dt=8,rms=0.445625)
#GCMRL#  484 dt  11.200000 rms  0.445  0.000% neg 0  invalid 762 tFOTS 5.5200 tGradient 1.7050 tsec 7.5970
#GCMRL#  485 dt  11.200000 rms  0.445  0.072% neg 0  invalid 762 tFOTS 0.0000 tGradient 1.5790 tsec 1.9130
#GCMRL#  486 dt  11.200000 rms  0.445  0.008% neg 0  invalid 762 tFOTS 0.0000 tGradient 1.6240 tsec 1.9530
setting smoothness cost coefficient to 0.400

#GCAMreg# pass 0 level1 2 level2 0 tsec 0 sigma 2
l_jacobian=1.00 l_label=1.00 l_log_likelihood=0.20 l_smoothness=0.40 
tol=2.50e-01, dt=5.00e-02, exp_k=20.0, momentum=0.90, levels=6, niter=500, lbl_dist=10.00, avgs=4, sigma=2.0,type=2, relabel=0, neg=yes

blurring input image with Gaussian with sigma=2.000...
GCAMRegisterLevel(): init RMS 0.455762
#FOTS# QuadFit found better minimum quadopt=(dt=2.875,rms=0.455035) vs oldopt=(dt=2.88,rms=0.455035)
#GCMRL#  488 dt   2.875000 rms  0.455  0.160% neg 0  invalid 762 tFOTS 5.7240 tGradient 1.5800 tsec 7.6780
#FOTS# QuadFit found better minimum quadopt=(dt=1.008,rms=0.455008) vs oldopt=(dt=0.72,rms=0.45501)
#GCMRL#  489 dt   1.008000 rms  0.455  0.000% neg 0  invalid 762 tFOTS 5.7500 tGradient 1.6340 tsec 7.7800
#GCMRL#  490 dt   1.008000 rms  0.455  0.002% neg 0  invalid 762 tFOTS 0.0000 tGradient 1.6350 tsec 1.9890

#GCAMreg# pass 0 level1 2 level2 1 tsec 28.265 sigma 0.5
l_jacobian=1.00 l_label=1.00 l_log_likelihood=0.20 l_smoothness=0.40 
tol=2.50e-01, dt=5.00e-02, exp_k=20.0, momentum=0.90, levels=6, niter=500, lbl_dist=10.00, avgs=4, sigma=0.5,type=2, relabel=0, neg=yes

blurring input image with Gaussian with sigma=0.500...
GCAMRegisterLevel(): init RMS 0.455471
#FOTS# QuadFit found better minimum quadopt=(dt=7.04762,rms=0.454009) vs oldopt=(dt=2.88,rms=0.454361)
#GCMRL#  492 dt   7.047619 rms  0.454  0.321% neg 0  invalid 762 tFOTS 5.7280 tGradient 1.6300 tsec 7.7210
#FOTS# QuadFit found better minimum quadopt=(dt=8.1194,rms=0.453491) vs oldopt=(dt=11.52,rms=0.453585)
#GCMRL#  493 dt   8.119403 rms  0.453  0.000% neg 0  invalid 762 tFOTS 5.6430 tGradient 1.6280 tsec 7.6720
#GCMRL#  494 dt   8.119403 rms  0.453  0.120% neg 0  invalid 762 tFOTS 0.0000 tGradient 1.7100 tsec 2.0890
#GCMRL#  495 dt   8.119403 rms  0.453  0.089% neg 0  invalid 762 tFOTS 0.0000 tGradient 1.7280 tsec 2.1060
iter 0, gcam->neg = 1
after 0 iterations, nbhd size=0, neg = 0
#GCMRL#  496 dt   8.119403 rms  0.452  0.027% neg 0  invalid 762 tFOTS 0.0000 tGradient 1.7440 tsec 2.8380
#FOTS# QuadFit found better minimum quadopt=(dt=73.4955,rms=0.445576) vs oldopt=(dt=46.08,rms=0.446504)
iter 0, gcam->neg = 41
after 12 iterations, nbhd size=1, neg = 0
#GCMRL#  497 dt  73.495549 rms  0.446  1.526% neg 0  invalid 762 tFOTS 5.6590 tGradient 1.6720 tsec 12.6280
#FOTS# QuadFit found better minimum quadopt=(dt=4.53333,rms=0.445686) vs oldopt=(dt=2.88,rms=0.445722)
#GCMRL#  498 dt   4.533333 rms  0.446  0.000% neg 0  invalid 762 tFOTS 5.7090 tGradient 2.0490 tsec 8.4060
#GCMRL#  499 dt   4.533333 rms  0.446  0.067% neg 0  invalid 762 tFOTS 0.0000 tGradient 2.0310 tsec 2.4000
setting smoothness cost coefficient to 1.000

#GCAMreg# pass 0 level1 1 level2 0 tsec 0 sigma 2
l_jacobian=1.00 l_label=1.00 l_log_likelihood=0.20 l_smoothness=1.00 
tol=2.50e-01, dt=5.00e-02, exp_k=20.0, momentum=0.90, levels=6, niter=500, lbl_dist=10.00, avgs=1, sigma=2.0,type=2, relabel=0, neg=yes

blurring input image with Gaussian with sigma=2.000...
GCAMRegisterLevel(): init RMS 0.454488
#GCMRL#  501 dt   0.000000 rms  0.454  0.103% neg 0  invalid 762 tFOTS 5.2650 tGradient 1.7000 tsec 7.3360

#GCAMreg# pass 0 level1 1 level2 1 tsec 23.318 sigma 0.5
l_jacobian=1.00 l_label=1.00 l_log_likelihood=0.20 l_smoothness=1.00 
tol=2.50e-01, dt=5.00e-02, exp_k=20.0, momentum=0.90, levels=6, niter=500, lbl_dist=10.00, avgs=1, sigma=0.5,type=2, relabel=0, neg=yes

blurring input image with Gaussian with sigma=0.500...
GCAMRegisterLevel(): init RMS 0.454488
#GCMRL#  503 dt   0.000000 rms  0.454  0.103% neg 0  invalid 762 tFOTS 5.3040 tGradient 1.6490 tsec 7.3260
resetting metric properties...
setting smoothness cost coefficient to 2.000

#GCAMreg# pass 0 level1 0 level2 0 tsec 0 sigma 2
l_jacobian=1.00 l_label=1.00 l_log_likelihood=0.20 l_smoothness=2.00 
tol=2.50e-01, dt=5.00e-02, exp_k=20.0, momentum=0.90, levels=6, niter=500, lbl_dist=10.00, avgs=0, sigma=2.0,type=2, relabel=0, neg=yes

blurring input image with Gaussian with sigma=2.000...
GCAMRegisterLevel(): init RMS 0.44033
#FOTS# QuadFit found better minimum quadopt=(dt=1.9731,rms=0.415391) vs oldopt=(dt=1.28,rms=0.418623)
iter 0, gcam->neg = 575
after 13 iterations, nbhd size=1, neg = 0
#GCMRL#  505 dt   1.973099 rms  0.416  5.444% neg 0  invalid 762 tFOTS 5.8800 tGradient 1.1610 tsec 12.5080
#FOTS# QuadFit found better minimum quadopt=(dt=0.028,rms=0.416182) vs oldopt=(dt=0.02,rms=0.416185)
#GCMRL#  506 dt   0.028000 rms  0.416  0.000% neg 0  invalid 762 tFOTS 5.8420 tGradient 0.9390 tsec 7.1650

#GCAMreg# pass 0 level1 0 level2 1 tsec 29.758 sigma 0.5
l_jacobian=1.00 l_label=1.00 l_log_likelihood=0.20 l_smoothness=2.00 
tol=2.50e-01, dt=5.00e-02, exp_k=20.0, momentum=0.90, levels=6, niter=500, lbl_dist=10.00, avgs=0, sigma=0.5,type=2, relabel=0, neg=yes

blurring input image with Gaussian with sigma=0.500...
GCAMRegisterLevel(): init RMS 0.416691
#FOTS# QuadFit found better minimum quadopt=(dt=0.064,rms=0.416075) vs oldopt=(dt=0.08,rms=0.416089)
#GCMRL#  508 dt   0.064000 rms  0.416  0.148% neg 0  invalid 762 tFOTS 5.8800 tGradient 0.9890 tsec 7.2280
#GCMRL#  509 dt   0.050000 rms  0.416  0.000% neg 0  invalid 762 tFOTS 5.5450 tGradient 0.9720 tsec 6.9060
label assignment complete, 0 changed (0.00%)
GCAMregister done in 7.16062 min
Starting GCAMcomputeMaxPriorLabels()
Morphing with label term set to 0 *******************************
Starting GCAMregister()
label assignment complete, 0 changed (0.00%)
npasses = 1, nlevels = 6
#pass# 1 of 1 ************************
enabling zero nodes
setting smoothness cost coefficient to 0.008

#GCAMreg# pass 0 level1 5 level2 0 tsec 0 sigma 2
l_jacobian=1.00 l_log_likelihood=0.20 l_smoothness=0.01 
tol=2.50e-01, dt=5.00e-02, exp_k=20.0, momentum=0.90, levels=6, niter=500, lbl_dist=10.00, avgs=256, sigma=2.0,type=2, relabel=0, neg=yes

blurring input image with Gaussian with sigma=2.000...
GCAMRegisterLevel(): init RMS 0.404053

#GCAMreg# pass 0 level1 5 level2 1 tsec 15.3 sigma 0.5
l_jacobian=1.00 l_log_likelihood=0.20 l_smoothness=0.01 
tol=2.50e-01, dt=5.00e-02, exp_k=20.0, momentum=0.90, levels=6, niter=500, lbl_dist=10.00, avgs=256, sigma=0.5,type=2, relabel=0, neg=yes

blurring input image with Gaussian with sigma=0.500...
GCAMRegisterLevel(): init RMS 0.404053
setting smoothness cost coefficient to 0.031

#GCAMreg# pass 0 level1 4 level2 0 tsec 0 sigma 2
l_jacobian=1.00 l_log_likelihood=0.20 l_smoothness=0.03 
tol=2.50e-01, dt=5.00e-02, exp_k=20.0, momentum=0.90, levels=6, niter=500, lbl_dist=10.00, avgs=64, sigma=2.0,type=2, relabel=0, neg=yes

blurring input image with Gaussian with sigma=2.000...
GCAMRegisterLevel(): init RMS 0.4042

#GCAMreg# pass 0 level1 4 level2 1 tsec 14.93 sigma 0.5
l_jacobian=1.00 l_log_likelihood=0.20 l_smoothness=0.03 
tol=2.50e-01, dt=5.00e-02, exp_k=20.0, momentum=0.90, levels=6, niter=500, lbl_dist=10.00, avgs=64, sigma=0.5,type=2, relabel=0, neg=yes

blurring input image with Gaussian with sigma=0.500...
GCAMRegisterLevel(): init RMS 0.4042
#FOTS# QuadFit found better minimum quadopt=(dt=1.5,rms=0.4042) vs oldopt=(dt=1.62,rms=0.4042)
#GCMRL#  514 dt   1.500000 rms  0.404  0.000% neg 0  invalid 762 tFOTS 4.9550 tGradient 1.2480 tsec 6.5620
#FOTS# QuadFit found better minimum quadopt=(dt=0.486,rms=0.4042) vs oldopt=(dt=0.405,rms=0.4042)
#GCMRL#  515 dt   0.486000 rms  0.404  0.000% neg 0  invalid 762 tFOTS 4.8880 tGradient 1.2530 tsec 6.5020
#GCMRL#  516 dt   0.486000 rms  0.404  0.000% neg 0  invalid 762 tFOTS 0.0000 tGradient 1.2470 tsec 1.5740
setting smoothness cost coefficient to 0.118

#GCAMreg# pass 0 level1 3 level2 0 tsec 0 sigma 2
l_jacobian=1.00 l_log_likelihood=0.20 l_smoothness=0.12 
tol=2.50e-01, dt=5.00e-02, exp_k=20.0, momentum=0.90, levels=6, niter=500, lbl_dist=10.00, avgs=16, sigma=2.0,type=2, relabel=0, neg=yes

blurring input image with Gaussian with sigma=2.000...
GCAMRegisterLevel(): init RMS 0.404754
#GCMRL#  518 dt   8.000000 rms  0.405  0.055% neg 0  invalid 762 tFOTS 4.9030 tGradient 1.0860 tsec 6.3500
#FOTS# QuadFit found better minimum quadopt=(dt=6.4,rms=0.404479) vs oldopt=(dt=8,rms=0.404487)
#GCMRL#  519 dt   6.400000 rms  0.404  0.000% neg 0  invalid 762 tFOTS 4.9200 tGradient 1.0670 tsec 6.3570
#GCMRL#  520 dt   6.400000 rms  0.404  0.002% neg 0  invalid 762 tFOTS 0.0000 tGradient 1.1000 tsec 1.4310

#GCAMreg# pass 0 level1 3 level2 1 tsec 24.207 sigma 0.5
l_jacobian=1.00 l_log_likelihood=0.20 l_smoothness=0.12 
tol=2.50e-01, dt=5.00e-02, exp_k=20.0, momentum=0.90, levels=6, niter=500, lbl_dist=10.00, avgs=16, sigma=0.5,type=2, relabel=0, neg=yes

blurring input image with Gaussian with sigma=0.500...
GCAMRegisterLevel(): init RMS 0.404472
#FOTS# QuadFit found better minimum quadopt=(dt=68.6265,rms=0.402036) vs oldopt=(dt=32,rms=0.4025)
iter 0, gcam->neg = 2
after 7 iterations, nbhd size=1, neg = 0
#GCMRL#  522 dt  68.626506 rms  0.402  0.598% neg 0  invalid 762 tFOTS 4.9500 tGradient 1.0880 tsec 9.6250
#FOTS# QuadFit found better minimum quadopt=(dt=23.8068,rms=0.401163) vs oldopt=(dt=32,rms=0.401311)
iter 0, gcam->neg = 1
after 0 iterations, nbhd size=0, neg = 0
#GCMRL#  523 dt  23.806763 rms  0.401  0.000% neg 0  invalid 762 tFOTS 5.3930 tGradient 1.0810 tsec 7.4930
#GCMRL#  524 dt  23.806763 rms  0.401  0.115% neg 0  invalid 762 tFOTS 0.0000 tGradient 1.0770 tsec 1.4010
#GCMRL#  525 dt  23.806763 rms  0.400  0.147% neg 0  invalid 762 tFOTS 0.0000 tGradient 1.1480 tsec 1.4590
iter 0, gcam->neg = 4
after 3 iterations, nbhd size=0, neg = 0
#GCMRL#  526 dt  23.806763 rms  0.399  0.167% neg 0  invalid 762 tFOTS 0.0000 tGradient 1.0780 tsec 3.0570
iter 0, gcam->neg = 6
after 9 iterations, nbhd size=1, neg = 0
#GCMRL#  527 dt  23.806763 rms  0.399  0.126% neg 0  invalid 762 tFOTS 0.0000 tGradient 1.0860 tsec 5.1420
iter 0, gcam->neg = 3
after 1 iterations, nbhd size=0, neg = 0
#GCMRL#  528 dt  23.806763 rms  0.398  0.154% neg 0  invalid 762 tFOTS 0.0000 tGradient 1.0900 tsec 2.3740
iter 0, gcam->neg = 9
after 8 iterations, nbhd size=1, neg = 0
#GCMRL#  529 dt  23.806763 rms  0.398  0.111% neg 0  invalid 762 tFOTS 0.0000 tGradient 1.0700 tsec 4.7880
iter 0, gcam->neg = 3
after 0 iterations, nbhd size=0, neg = 0
#GCMRL#  530 dt  23.806763 rms  0.397  0.121% neg 0  invalid 762 tFOTS 0.0000 tGradient 1.0870 tsec 2.0520
iter 0, gcam->neg = 5
after 9 iterations, nbhd size=1, neg = 0
#GCMRL#  531 dt  23.806763 rms  0.397  0.097% neg 0  invalid 762 tFOTS 0.0000 tGradient 1.0590 tsec 5.2160
#FOTS# QuadFit found better minimum quadopt=(dt=38.4,rms=0.396922) vs oldopt=(dt=32,rms=0.396922)
#GCMRL#  532 dt  38.400000 rms  0.397  0.000% neg 0  invalid 762 tFOTS 5.1310 tGradient 1.1200 tsec 6.6250
#GCMRL#  533 dt  38.400000 rms  0.397  0.020% neg 0  invalid 762 tFOTS 0.0000 tGradient 1.1090 tsec 1.4480
#GCMRL#  534 dt  38.400000 rms  0.397  0.056% neg 0  invalid 762 tFOTS 0.0000 tGradient 1.0960 tsec 1.4430
#GCMRL#  535 dt  38.400000 rms  0.397  0.015% neg 0  invalid 762 tFOTS 0.0000 tGradient 1.1120 tsec 1.4440
#GCMRL#  536 dt  38.400000 rms  0.396  0.045% neg 0  invalid 762 tFOTS 0.0000 tGradient 1.0940 tsec 1.4400
#GCMRL#  537 dt  38.400000 rms  0.396  0.047% neg 0  invalid 762 tFOTS 0.0000 tGradient 1.0950 tsec 1.4430
iter 0, gcam->neg = 1
after 1 iterations, nbhd size=0, neg = 0
#GCMRL#  538 dt  38.400000 rms  0.396  0.052% neg 0  invalid 762 tFOTS 0.0000 tGradient 1.0920 tsec 2.4390
iter 0, gcam->neg = 3
after 1 iterations, nbhd size=0, neg = 0
#GCMRL#  539 dt  38.400000 rms  0.396  0.058% neg 0  invalid 762 tFOTS 0.0000 tGradient 1.1300 tsec 2.5000
iter 0, gcam->neg = 4
after 0 iterations, nbhd size=0, neg = 0
setting smoothness cost coefficient to 0.400

#GCAMreg# pass 0 level1 2 level2 0 tsec 0 sigma 2
l_jacobian=1.00 l_log_likelihood=0.20 l_smoothness=0.40 
tol=2.50e-01, dt=5.00e-02, exp_k=20.0, momentum=0.90, levels=6, niter=500, lbl_dist=10.00, avgs=4, sigma=2.0,type=2, relabel=0, neg=yes

blurring input image with Gaussian with sigma=2.000...
GCAMRegisterLevel(): init RMS 0.399534
#FOTS# QuadFit found better minimum quadopt=(dt=0.000140625,rms=0.399534) vs oldopt=(dt=0.000175781,rms=0.399534)
#GCMRL#  541 dt   0.000141 rms  0.400  0.000% neg 0  invalid 762 tFOTS 6.9310 tGradient 1.1020 tsec 8.3900

#GCAMreg# pass 0 level1 2 level2 1 tsec 23.771 sigma 0.5
l_jacobian=1.00 l_log_likelihood=0.20 l_smoothness=0.40 
tol=2.50e-01, dt=5.00e-02, exp_k=20.0, momentum=0.90, levels=6, niter=500, lbl_dist=10.00, avgs=4, sigma=0.5,type=2, relabel=0, neg=yes

blurring input image with Gaussian with sigma=0.500...
GCAMRegisterLevel(): init RMS 0.399534
#FOTS# QuadFit found better minimum quadopt=(dt=6.28571,rms=0.399285) vs oldopt=(dt=2.88,rms=0.39936)
#GCMRL#  543 dt   6.285714 rms  0.399  0.062% neg 0  invalid 762 tFOTS 5.4200 tGradient 1.0920 tsec 6.8560
#FOTS# QuadFit found better minimum quadopt=(dt=9.05263,rms=0.399129) vs oldopt=(dt=11.52,rms=0.399149)
#GCMRL#  544 dt   9.052632 rms  0.399  0.000% neg 0  invalid 762 tFOTS 5.4280 tGradient 1.1030 tsec 6.9110
#GCMRL#  545 dt   9.052632 rms  0.399  0.051% neg 0  invalid 762 tFOTS 0.0000 tGradient 1.0860 tsec 1.4230
#GCMRL#  546 dt   9.052632 rms  0.399  0.050% neg 0  invalid 762 tFOTS 0.0000 tGradient 1.0720 tsec 1.4050
iter 0, gcam->neg = 2
after 0 iterations, nbhd size=0, neg = 0
setting smoothness cost coefficient to 1.000

#GCAMreg# pass 0 level1 1 level2 0 tsec 0 sigma 2
l_jacobian=1.00 l_log_likelihood=0.20 l_smoothness=1.00 
tol=2.50e-01, dt=5.00e-02, exp_k=20.0, momentum=0.90, levels=6, niter=500, lbl_dist=10.00, avgs=1, sigma=2.0,type=2, relabel=0, neg=yes

blurring input image with Gaussian with sigma=2.000...
GCAMRegisterLevel(): init RMS 0.403844
#FOTS# QuadFit found better minimum quadopt=(dt=4e-05,rms=0.403844) vs oldopt=(dt=5e-05,rms=0.403844)
#GCMRL#  548 dt   0.000040 rms  0.404  0.000% neg 0  invalid 762 tFOTS 6.9790 tGradient 0.9080 tsec 8.2550

#GCAMreg# pass 0 level1 1 level2 1 tsec 23.34 sigma 0.5
l_jacobian=1.00 l_log_likelihood=0.20 l_smoothness=1.00 
tol=2.50e-01, dt=5.00e-02, exp_k=20.0, momentum=0.90, levels=6, niter=500, lbl_dist=10.00, avgs=1, sigma=0.5,type=2, relabel=0, neg=yes

blurring input image with Gaussian with sigma=0.500...
GCAMRegisterLevel(): init RMS 0.403844
resetting metric properties...
setting smoothness cost coefficient to 2.000

#GCAMreg# pass 0 level1 0 level2 0 tsec 0 sigma 2
l_jacobian=1.00 l_log_likelihood=0.20 l_smoothness=2.00 
tol=2.50e-01, dt=5.00e-02, exp_k=20.0, momentum=0.90, levels=6, niter=500, lbl_dist=10.00, avgs=0, sigma=2.0,type=2, relabel=0, neg=yes

blurring input image with Gaussian with sigma=2.000...
GCAMRegisterLevel(): init RMS 0.394973
#FOTS# QuadFit found better minimum quadopt=(dt=1.20738,rms=0.386309) vs oldopt=(dt=1.28,rms=0.386315)
iter 0, gcam->neg = 378
after 13 iterations, nbhd size=1, neg = 0
#GCMRL#  551 dt   1.207378 rms  0.388  1.807% neg 0  invalid 762 tFOTS 5.5460 tGradient 0.3370 tsec 11.2670
#GCMRL#  552 dt   0.000020 rms  0.388  0.000% neg 0  invalid 762 tFOTS 6.9210 tGradient 0.3560 tsec 7.6540

#GCAMreg# pass 0 level1 0 level2 1 tsec 28.265 sigma 0.5
l_jacobian=1.00 l_log_likelihood=0.20 l_smoothness=2.00 
tol=2.50e-01, dt=5.00e-02, exp_k=20.0, momentum=0.90, levels=6, niter=500, lbl_dist=10.00, avgs=0, sigma=0.5,type=2, relabel=0, neg=yes

blurring input image with Gaussian with sigma=0.500...
GCAMRegisterLevel(): init RMS 0.387836
#FOTS# QuadFit found better minimum quadopt=(dt=0.096,rms=0.387674) vs oldopt=(dt=0.08,rms=0.387679)
#GCMRL#  554 dt   0.096000 rms  0.388  0.042% neg 0  invalid 762 tFOTS 5.4410 tGradient 0.3390 tsec 6.1180
#FOTS# QuadFit found better minimum quadopt=(dt=0.064,rms=0.387626) vs oldopt=(dt=0.08,rms=0.387628)
#GCMRL#  555 dt   0.064000 rms  0.388  0.000% neg 0  invalid 762 tFOTS 5.4590 tGradient 0.3410 tsec 6.1650
#GCMRL#  556 dt   0.064000 rms  0.388  0.006% neg 0  invalid 762 tFOTS 0.0000 tGradient 0.3390 tsec 0.6550
GCAMregister done in 4.3788 min
writing output transformation to transforms/talairach.m3z...
GCAMwrite
Calls to gcamLogLikelihoodEnergy 4225 tmin = 1.65988
Calls to gcamLabelEnergy         3725 tmin = 1.14057
Calls to gcamJacobianEnergy      4225 tmin = 1.3665
Calls to gcamSmoothnessEnergy    4225 tmin = 4.25495
Calls to gcamLogLikelihoodTerm 558 tmin = 0.5054
Calls to gcamLabelTerm         511 tmin = 5.03698
Calls to gcamJacobianTerm      558 tmin = 0.988717
Calls to gcamSmoothnessTerm    558 tmin = 0.403467
Calls to gcamComputeGradient    558 tmin = 16.2571
Calls to gcamComputeMetricProperties    5888 tmin = 2.61733
mri_ca_register took 0 hours, 42 minutes and 36 seconds.
#VMPC# mri_ca_register VmPeak  3581428
FSRUNTIME@ mri_ca_register  0.7101 hours 16 threads
#--------------------------------------
#@# SubCort Seg Tue Mar 10 07:50:54 CET 2026

 mri_ca_label -relabel_unlikely 9 .3 -prior 0.5 -align norm.mgz transforms/talairach.m3z /opt/freesurfer/average/RB_all_2020-01-02.gca aseg.auto_noCCseg.mgz 

sysname  Linux
hostname dna079
machine  x86_64

setenv SUBJECTS_DIR /out/sourcedata/freesurfer
cd /out/sourcedata/freesurfer/sub-v1s8x0051343_ses-1/mri
mri_ca_label -relabel_unlikely 9 .3 -prior 0.5 -align norm.mgz transforms/talairach.m3z /opt/freesurfer/average/RB_all_2020-01-02.gca aseg.auto_noCCseg.mgz 

relabeling unlikely voxels with window_size = 9 and prior threshold 0.30
using Gibbs prior factor = 0.500
renormalizing sequences with structure alignment, equivalent to:
	-renormalize
	-renormalize_mean 0.500
	-regularize 0.500

== Number of threads available to for OpenMP = 16 == 
reading 1 input volumes
reading classifier array from /opt/freesurfer/average/RB_all_2020-01-02.gca
reading input volume from norm.mgz
average std[0] = 7.2
reading transform from transforms/talairach.m3z
setting orig areas to linear transform determinant scaled 7.09
Atlas used for the 3D morph was /opt/freesurfer/average/RB_all_2020-01-02.gca
average std = 7.2   using min determinant for regularization = 5.2
0 singular and 0 ill-conditioned covariance matrices regularized
labeling volume...
renormalizing by structure alignment....
renormalizing input #0
gca peak = 0.15521 (20)
mri peak = 0.13481 (29)
Left_Lateral_Ventricle (4): linear fit = 1.43 x + 0.0 (1824 voxels, overlap=0.141)
Left_Lateral_Ventricle (4): linear fit = 1.43 x + 0.0 (1824 voxels, peak = 29), gca=28.7
gca peak = 0.20380 (13)
mri peak = 0.19340 (28)
Right_Lateral_Ventricle (43): linear fit = 2.08 x + 0.0 (2435 voxels, overlap=0.132)
Right_Lateral_Ventricle (43): linear fit = 1.50 x + 0.0 (2435 voxels, peak = 27), gca=19.5
gca peak = 0.26283 (96)
mri peak = 0.16433 (101)
Right_Pallidum (52): linear fit = 1.07 x + 0.0 (710 voxels, overlap=0.393)
Right_Pallidum (52): linear fit = 1.07 x + 0.0 (710 voxels, peak = 102), gca=102.2
gca peak = 0.15814 (97)
mri peak = 0.16667 (104)
Left_Pallidum (13): linear fit = 1.10 x + 0.0 (690 voxels, overlap=0.019)
Left_Pallidum (13): linear fit = 1.10 x + 0.0 (690 voxels, peak = 106), gca=106.2
gca peak = 0.27624 (56)
mri peak = 0.15639 (74)
Right_Hippocampus (53): linear fit = 1.29 x + 0.0 (690 voxels, overlap=0.014)
Right_Hippocampus (53): linear fit = 1.29 x + 0.0 (690 voxels, peak = 73), gca=72.5
gca peak = 0.28723 (59)
mri peak = 0.11781 (76)
Left_Hippocampus (17): linear fit = 1.29 x + 0.0 (1138 voxels, overlap=0.017)
Left_Hippocampus (17): linear fit = 1.29 x + 0.0 (1138 voxels, peak = 76), gca=76.4
gca peak = 0.07623 (103)
mri peak = 0.10885 (106)
Right_Cerebral_White_Matter (41): linear fit = 1.03 x + 0.0 (48435 voxels, overlap=0.569)
Right_Cerebral_White_Matter (41): linear fit = 1.03 x + 0.0 (48435 voxels, peak = 107), gca=106.6
gca peak = 0.07837 (105)
mri peak = 0.11080 (108)
Left_Cerebral_White_Matter (2): linear fit = 1.04 x + 0.0 (49926 voxels, overlap=0.474)
Left_Cerebral_White_Matter (2): linear fit = 1.04 x + 0.0 (49926 voxels, peak = 110), gca=109.7
gca peak = 0.10165 (58)
mri peak = 0.04525 (72)
Left_Cerebral_Cortex (3): linear fit = 1.22 x + 0.0 (40214 voxels, overlap=0.283)
Left_Cerebral_Cortex (3): linear fit = 1.22 x + 0.0 (40214 voxels, peak = 70), gca=70.5
gca peak = 0.11113 (58)
mri peak = 0.04502 (74)
Right_Cerebral_Cortex (42): linear fit = 1.25 x + 0.0 (39598 voxels, overlap=0.166)
Right_Cerebral_Cortex (42): linear fit = 1.25 x + 0.0 (39598 voxels, peak = 72), gca=72.2
gca peak = 0.27796 (67)
mri peak = 0.24632 (85)
Right_Caudate (50): linear fit = 1.25 x + 0.0 (1290 voxels, overlap=0.016)
Right_Caudate (50): linear fit = 1.25 x + 0.0 (1290 voxels, peak = 84), gca=84.1
gca peak = 0.14473 (69)
mri peak = 0.21794 (85)
Left_Caudate (11): linear fit = 1.22 x + 0.0 (1193 voxels, overlap=0.014)
Left_Caudate (11): linear fit = 1.22 x + 0.0 (1193 voxels, peak = 84), gca=83.8
gca peak = 0.14301 (56)
mri peak = 0.06525 (71)
Left_Cerebellum_Cortex (8): linear fit = 1.26 x + 0.0 (30509 voxels, overlap=0.017)
Left_Cerebellum_Cortex (8): linear fit = 1.26 x + 0.0 (30509 voxels, peak = 71), gca=70.8
gca peak = 0.14610 (55)
mri peak = 0.07703 (73)
Right_Cerebellum_Cortex (47): linear fit = 1.29 x + 0.0 (32084 voxels, overlap=0.001)
Right_Cerebellum_Cortex (47): linear fit = 1.29 x + 0.0 (32084 voxels, peak = 71), gca=71.2
gca peak = 0.16309 (85)
mri peak = 0.11821 (90)
Left_Cerebellum_White_Matter (7): linear fit = 1.07 x + 0.0 (6899 voxels, overlap=0.562)
Left_Cerebellum_White_Matter (7): linear fit = 1.07 x + 0.0 (6899 voxels, peak = 91), gca=90.5
gca peak = 0.15172 (84)
mri peak = 0.14295 (89)
Right_Cerebellum_White_Matter (46): linear fit = 1.07 x + 0.0 (5644 voxels, overlap=0.588)
Right_Cerebellum_White_Matter (46): linear fit = 1.07 x + 0.0 (5644 voxels, peak = 89), gca=89.5
gca peak = 0.30461 (58)
mri peak = 0.22939 (78)
Left_Amygdala (18): linear fit = 1.34 x + 0.0 (696 voxels, overlap=0.041)
Left_Amygdala (18): linear fit = 1.34 x + 0.0 (696 voxels, peak = 77), gca=77.4
gca peak = 0.32293 (57)
mri peak = 0.12083 (77)
Right_Amygdala (54): linear fit = 1.33 x + 0.0 (721 voxels, overlap=0.043)
Right_Amygdala (54): linear fit = 1.33 x + 0.0 (721 voxels, peak = 76), gca=75.5
gca peak = 0.11083 (90)
mri peak = 0.09756 (97)
Left_Thalamus (10): linear fit = 1.08 x + 0.0 (5653 voxels, overlap=0.632)
Left_Thalamus (10): linear fit = 1.08 x + 0.0 (5653 voxels, peak = 97), gca=96.8
gca peak = 0.11393 (83)
mri peak = 0.09052 (94)
Right_Thalamus (49): linear fit = 1.12 x + 0.0 (5487 voxels, overlap=0.436)
Right_Thalamus (49): linear fit = 1.12 x + 0.0 (5487 voxels, peak = 93), gca=92.5
gca peak = 0.08575 (81)
mri peak = 0.10770 (94)
Left_Putamen (12): linear fit = 1.16 x + 0.0 (1966 voxels, overlap=0.010)
Left_Putamen (12): linear fit = 1.16 x + 0.0 (1966 voxels, peak = 94), gca=94.4
gca peak = 0.08618 (78)
mri peak = 0.10551 (96)
Right_Putamen (51): linear fit = 1.18 x + 0.0 (2168 voxels, overlap=0.055)
Right_Putamen (51): linear fit = 1.18 x + 0.0 (2168 voxels, peak = 92), gca=92.4
gca peak = 0.08005 (78)
mri peak = 0.09766 (83)
Brain_Stem (16): linear fit = 1.07 x + 0.0 (14560 voxels, overlap=0.491)
Brain_Stem (16): linear fit = 1.07 x + 0.0 (14560 voxels, peak = 83), gca=83.1
gca peak = 0.12854 (88)
mri peak = 0.09261 (98)
Right_VentralDC (60): linear fit = 1.11 x + 0.0 (1839 voxels, overlap=0.214)
Right_VentralDC (60): linear fit = 1.11 x + 0.0 (1839 voxels, peak = 97), gca=97.2
gca peak = 0.15703 (87)
mri peak = 0.09579 (98)
Left_VentralDC (28): linear fit = 1.12 x + 0.0 (1828 voxels, overlap=0.177)
Left_VentralDC (28): linear fit = 1.12 x + 0.0 (1828 voxels, peak = 97), gca=97.0
gca peak = 0.17522 (25)
mri peak = 0.26471 (32)
Third_Ventricle (14): linear fit = 1.20 x + 0.0 (102 voxels, overlap=0.251)
Third_Ventricle (14): linear fit = 1.20 x + 0.0 (102 voxels, peak = 30), gca=29.9
gca peak = 0.17113 (14)
mri peak = 0.25302 (26)
Fourth_Ventricle (15): linear fit = 1.64 x + 0.0 (320 voxels, overlap=0.138)
Fourth_Ventricle (15): linear fit = 1.64 x + 0.0 (320 voxels, peak = 23), gca=23.0
gca peak Unknown = 0.94777 ( 0)
gca peak Left_Inf_Lat_Vent = 0.16627 (28)
gca peak Fourth_Ventricle = 0.17113 (14)
gca peak CSF = 0.20346 (36)
gca peak Left_Accumbens_area = 0.70646 (62)
gca peak Left_undetermined = 1.00000 (28)
gca peak Left_vessel = 0.89917 (53)
gca peak Left_choroid_plexus = 0.11689 (35)
gca peak Right_Inf_Lat_Vent = 0.25504 (23)
gca peak Right_Accumbens_area = 0.31650 (65)
gca peak Right_vessel = 0.77268 (52)
gca peak Right_choroid_plexus = 0.13275 (38)
gca peak Fifth_Ventricle = 0.60973 (33)
gca peak WM_hypointensities = 0.11013 (77)
gca peak non_WM_hypointensities = 0.11354 (41)
gca peak Optic_Chiasm = 0.51646 (76)
not using caudate to estimate GM means
estimating mean gm scale to be 1.28 x + 0.0
estimating mean wm scale to be 1.04 x + 0.0
estimating mean csf scale to be 1.38 x + 0.0
Left_Pallidum too bright - rescaling by 0.988 (from 1.095) to 104.9 (was 106.2)
saving intensity scales to aseg.auto_noCCseg.label_intensities.txt
renormalizing by structure alignment....
renormalizing input #0
gca peak = 0.11776 (27)
mri peak = 0.13481 (29)
Left_Lateral_Ventricle (4): linear fit = 1.01 x + 0.0 (1824 voxels, overlap=0.722)
Left_Lateral_Ventricle (4): linear fit = 1.01 x + 0.0 (1824 voxels, peak = 27), gca=27.4
gca peak = 0.16931 (19)
mri peak = 0.19340 (28)
Right_Lateral_Ventricle (43): linear fit = 1.35 x + 0.0 (2435 voxels, overlap=0.237)
Right_Lateral_Ventricle (43): linear fit = 1.35 x + 0.0 (2435 voxels, peak = 26), gca=25.6
gca peak = 0.24962 (102)
mri peak = 0.16433 (101)
Right_Pallidum (52): linear fit = 1.00 x + 0.0 (710 voxels, overlap=1.000)
Right_Pallidum (52): linear fit = 1.00 x + 0.0 (710 voxels, peak = 102), gca=102.0
gca peak = 0.14694 (102)
mri peak = 0.16667 (104)
Left_Pallidum (13): linear fit = 1.00 x + 0.0 (690 voxels, overlap=0.901)
Left_Pallidum (13): linear fit = 1.00 x + 0.0 (690 voxels, peak = 103), gca=102.5
gca peak = 0.24489 (72)
mri peak = 0.15639 (74)
Right_Hippocampus (53): linear fit = 1.01 x + 0.0 (690 voxels, overlap=0.853)
Right_Hippocampus (53): linear fit = 1.01 x + 0.0 (690 voxels, peak = 73), gca=73.1
gca peak = 0.28210 (73)
mri peak = 0.11781 (76)
Left_Hippocampus (17): linear fit = 0.99 x + 0.0 (1138 voxels, overlap=1.000)
Left_Hippocampus (17): linear fit = 0.99 x + 0.0 (1138 voxels, peak = 72), gca=71.9
gca peak = 0.07638 (107)
mri peak = 0.10885 (106)
Right_Cerebral_White_Matter (41): linear fit = 1.00 x + 0.0 (48435 voxels, overlap=0.723)
Right_Cerebral_White_Matter (41): linear fit = 1.00 x + 0.0 (48435 voxels, peak = 106), gca=106.5
gca peak = 0.07449 (109)
mri peak = 0.11080 (108)
Left_Cerebral_White_Matter (2): linear fit = 1.00 x + 0.0 (49926 voxels, overlap=0.679)
Left_Cerebral_White_Matter (2): linear fit = 1.00 x + 0.0 (49926 voxels, peak = 109), gca=109.0
gca peak = 0.07996 (69)
mri peak = 0.04525 (72)
Left_Cerebral_Cortex (3): linear fit = 1.00 x + 0.0 (40214 voxels, overlap=0.970)
Left_Cerebral_Cortex (3): linear fit = 1.00 x + 0.0 (40214 voxels, peak = 69), gca=69.0
gca peak = 0.09016 (73)
mri peak = 0.04502 (74)
Right_Cerebral_Cortex (42): linear fit = 0.99 x + 0.0 (39598 voxels, overlap=0.967)
Right_Cerebral_Cortex (42): linear fit = 0.99 x + 0.0 (39598 voxels, peak = 72), gca=71.9
gca peak = 0.19428 (83)
mri peak = 0.24632 (85)
Right_Caudate (50): linear fit = 1.01 x + 0.0 (1290 voxels, overlap=0.999)
Right_Caudate (50): linear fit = 1.01 x + 0.0 (1290 voxels, peak = 84), gca=84.2
gca peak = 0.12963 (83)
mri peak = 0.21794 (85)
Left_Caudate (11): linear fit = 0.94 x + 0.0 (1193 voxels, overlap=0.605)
Left_Caudate (11): linear fit = 0.94 x + 0.0 (1193 voxels, peak = 78), gca=77.6
gca peak = 0.10927 (71)
mri peak = 0.06525 (71)
Left_Cerebellum_Cortex (8): linear fit = 0.99 x + 0.0 (30509 voxels, overlap=0.957)
Left_Cerebellum_Cortex (8): linear fit = 0.99 x + 0.0 (30509 voxels, peak = 70), gca=69.9
gca peak = 0.11916 (72)
mri peak = 0.07703 (73)
Right_Cerebellum_Cortex (47): linear fit = 1.00 x + 0.0 (32084 voxels, overlap=0.932)
Right_Cerebellum_Cortex (47): linear fit = 1.00 x + 0.0 (32084 voxels, peak = 72), gca=72.0
gca peak = 0.15236 (90)
mri peak = 0.11821 (90)
Left_Cerebellum_White_Matter (7): linear fit = 1.01 x + 0.0 (6899 voxels, overlap=0.915)
Left_Cerebellum_White_Matter (7): linear fit = 1.01 x + 0.0 (6899 voxels, peak = 91), gca=91.3
gca peak = 0.17097 (90)
mri peak = 0.14295 (89)
Right_Cerebellum_White_Matter (46): linear fit = 0.99 x + 0.0 (5644 voxels, overlap=0.916)
Right_Cerebellum_White_Matter (46): linear fit = 0.99 x + 0.0 (5644 voxels, peak = 89), gca=88.7
gca peak = 0.22722 (76)
mri peak = 0.22939 (78)
Left_Amygdala (18): linear fit = 1.00 x + 0.0 (696 voxels, overlap=1.001)
Left_Amygdala (18): linear fit = 1.00 x + 0.0 (696 voxels, peak = 76), gca=76.0
gca peak = 0.24793 (75)
mri peak = 0.12083 (77)
Right_Amygdala (54): linear fit = 1.01 x + 0.0 (721 voxels, overlap=1.000)
Right_Amygdala (54): linear fit = 1.01 x + 0.0 (721 voxels, peak = 76), gca=76.1
gca peak = 0.10483 (95)
mri peak = 0.09756 (97)
Left_Thalamus (10): linear fit = 1.01 x + 0.0 (5653 voxels, overlap=0.914)
Left_Thalamus (10): linear fit = 1.01 x + 0.0 (5653 voxels, peak = 96), gca=96.4
gca peak = 0.10063 (90)
mri peak = 0.09052 (94)
Right_Thalamus (49): linear fit = 0.99 x + 0.0 (5487 voxels, overlap=0.874)
Right_Thalamus (49): linear fit = 0.99 x + 0.0 (5487 voxels, peak = 89), gca=88.7
gca peak = 0.07125 (88)
mri peak = 0.10770 (94)
Left_Putamen (12): linear fit = 1.01 x + 0.0 (1966 voxels, overlap=0.713)
Left_Putamen (12): linear fit = 1.01 x + 0.0 (1966 voxels, peak = 89), gca=89.3
gca peak = 0.07950 (93)
mri peak = 0.10551 (96)
Right_Putamen (51): linear fit = 0.99 x + 0.0 (2168 voxels, overlap=0.716)
Right_Putamen (51): linear fit = 0.99 x + 0.0 (2168 voxels, peak = 92), gca=91.6
gca peak = 0.07283 (86)
mri peak = 0.09766 (83)
Brain_Stem (16): linear fit = 0.99 x + 0.0 (14560 voxels, overlap=0.737)
Brain_Stem (16): linear fit = 0.99 x + 0.0 (14560 voxels, peak = 85), gca=84.7
gca peak = 0.11008 (93)
mri peak = 0.09261 (98)
Right_VentralDC (60): linear fit = 1.00 x + 0.0 (1839 voxels, overlap=0.789)
Right_VentralDC (60): linear fit = 1.00 x + 0.0 (1839 voxels, peak = 93), gca=93.5
gca peak = 0.13048 (95)
mri peak = 0.09579 (98)
Left_VentralDC (28): linear fit = 1.00 x + 0.0 (1828 voxels, overlap=0.879)
Left_VentralDC (28): linear fit = 1.00 x + 0.0 (1828 voxels, peak = 95), gca=95.5
gca peak = 0.13281 (32)
mri peak = 0.26471 (32)
Third_Ventricle (14): linear fit = 1.04 x + 0.0 (102 voxels, overlap=0.795)
Third_Ventricle (14): linear fit = 1.04 x + 0.0 (102 voxels, peak = 33), gca=33.4
gca peak = 0.16609 (22)
mri peak = 0.25302 (26)
Fourth_Ventricle (15): linear fit = 1.29 x + 0.0 (320 voxels, overlap=0.241)
Fourth_Ventricle (15): linear fit = 1.29 x + 0.0 (320 voxels, peak = 28), gca=28.5
gca peak Unknown = 0.94777 ( 0)
gca peak Left_Inf_Lat_Vent = 0.14083 (36)
gca peak CSF = 0.17842 (50)
gca peak Left_Accumbens_area = 0.53304 (75)
gca peak Left_undetermined = 0.98480 (33)
gca peak Left_vessel = 0.63642 (53)
gca peak Left_choroid_plexus = 0.11374 (35)
gca peak Right_Inf_Lat_Vent = 0.22774 (30)
gca peak Right_Accumbens_area = 0.34399 (81)
gca peak Right_vessel = 0.77268 (52)
gca peak Right_choroid_plexus = 0.13294 (38)
gca peak Fifth_Ventricle = 0.59466 (44)
gca peak WM_hypointensities = 0.10008 (79)
gca peak non_WM_hypointensities = 0.14025 (42)
gca peak Optic_Chiasm = 0.60476 (76)
not using caudate to estimate GM means
estimating mean gm scale to be 1.00 x + 0.0
estimating mean wm scale to be 1.00 x + 0.0
estimating mean csf scale to be 1.18 x + 0.0
saving intensity scales to aseg.auto_noCCseg.label_intensities.txt
saving sequentially combined intensity scales to aseg.auto_noCCseg.label_intensities.txt
53425 voxels changed in iteration 0 of unlikely voxel relabeling
337 voxels changed in iteration 1 of unlikely voxel relabeling
12 voxels changed in iteration 2 of unlikely voxel relabeling
0 voxels changed in iteration 3 of unlikely voxel relabeling
52617 gm and wm labels changed (%31 to gray, %69 to white out of all changed labels)
605 hippocampal voxels changed.
0 amygdala voxels changed.
Reclassifying using Gibbs Priors
pass 1: 62379 changed. image ll: -2.093, PF=0.500
pass 2: 16108 changed. image ll: -2.092, PF=0.500
pass 3: 4985 changed.
41889 voxels changed in iteration 0 of unlikely voxel relabeling
273 voxels changed in iteration 1 of unlikely voxel relabeling
1 voxels changed in iteration 2 of unlikely voxel relabeling
0 voxels changed in iteration 3 of unlikely voxel relabeling
6072 voxels changed in iteration 0 of unlikely voxel relabeling
85 voxels changed in iteration 1 of unlikely voxel relabeling
14 voxels changed in iteration 2 of unlikely voxel relabeling
0 voxels changed in iteration 3 of unlikely voxel relabeling
5718 voxels changed in iteration 0 of unlikely voxel relabeling
86 voxels changed in iteration 1 of unlikely voxel relabeling
0 voxels changed in iteration 2 of unlikely voxel relabeling
5235 voxels changed in iteration 0 of unlikely voxel relabeling
38 voxels changed in iteration 1 of unlikely voxel relabeling
0 voxels changed in iteration 2 of unlikely voxel relabeling
 !!!!!!!!! ventricle segment 0 with volume 125 above threshold 100 - not erasing !!!!!!!!!!
 !!!!!!!!! ventricle segment 1 with volume 8069 above threshold 100 - not erasing !!!!!!!!!!
 !!!!!!!!! ventricle segment 1 with volume 118 above threshold 100 - not erasing !!!!!!!!!!
 !!!!!!!!! ventricle segment 0 with volume 263 above threshold 100 - not erasing !!!!!!!!!!
 !!!!!!!!! ventricle segment 1 with volume 10058 above threshold 100 - not erasing !!!!!!!!!!
 !!!!!!!!! ventricle segment 6 with volume 105 above threshold 100 - not erasing !!!!!!!!!!
writing labeled volume to aseg.auto_noCCseg.mgz
mri_ca_label utimesec    1584.985415
mri_ca_label stimesec    3.303725
mri_ca_label ru_maxrss   2090584
mri_ca_label ru_ixrss    0
mri_ca_label ru_idrss    0
mri_ca_label ru_isrss    0
mri_ca_label ru_minflt   3318012
mri_ca_label ru_majflt   8
mri_ca_label ru_nswap    0
mri_ca_label ru_inblock  1142
mri_ca_label ru_oublock  688
mri_ca_label ru_msgsnd   0
mri_ca_label ru_msgrcv   0
mri_ca_label ru_nsignals 0
mri_ca_label ru_nvcsw    2518
mri_ca_label ru_nivcsw   1161
auto-labeling took 25 minutes and 22 seconds.
#--------------------------------------
#@# CC Seg Tue Mar 10 08:16:17 CET 2026

 mri_cc -aseg aseg.auto_noCCseg.mgz -o aseg.auto.mgz -lta /out/sourcedata/freesurfer/sub-v1s8x0051343_ses-1/mri/transforms/cc_up.lta sub-v1s8x0051343_ses-1 

will read input aseg from aseg.auto_noCCseg.mgz
writing aseg with cc labels to aseg.auto.mgz
will write lta as /out/sourcedata/freesurfer/sub-v1s8x0051343_ses-1/mri/transforms/cc_up.lta
reading aseg from /out/sourcedata/freesurfer/sub-v1s8x0051343_ses-1/mri/aseg.auto_noCCseg.mgz
reading norm from /out/sourcedata/freesurfer/sub-v1s8x0051343_ses-1/mri/norm.mgz
53696 voxels in left wm, 77475 in right wm, xrange [120, 133]
searching rotation angles z=[-7  7], y=[-11  3]
searching scale 1 Z rot -7.0  searching scale 1 Z rot -6.8  searching scale 1 Z rot -6.5  searching scale 1 Z rot -6.3  searching scale 1 Z rot -6.0  searching scale 1 Z rot -5.8  searching scale 1 Z rot -5.5  searching scale 1 Z rot -5.3  searching scale 1 Z rot -5.0  searching scale 1 Z rot -4.8  searching scale 1 Z rot -4.5  searching scale 1 Z rot -4.3  searching scale 1 Z rot -4.0  searching scale 1 Z rot -3.8  searching scale 1 Z rot -3.5  searching scale 1 Z rot -3.3  searching scale 1 Z rot -3.0  searching scale 1 Z rot -2.8  searching scale 1 Z rot -2.5  searching scale 1 Z rot -2.3  searching scale 1 Z rot -2.0  searching scale 1 Z rot -1.8  searching scale 1 Z rot -1.5  searching scale 1 Z rot -1.3  searching scale 1 Z rot -1.0  searching scale 1 Z rot -0.8  searching scale 1 Z rot -0.5  searching scale 1 Z rot -0.3  searching scale 1 Z rot -0.0  searching scale 1 Z rot 0.2  searching scale 1 Z rot 0.5  searching scale 1 Z rot 0.7  searching scale 1 Z rot 1.0  searching scale 1 Z rot 1.2  searching scale 1 Z rot 1.5  searching scale 1 Z rot 1.7  searching scale 1 Z rot 2.0  searching scale 1 Z rot 2.2  searching scale 1 Z rot 2.5  searching scale 1 Z rot 2.7  searching scale 1 Z rot 3.0  searching scale 1 Z rot 3.2  searching scale 1 Z rot 3.5  searching scale 1 Z rot 3.7  searching scale 1 Z rot 4.0  searching scale 1 Z rot 4.2  searching scale 1 Z rot 4.5  searching scale 1 Z rot 4.7  searching scale 1 Z rot 5.0  searching scale 1 Z rot 5.2  searching scale 1 Z rot 5.5  searching scale 1 Z rot 5.7  searching scale 1 Z rot 6.0  searching scale 1 Z rot 6.2  searching scale 1 Z rot 6.5  searching scale 1 Z rot 6.7  global minimum found at slice 127.0, rotations (-3.46, -0.01)
final transformation (x=127.0, yr=-3.464, zr=-0.009):
 0.99817   0.00016  -0.06042   7.38387;
-0.00016   1.00000   0.00001   58.01883;
 0.06042  -0.00000   0.99817   18.51309;
 0.00000   0.00000   0.00000   1.00000;
updating x range to be [126, 131] in xformed coordinates
best xformed slice 128
min_x_fornix = 129
min_x_fornix = 131
min_x_fornix = 134
min_x_fornix = 142
min_x_fornix = 137
cc center is found at 128 70 102
eigenvectors:
-0.00035   0.00072   1.00000;
-0.04173  -0.99913   0.00070;
 0.99913  -0.04173   0.00038;
writing aseg with callosum to /out/sourcedata/freesurfer/sub-v1s8x0051343_ses-1/mri/aseg.auto.mgz...
corpus callosum segmentation took 0.4 minutes
#VMPC# mri_cc VmPeak  555172
mri_cc done
#--------------------------------------
#@# Merge ASeg Tue Mar 10 08:16:44 CET 2026

 cp aseg.auto.mgz aseg.presurf.mgz 

#--------------------------------------------
#@# Intensity Normalization2 Tue Mar 10 08:16:44 CET 2026
/out/sourcedata/freesurfer/sub-v1s8x0051343_ses-1/mri

 mri_normalize -seed 1234 -mprage -aseg aseg.presurf.mgz -mask brainmask.mgz norm.mgz brain.mgz 

setting seed for random number genererator to 1234
assuming input volume is MGH (Van der Kouwe) MP-RAGE
using segmentation for initial intensity normalization
using MR volume brainmask.mgz to mask input volume...
reading mri_src from norm.mgz...
Reading aseg aseg.presurf.mgz
normalizing image...
NOT doing gentle normalization with control points/label
processing with aseg
removing outliers in the aseg WM...
496 control points removed
Building bias image
building Voronoi diagram...
performing soap bubble smoothing, sigma = 0...
Smoothing with sigma 8
Applying bias correction
building Voronoi diagram...
performing soap bubble smoothing, sigma = 8...

Iterating 2 times
---------------------------------
3d normalization pass 1 of 2
white matter peak found at 110
white matter peak found at 110
gm peak at 79 (79), valley at 40 (40)
csf peak at 40, setting threshold to 66
building Voronoi diagram...
performing soap bubble smoothing, sigma = 8...
---------------------------------
3d normalization pass 2 of 2
white matter peak found at 110
white matter peak found at 110
gm peak at 79 (79), valley at 41 (41)
csf peak at 40, setting threshold to 66
building Voronoi diagram...
performing soap bubble smoothing, sigma = 8...
Done iterating ---------------------------------
writing output to brain.mgz
3D bias adjustment took 1 minutes and 36 seconds.
#--------------------------------------------
#@# Mask BFS Tue Mar 10 08:18:20 CET 2026
/out/sourcedata/freesurfer/sub-v1s8x0051343_ses-1/mri

 mri_mask -T 5 brain.mgz brainmask.mgz brain.finalsurfs.mgz 

threshold mask volume at 5
DoAbs = 0
Found 1564840 voxels in mask (pct=  9.33)
Writing masked volume to brain.finalsurfs.mgz...done.
#--------------------------------------------
#@# WM Segmentation Tue Mar 10 08:18:21 CET 2026

 AntsDenoiseImageFs -i brain.mgz -o antsdn.brain.mgz 


 mri_segment -wsizemm 13 -mprage antsdn.brain.mgz wm.seg.mgz 

wsizemm = 13, voxres = 1, wsize = 13
Widening wm low from 89 to 79
assuming input volume is MGH (Van der Kouwe) MP-RAGE
wm mean:  110
wsize:    13
wm low:   79
wm hi:    125
gray low: 30
gray hi:  99
Doing initial trinary intensity segmentation 
Using local statistics to label ambiguous voxels
Autodetecting stats
Computing class statistics for intensity windows...
CCS WM (102.0): 102.1 +- 5.7 [79.0 --> 125.0]
CCS GM (80.0) : 78.5 +- 10.1 [30.0 --> 95.0]
 white_mean 102.059
 white_sigma 5.74056
 gray_mean 78.5363
 gray_sigma 10.1153
setting bottom of white matter range wm_low to 88.7
setting top of gray matter range gray_hi to 98.8
 wm_low 88.6516
 wm_hi  125
 gray_low 30
 gray_hi  98.7669
Redoing initial intensity segmentation...
Recomputing local statistics to label ambiguous voxels...
 wm_low 88.6516
 wm_hi  125
 gray_low 30
 gray_hi  98.7669
using local geometry to label remaining ambiguous voxels...
polvwsize = 5, polvlen = 3, gray_hi = 98.7669, wm_low = 88.6516
MRIcpolvMedianCurveSegment(): wsize=5, len=3, gmhi=98.7669, wmlow=88.6516
    141783 voxels processed (0.85%)
     59376 voxels white (0.35%)
     82407 voxels non-white (0.49%)

Reclassifying voxels using Gaussian border classifier niter=1
MRIreclassify(): wm_low=83.6516, gray_hi=98.7669, wsize=13
    323645 voxels tested (1.93%)
     52924 voxels changed (0.32%)
     60240 multi-scale searches  (0.36%)
Recovering bright white
MRIrecoverBrightWhite()
 wm_low 88.6516
 wm_hi 125
 slack 5.74056
 pct_thresh 0.33
 intensity_thresh 130.741
 nvox_thresh 8.58
       10 voxels tested (0.00%)
        6 voxels changed (0.00%)

removing voxels with positive offset direction...
MRIremoveWrongDirection() wsize=3, lowthr=83.6516, hithr=98.7669
  smoothing input volume with sigma = 0.250
   115035 voxels tested (0.69%)
    16664 voxels changed (0.10%)
thicken = 1
removing 1-dimensional structures...
MRIremove1dStructures(): max_iter=10000, thresh=2, WM_MIN_VAL=5
 2701 sparsely connected voxels removed in 1 iterations
thickening thin strands....
thickness 4
nsegments 20
wm_hi 125
1642 diagonally connected voxels added...
MRIthickenThinWMStrands(): thickness=4, nsegments=20
  20 segments, 5640 filled
MRIfindBrightNonWM(): 23 bright non-wm voxels segmented.
MRIfilterMorphology() WM_MIN_VAL=5, DIAGONAL_FILL=230
white matter segmentation took 0.9 minutes
writing output to wm.seg.mgz...

 mri_edit_wm_with_aseg -keep-in wm.seg.mgz brain.mgz aseg.presurf.mgz wm.asegedit.mgz 

preserving editing changes in input volume...
auto filling took 0.34 minutes
reading wm segmentation from wm.seg.mgz...
0 voxels added to wm to prevent paths from MTL structures to cortex
3432 additional wm voxels added
0 additional wm voxels added
SEG EDIT: 49520 voxels turned on, 46457 voxels turned off.
propagating editing to output volume from wm.seg.mgz
writing edited volume to wm.asegedit.mgz....

 mri_pretess wm.asegedit.mgz wm norm.mgz wm.mgz 


Iteration Number : 1
pass   1 (xy+):  17 found -  17 modified     |    TOTAL:  17
pass   2 (xy+):   0 found -  17 modified     |    TOTAL:  17
pass   1 (xy-):  15 found -  15 modified     |    TOTAL:  32
pass   2 (xy-):   0 found -  15 modified     |    TOTAL:  32
pass   1 (yz+):  17 found -  17 modified     |    TOTAL:  49
pass   2 (yz+):   0 found -  17 modified     |    TOTAL:  49
pass   1 (yz-):  18 found -  18 modified     |    TOTAL:  67
pass   2 (yz-):   0 found -  18 modified     |    TOTAL:  67
pass   1 (xz+):  19 found -  19 modified     |    TOTAL:  86
pass   2 (xz+):   0 found -  19 modified     |    TOTAL:  86
pass   1 (xz-):   6 found -   6 modified     |    TOTAL:  92
pass   2 (xz-):   0 found -   6 modified     |    TOTAL:  92
Iteration Number : 1
pass   1 (+++):   0 found -   0 modified     |    TOTAL:   0
pass   1 (+++):  16 found -  16 modified     |    TOTAL:  16
pass   2 (+++):   0 found -  16 modified     |    TOTAL:  16
pass   1 (+++):   6 found -   6 modified     |    TOTAL:  22
pass   2 (+++):   0 found -   6 modified     |    TOTAL:  22
pass   1 (+++):  13 found -  13 modified     |    TOTAL:  35
pass   2 (+++):   0 found -  13 modified     |    TOTAL:  35
Iteration Number : 1
pass   1 (++):  51 found -  51 modified     |    TOTAL:  51
pass   2 (++):   0 found -  51 modified     |    TOTAL:  51
pass   1 (+-):  45 found -  45 modified     |    TOTAL:  96
pass   2 (+-):   0 found -  45 modified     |    TOTAL:  96
pass   1 (--):  58 found -  58 modified     |    TOTAL: 154
pass   2 (--):   0 found -  58 modified     |    TOTAL: 154
pass   1 (-+):  54 found -  54 modified     |    TOTAL: 208
pass   2 (-+):   0 found -  54 modified     |    TOTAL: 208
Iteration Number : 2
pass   1 (xy+):   1 found -   1 modified     |    TOTAL:   1
pass   2 (xy+):   0 found -   1 modified     |    TOTAL:   1
pass   1 (xy-):   0 found -   0 modified     |    TOTAL:   1
pass   1 (yz+):   0 found -   0 modified     |    TOTAL:   1
pass   1 (yz-):   2 found -   2 modified     |    TOTAL:   3
pass   2 (yz-):   0 found -   2 modified     |    TOTAL:   3
pass   1 (xz+):   4 found -   4 modified     |    TOTAL:   7
pass   2 (xz+):   0 found -   4 modified     |    TOTAL:   7
pass   1 (xz-):   1 found -   1 modified     |    TOTAL:   8
pass   2 (xz-):   0 found -   1 modified     |    TOTAL:   8
Iteration Number : 2
pass   1 (+++):   0 found -   0 modified     |    TOTAL:   0
pass   1 (+++):   0 found -   0 modified     |    TOTAL:   0
pass   1 (+++):   0 found -   0 modified     |    TOTAL:   0
pass   1 (+++):   0 found -   0 modified     |    TOTAL:   0
Iteration Number : 2
pass   1 (++):   0 found -   0 modified     |    TOTAL:   0
pass   1 (+-):   1 found -   1 modified     |    TOTAL:   1
pass   2 (+-):   0 found -   1 modified     |    TOTAL:   1
pass   1 (--):   1 found -   1 modified     |    TOTAL:   2
pass   2 (--):   0 found -   1 modified     |    TOTAL:   2
pass   1 (-+):   0 found -   0 modified     |    TOTAL:   2
Iteration Number : 3
pass   1 (xy+):   0 found -   0 modified     |    TOTAL:   0
pass   1 (xy-):   0 found -   0 modified     |    TOTAL:   0
pass   1 (yz+):   0 found -   0 modified     |    TOTAL:   0
pass   1 (yz-):   0 found -   0 modified     |    TOTAL:   0
pass   1 (xz+):   0 found -   0 modified     |    TOTAL:   0
pass   1 (xz-):   0 found -   0 modified     |    TOTAL:   0
Iteration Number : 3
pass   1 (+++):   0 found -   0 modified     |    TOTAL:   0
pass   1 (+++):   0 found -   0 modified     |    TOTAL:   0
pass   1 (+++):   0 found -   0 modified     |    TOTAL:   0
pass   1 (+++):   0 found -   0 modified     |    TOTAL:   0
Iteration Number : 3
pass   1 (++):   0 found -   0 modified     |    TOTAL:   0
pass   1 (+-):   0 found -   0 modified     |    TOTAL:   0
pass   1 (--):   0 found -   0 modified     |    TOTAL:   0
pass   1 (-+):   0 found -   0 modified     |    TOTAL:   0

Total Number of Modified Voxels = 345 (out of 613318: 0.056251)
binarizing input wm segmentation...
Ambiguous edge configurations... 

mri_pretess done

#--------------------------------------------
#@# Fill Tue Mar 10 08:20:03 CET 2026
/out/sourcedata/freesurfer/sub-v1s8x0051343_ses-1/mri

 mri_fill -a ../scripts/ponscc.cut.log -xform transforms/talairach.lta -segmentation aseg.presurf.mgz -ctab /opt/freesurfer/SubCorticalMassLUT.txt wm.mgz filled.mgz 

logging cutting plane coordinates to ../scripts/ponscc.cut.log...
INFO: Using transforms/talairach.lta and its offset for Talairach volume ...
using segmentation aseg.presurf.mgz...
reading input volume...done.
searching for cutting planes...voxel to talairach voxel transform
 1.04773  -0.03146  -0.05395   0.10771;
 0.03832   1.05098   0.21378  -1.11575;
 0.04322  -0.23549   0.97265   19.13567;
 0.00000   0.00000   0.00000   1.00000;
voxel to talairach voxel transform
 1.04773  -0.03146  -0.05395   0.10771;
 0.03832   1.05098   0.21378  -1.11575;
 0.04322  -0.23549   0.97265   19.13567;
 0.00000   0.00000   0.00000   1.00000;
reading segmented volume aseg.presurf.mgz
removing CC from segmentation
Looking for area (min, max) = (350, 1400)
area[0] = 1426 (min = 350, max = 1400), aspect = 0.53 (min = 0.10, max = 0.75)
need search nearby
using seed (125, 111, 94), TAL = (3.0, -34.0, 17.0)
talairach voxel to voxel transform
 0.95122   0.03841   0.04432  -0.90775;
-0.02486   0.90583  -0.20047   4.84947;
-0.04828   0.21760   0.97762  -18.45938;
 0.00000   0.00000   0.00000   1.00000;
segmentation indicates cc at (125,  111,  94) --> (3.0, -34.0, 17.0)
done.
filling took 0.6 minutes
talairach cc position changed to (3.00, -34.00, 17.00)
Erasing brainstem...done.
seed_search_size = 9, min_neighbors = 5
search rh wm seed point around talairach space:(21.00, -34.00, 17.00) SRC: (109.30, 83.89, 92.42)
search lh wm seed point around talairach space (-15.00, -34.00, 17.00), SRC: (143.55, 83.00, 90.69)
compute mri_fill using aseg
Erasing Brain Stem and Cerebellum ...
Define left and right masks using aseg:
Building Voronoi diagram ...
Using the Voronoi diagram for separating WM into two hemispheres ...
Find the largest connected component for each hemisphere ...
Embedding colortable
mri_fill done, writing output to filled.mgz...
 cp filled.mgz filled.auto.mgz

Started at Tue Mar 10 07:07:22 CET 2026 
Ended   at Tue Mar 10 08:20:41 CET 2026
#@#%# recon-all-run-time-hours 1.222
recon-all -s sub-v1s8x0051343_ses-1 finished without error at Tue Mar 10 08:20:41 CET 2026



#New# invocation of recon-all 




Tue Mar 10 09:01:47 CET 2026
cd /out/sourcedata/freesurfer/sub-v1s8x0051343_ses-1
setenv SUBJECTS_DIR /out/sourcedata/freesurfer
/opt/freesurfer/bin/recon-all -parallel -subjid sub-v1s8x0051343_ses-1 -sd /out/sourcedata/freesurfer -cortribbon

subjid sub-v1s8x0051343_ses-1
setenv SUBJECTS_DIR /out/sourcedata/freesurfer
FREESURFER_HOME /opt/freesurfer
Actual FREESURFER_HOME /opt/freesurfer
build-stamp.txt: freesurfer-linux-ubuntu22_x86_64-7.3.2-20220804-6354275
Linux dna079 5.14.0-427.37.1.el9_4.x86_64 #1 SMP PREEMPT_DYNAMIC Fri Sep 13 12:41:50 EDT 2024 x86_64 x86_64 x86_64 GNU/Linux
cputime      unlimited
filesize     unlimited
datasize     unlimited
stacksize    8192 kbytes
coredumpsize 0 kbytes
memoryuse    67108864 kbytes
vmemoryuse   unlimited
descriptors  1024 
memorylocked unlimited
maxproc      2061970 
maxlocks     unlimited
maxsignal    2062029 
maxmessage   819200 
maxnice      0 
maxrtprio    0 
maxrttime    unlimited

               total        used        free      shared  buff/cache   available
Mem:           503Gi        49Gi       380Gi       9.1Gi        74Gi       442Gi
Swap:             0B          0B          0B

########################################
program versions used
7.3.2 (freesurfer-linux-ubuntu22_x86_64-7.3.2-20220804-6354275)
7.3.2

ProgramName: lta_convert  ProgramArguments: lta_convert -all-info  ProgramVersion: 7.3.2  TimeStamp: 2026/03/10-08:01:47-GMT  BuildTime: Aug  4 2022 06:17:15  BuildStamp: freesurfer-linux-ubuntu22_x86_64-7.3.2-20220804-6354275  User: oesteban  Machine: dna079  Platform: Linux  PlatformVersion: 5.14.0-427.37.1.el9_4.x86_64  CompilerName: GCC  CompilerVersion: 8.4.0
ProgramName: mri_and  ProgramArguments: mri_and -all-info  ProgramVersion: 7.3.2  TimeStamp: 2026/03/10-08:01:47-GMT  BuildTime: Aug  4 2022 06:17:15  BuildStamp: freesurfer-linux-ubuntu22_x86_64-7.3.2-20220804-6354275  User: oesteban  Machine: dna079  Platform: Linux  PlatformVersion: 5.14.0-427.37.1.el9_4.x86_64  CompilerName: GCC  CompilerVersion: 8.4.0
ProgramName: mri_annotation2label  ProgramArguments: mri_annotation2label -all-info  ProgramVersion: 7.3.2  TimeStamp: 2026/03/10-08:01:47-GMT  BuildTime: Aug  4 2022 06:17:15  BuildStamp: freesurfer-linux-ubuntu22_x86_64-7.3.2-20220804-6354275  User: oesteban  Machine: dna079  Platform: Linux  PlatformVersion: 5.14.0-427.37.1.el9_4.x86_64  CompilerName: GCC  CompilerVersion: 8.4.0
ProgramName: mri_aparc2aseg  ProgramArguments: mri_aparc2aseg -all-info  ProgramVersion: 7.3.2  TimeStamp: 2026/03/10-08:01:47-GMT  BuildTime: Aug  4 2022 06:17:15  BuildStamp: freesurfer-linux-ubuntu22_x86_64-7.3.2-20220804-6354275  User: oesteban  Machine: dna079  Platform: Linux  PlatformVersion: 5.14.0-427.37.1.el9_4.x86_64  CompilerName: GCC  CompilerVersion: 8.4.0
ProgramName: mri_surf2volseg  ProgramArguments: mri_surf2volseg -all-info  ProgramVersion: 7.3.2  TimeStamp: 2026/03/10-08:01:47-GMT  BuildTime: Aug  4 2022 06:17:15  BuildStamp: freesurfer-linux-ubuntu22_x86_64-7.3.2-20220804-6354275  User: oesteban  Machine: dna079  Platform: Linux  PlatformVersion: 5.14.0-427.37.1.el9_4.x86_64  CompilerName: GCC  CompilerVersion: 8.4.0
ProgramName: mri_binarize  ProgramArguments: mri_binarize -all-info  ProgramVersion: 7.3.2  TimeStamp: 2026/03/10-08:01:47-GMT  BuildTime: Aug  4 2022 06:17:15  BuildStamp: freesurfer-linux-ubuntu22_x86_64-7.3.2-20220804-6354275  User: oesteban  Machine: dna079  Platform: Linux  PlatformVersion: 5.14.0-427.37.1.el9_4.x86_64  CompilerName: GCC  CompilerVersion: 8.4.0
ProgramName: mri_ca_label  ProgramArguments: mri_ca_label -all-info  ProgramVersion: 7.3.2  TimeStamp: 2026/03/10-08:01:47-GMT  BuildTime: Aug  4 2022 06:17:15  BuildStamp: freesurfer-linux-ubuntu22_x86_64-7.3.2-20220804-6354275  User: oesteban  Machine: dna079  Platform: Linux  PlatformVersion: 5.14.0-427.37.1.el9_4.x86_64  CompilerName: GCC  CompilerVersion: 8.4.0
ProgramName: mri_ca_normalize  ProgramArguments: mri_ca_normalize -all-info  ProgramVersion: 7.3.2  TimeStamp: 2026/03/10-08:01:47-GMT  BuildTime: Aug  4 2022 06:17:15  BuildStamp: freesurfer-linux-ubuntu22_x86_64-7.3.2-20220804-6354275  User: oesteban  Machine: dna079  Platform: Linux  PlatformVersion: 5.14.0-427.37.1.el9_4.x86_64  CompilerName: GCC  CompilerVersion: 8.4.0
ProgramName: mri_ca_register  ProgramArguments: mri_ca_register -all-info  ProgramVersion: 7.3.2  TimeStamp: 2026/03/10-08:01:47-GMT  BuildTime: Aug  4 2022 06:17:15  BuildStamp: freesurfer-linux-ubuntu22_x86_64-7.3.2-20220804-6354275  User: oesteban  Machine: dna079  Platform: Linux  PlatformVersion: 5.14.0-427.37.1.el9_4.x86_64  CompilerName: GCC  CompilerVersion: 8.4.0
ProgramName: mri_cc  ProgramArguments: mri_cc -all-info  ProgramVersion: 7.3.2  TimeStamp: 2026/03/10-08:01:47-GMT  BuildTime: Aug  4 2022 06:17:15  BuildStamp: freesurfer-linux-ubuntu22_x86_64-7.3.2-20220804-6354275  User: oesteban  Machine: dna079  Platform: Linux  PlatformVersion: 5.14.0-427.37.1.el9_4.x86_64  CompilerName: GCC  CompilerVersion: 8.4.0
ProgramName: mri_compute_overlap  ProgramArguments: mri_compute_overlap -all-info  ProgramVersion: 7.3.2  TimeStamp: 2026/03/10-08:01:47-GMT  BuildTime: Aug  4 2022 06:17:15  BuildStamp: freesurfer-linux-ubuntu22_x86_64-7.3.2-20220804-6354275  User: oesteban  Machine: dna079  Platform: Linux  PlatformVersion: 5.14.0-427.37.1.el9_4.x86_64  CompilerName: GCC  CompilerVersion: 8.4.0
ProgramName: mri_compute_seg_overlap  ProgramArguments: mri_compute_seg_overlap -all-info  ProgramVersion: 7.3.2  TimeStamp: 2026/03/10-08:01:47-GMT  BuildTime: Aug  4 2022 06:17:15  BuildStamp: freesurfer-linux-ubuntu22_x86_64-7.3.2-20220804-6354275  User: oesteban  Machine: dna079  Platform: Linux  PlatformVersion: 5.14.0-427.37.1.el9_4.x86_64  CompilerName: GCC  CompilerVersion: 8.4.0
ProgramName: mri_concat  ProgramArguments: mri_concat -all-info  ProgramVersion: 7.3.2  TimeStamp: 2026/03/10-08:01:47-GMT  BuildTime: Aug  4 2022 06:17:15  BuildStamp: freesurfer-linux-ubuntu22_x86_64-7.3.2-20220804-6354275  User: oesteban  Machine: dna079  Platform: Linux  PlatformVersion: 5.14.0-427.37.1.el9_4.x86_64  CompilerName: GCC  CompilerVersion: 8.4.0
ProgramName: mri_concatenate_lta  ProgramArguments: mri_concatenate_lta -all-info  ProgramVersion: 7.3.2  TimeStamp: 2026/03/10-08:01:47-GMT  BuildTime: Aug  4 2022 06:17:15  BuildStamp: freesurfer-linux-ubuntu22_x86_64-7.3.2-20220804-6354275  User: oesteban  Machine: dna079  Platform: Linux  PlatformVersion: 5.14.0-427.37.1.el9_4.x86_64  CompilerName: GCC  CompilerVersion: 8.4.0
mri_convert -all-info 
ProgramName: mri_convert  ProgramArguments: mri_convert -all-info  ProgramVersion: 7.3.2  TimeStamp: 2026/03/10-08:01:47-GMT  BuildTime: Aug  4 2022 06:17:15  BuildStamp: freesurfer-linux-ubuntu22_x86_64-7.3.2-20220804-6354275  User: oesteban  Machine: dna079  Platform: Linux  PlatformVersion: 5.14.0-427.37.1.el9_4.x86_64  CompilerName: GCC  CompilerVersion: 8.4.0
ProgramName: mri_diff  ProgramArguments: mri_diff -all-info  ProgramVersion: 7.3.2  TimeStamp: 2026/03/10-08:01:47-GMT  BuildTime: Aug  4 2022 06:17:15  BuildStamp: freesurfer-linux-ubuntu22_x86_64-7.3.2-20220804-6354275  User: oesteban  Machine: dna079  Platform: Linux  PlatformVersion: 5.14.0-427.37.1.el9_4.x86_64  CompilerName: GCC  CompilerVersion: 8.4.0
ProgramName: mri_edit_wm_with_aseg  ProgramArguments: mri_edit_wm_with_aseg -all-info  ProgramVersion: 7.3.2  TimeStamp: 2026/03/10-08:01:47-GMT  BuildTime: Aug  4 2022 06:17:15  BuildStamp: freesurfer-linux-ubuntu22_x86_64-7.3.2-20220804-6354275  User: oesteban  Machine: dna079  Platform: Linux  PlatformVersion: 5.14.0-427.37.1.el9_4.x86_64  CompilerName: GCC  CompilerVersion: 8.4.0
ProgramName: mri_em_register  ProgramArguments: mri_em_register -all-info  ProgramVersion: 7.3.2  TimeStamp: 2026/03/10-08:01:47-GMT  BuildTime: Aug  4 2022 06:17:15  BuildStamp: freesurfer-linux-ubuntu22_x86_64-7.3.2-20220804-6354275  User: oesteban  Machine: dna079  Platform: Linux  PlatformVersion: 5.14.0-427.37.1.el9_4.x86_64  CompilerName: GCC  CompilerVersion: 8.4.0
ProgramName: mri_fill  ProgramArguments: mri_fill -all-info  ProgramVersion: 7.3.2  TimeStamp: 2026/03/10-08:01:47-GMT  BuildTime: Aug  4 2022 06:17:15  BuildStamp: freesurfer-linux-ubuntu22_x86_64-7.3.2-20220804-6354275  User: oesteban  Machine: dna079  Platform: Linux  PlatformVersion: 5.14.0-427.37.1.el9_4.x86_64  CompilerName: GCC  CompilerVersion: 8.4.0
ProgramName: mri_fuse_segmentations  ProgramArguments: mri_fuse_segmentations -all-info  ProgramVersion: 7.3.2  TimeStamp: 2026/03/10-08:01:47-GMT  BuildTime: Aug  4 2022 06:17:15  BuildStamp: freesurfer-linux-ubuntu22_x86_64-7.3.2-20220804-6354275  User: oesteban  Machine: dna079  Platform: Linux  PlatformVersion: 5.14.0-427.37.1.el9_4.x86_64  CompilerName: GCC  CompilerVersion: 8.4.0
ProgramName: mri_fwhm  ProgramArguments: mri_fwhm -all-info  ProgramVersion: 7.3.2  TimeStamp: 2026/03/10-08:01:47-GMT  BuildTime: Aug  4 2022 06:17:15  BuildStamp: freesurfer-linux-ubuntu22_x86_64-7.3.2-20220804-6354275  User: oesteban  Machine: dna079  Platform: Linux  PlatformVersion: 5.14.0-427.37.1.el9_4.x86_64  CompilerName: GCC  CompilerVersion: 8.4.0
ProgramName: mri_gcut  ProgramArguments: mri_gcut -all-info  ProgramVersion: 7.3.2  TimeStamp: 2026/03/10-08:01:47-GMT  BuildTime: Aug  4 2022 06:17:15  BuildStamp: freesurfer-linux-ubuntu22_x86_64-7.3.2-20220804-6354275  User: oesteban  Machine: dna079  Platform: Linux  PlatformVersion: 5.14.0-427.37.1.el9_4.x86_64  CompilerName: GCC  CompilerVersion: 8.4.0
ProgramName: mri_info  ProgramArguments: mri_info -all-info  ProgramVersion: 7.3.2  TimeStamp: 2026/03/10-08:01:47-GMT  BuildTime: Aug  4 2022 06:17:15  BuildStamp: freesurfer-linux-ubuntu22_x86_64-7.3.2-20220804-6354275  User: oesteban  Machine: dna079  Platform: Linux  PlatformVersion: 5.14.0-427.37.1.el9_4.x86_64  CompilerName: GCC  CompilerVersion: 8.4.0
ProgramName: mri_label2label  ProgramArguments: mri_label2label -all-info  ProgramVersion: 7.3.2  TimeStamp: 2026/03/10-08:01:47-GMT  BuildTime: Aug  4 2022 06:17:15  BuildStamp: freesurfer-linux-ubuntu22_x86_64-7.3.2-20220804-6354275  User: oesteban  Machine: dna079  Platform: Linux  PlatformVersion: 5.14.0-427.37.1.el9_4.x86_64  CompilerName: GCC  CompilerVersion: 8.4.0
ProgramName: mri_label2vol  ProgramArguments: mri_label2vol -all-info  ProgramVersion: 7.3.2  TimeStamp: 2026/03/10-08:01:47-GMT  BuildTime: Aug  4 2022 06:17:15  BuildStamp: freesurfer-linux-ubuntu22_x86_64-7.3.2-20220804-6354275  User: oesteban  Machine: dna079  Platform: Linux  PlatformVersion: 5.14.0-427.37.1.el9_4.x86_64  CompilerName: GCC  CompilerVersion: 8.4.0
ProgramName: mri_log_likelihood  ProgramArguments: mri_log_likelihood -all-info  ProgramVersion: 7.3.2  TimeStamp: 2026/03/10-08:01:47-GMT  BuildTime: Aug  4 2022 06:17:15  BuildStamp: freesurfer-linux-ubuntu22_x86_64-7.3.2-20220804-6354275  User: oesteban  Machine: dna079  Platform: Linux  PlatformVersion: 5.14.0-427.37.1.el9_4.x86_64  CompilerName: GCC  CompilerVersion: 8.4.0
ProgramName: mri_mask  ProgramArguments: mri_mask -all-info  ProgramVersion: 7.3.2  TimeStamp: 2026/03/10-08:01:47-GMT  BuildTime: Aug  4 2022 06:17:15  BuildStamp: freesurfer-linux-ubuntu22_x86_64-7.3.2-20220804-6354275  User: oesteban  Machine: dna079  Platform: Linux  PlatformVersion: 5.14.0-427.37.1.el9_4.x86_64  CompilerName: GCC  CompilerVersion: 8.4.0
ProgramName: mri_matrix_multiply  ProgramArguments: mri_matrix_multiply -all-info  ProgramVersion: 7.3.2  TimeStamp: 2026/03/10-08:01:47-GMT  BuildTime: Aug  4 2022 06:17:15  BuildStamp: freesurfer-linux-ubuntu22_x86_64-7.3.2-20220804-6354275  User: oesteban  Machine: dna079  Platform: Linux  PlatformVersion: 5.14.0-427.37.1.el9_4.x86_64  CompilerName: GCC  CompilerVersion: 8.4.0
ProgramName: mri_normalize  ProgramArguments: mri_normalize -all-info  ProgramVersion: 7.3.2  TimeStamp: 2026/03/10-08:01:47-GMT  BuildTime: Aug  4 2022 06:17:15  BuildStamp: freesurfer-linux-ubuntu22_x86_64-7.3.2-20220804-6354275  User: oesteban  Machine: dna079  Platform: Linux  PlatformVersion: 5.14.0-427.37.1.el9_4.x86_64  CompilerName: GCC  CompilerVersion: 8.4.0
ProgramName: mri_normalize_tp2  ProgramArguments: mri_normalize_tp2 -all-info  ProgramVersion: 7.3.2  TimeStamp: 2026/03/10-08:01:47-GMT  BuildTime: Aug  4 2022 06:17:15  BuildStamp: freesurfer-linux-ubuntu22_x86_64-7.3.2-20220804-6354275  User: oesteban  Machine: dna079  Platform: Linux  PlatformVersion: 5.14.0-427.37.1.el9_4.x86_64  CompilerName: GCC  CompilerVersion: 8.4.0
ProgramName: mri_or  ProgramArguments: mri_or -all-info  ProgramVersion: 7.3.2  TimeStamp: 2026/03/10-08:01:47-GMT  BuildTime: Aug  4 2022 06:17:15  BuildStamp: freesurfer-linux-ubuntu22_x86_64-7.3.2-20220804-6354275  User: oesteban  Machine: dna079  Platform: Linux  PlatformVersion: 5.14.0-427.37.1.el9_4.x86_64  CompilerName: GCC  CompilerVersion: 8.4.0
ProgramName: mri_relabel_hypointensities  ProgramArguments: mri_relabel_hypointensities -all-info  ProgramVersion: 7.3.2  TimeStamp: 2026/03/10-08:01:47-GMT  BuildTime: Aug  4 2022 06:17:15  BuildStamp: freesurfer-linux-ubuntu22_x86_64-7.3.2-20220804-6354275  User: oesteban  Machine: dna079  Platform: Linux  PlatformVersion: 5.14.0-427.37.1.el9_4.x86_64  CompilerName: GCC  CompilerVersion: 8.4.0
ProgramName: mri_relabel_nonwm_hypos  ProgramArguments: mri_relabel_nonwm_hypos -all-info  ProgramVersion: 7.3.2  TimeStamp: 2026/03/10-08:01:47-GMT  BuildTime: Aug  4 2022 06:17:15  BuildStamp: freesurfer-linux-ubuntu22_x86_64-7.3.2-20220804-6354275  User: oesteban  Machine: dna079  Platform: Linux  PlatformVersion: 5.14.0-427.37.1.el9_4.x86_64  CompilerName: GCC  CompilerVersion: 8.4.0
ProgramName: mri_remove_neck  ProgramArguments: mri_remove_neck -all-info  ProgramVersion: 7.3.2  TimeStamp: 2026/03/10-08:01:47-GMT  BuildTime: Aug  4 2022 06:17:15  BuildStamp: freesurfer-linux-ubuntu22_x86_64-7.3.2-20220804-6354275  User: oesteban  Machine: dna079  Platform: Linux  PlatformVersion: 5.14.0-427.37.1.el9_4.x86_64  CompilerName: GCC  CompilerVersion: 8.4.0
7.3.2

ProgramName: mri_robust_register  ProgramArguments: mri_robust_register -all-info  ProgramVersion: 7.3.2  TimeStamp: 2026/03/10-08:01:47-GMT  BuildTime: Aug  4 2022 06:17:15  BuildStamp: freesurfer-linux-ubuntu22_x86_64-7.3.2-20220804-6354275  User: oesteban  Machine: dna079  Platform: Linux  PlatformVersion: 5.14.0-427.37.1.el9_4.x86_64  CompilerName: GCC  CompilerVersion: 8.4.0
7.3.2

ProgramName: mri_robust_template  ProgramArguments: mri_robust_template -all-info  ProgramVersion: 7.3.2  TimeStamp: 2026/03/10-08:01:47-GMT  BuildTime: Aug  4 2022 06:17:15  BuildStamp: freesurfer-linux-ubuntu22_x86_64-7.3.2-20220804-6354275  User: oesteban  Machine: dna079  Platform: Linux  PlatformVersion: 5.14.0-427.37.1.el9_4.x86_64  CompilerName: GCC  CompilerVersion: 8.4.0
ProgramName: mris_anatomical_stats  ProgramArguments: mris_anatomical_stats -all-info  ProgramVersion: 7.3.2  TimeStamp: 2026/03/10-08:01:47-GMT  BuildTime: Aug  4 2022 06:17:15  BuildStamp: freesurfer-linux-ubuntu22_x86_64-7.3.2-20220804-6354275  User: oesteban  Machine: dna079  Platform: Linux  PlatformVersion: 5.14.0-427.37.1.el9_4.x86_64  CompilerName: GCC  CompilerVersion: 8.4.0
ProgramName: mris_ca_label  ProgramArguments: mris_ca_label -all-info  ProgramVersion: 7.3.2  TimeStamp: 2026/03/10-08:01:47-GMT  BuildTime: Aug  4 2022 06:17:15  BuildStamp: freesurfer-linux-ubuntu22_x86_64-7.3.2-20220804-6354275  User: oesteban  Machine: dna079  Platform: Linux  PlatformVersion: 5.14.0-427.37.1.el9_4.x86_64  CompilerName: GCC  CompilerVersion: 8.4.0
ProgramName: mris_calc  ProgramArguments: mris_calc -all-info  ProgramVersion: 7.3.2  TimeStamp: 2026/03/10-08:01:47-GMT  BuildTime: Aug  4 2022 06:17:15  BuildStamp: freesurfer-linux-ubuntu22_x86_64-7.3.2-20220804-6354275  User: oesteban  Machine: dna079  Platform: Linux  PlatformVersion: 5.14.0-427.37.1.el9_4.x86_64  CompilerName: GCC  CompilerVersion: 8.4.0
ProgramName: mris_convert  ProgramArguments: mris_convert -all-info  ProgramVersion: 7.3.2  TimeStamp: 2026/03/10-08:01:47-GMT  BuildTime: Aug  4 2022 06:17:15  BuildStamp: freesurfer-linux-ubuntu22_x86_64-7.3.2-20220804-6354275  User: oesteban  Machine: dna079  Platform: Linux  PlatformVersion: 5.14.0-427.37.1.el9_4.x86_64  CompilerName: GCC  CompilerVersion: 8.4.0
ProgramName: mris_curvature  ProgramArguments: mris_curvature -all-info  ProgramVersion: 7.3.2  TimeStamp: 2026/03/10-08:01:47-GMT  BuildTime: Aug  4 2022 06:17:15  BuildStamp: freesurfer-linux-ubuntu22_x86_64-7.3.2-20220804-6354275  User: oesteban  Machine: dna079  Platform: Linux  PlatformVersion: 5.14.0-427.37.1.el9_4.x86_64  CompilerName: GCC  CompilerVersion: 8.4.0
ProgramName: mris_curvature_stats  ProgramArguments: mris_curvature_stats -all-info  ProgramVersion: 7.3.2  TimeStamp: 2026/03/10-08:01:47-GMT  BuildTime: Aug  4 2022 06:17:15  BuildStamp: freesurfer-linux-ubuntu22_x86_64-7.3.2-20220804-6354275  User: oesteban  Machine: dna079  Platform: Linux  PlatformVersion: 5.14.0-427.37.1.el9_4.x86_64  CompilerName: GCC  CompilerVersion: 8.4.0
ProgramName: mris_diff  ProgramArguments: mris_diff -all-info  ProgramVersion: 7.3.2  TimeStamp: 2026/03/10-08:01:47-GMT  BuildTime: Aug  4 2022 06:17:15  BuildStamp: freesurfer-linux-ubuntu22_x86_64-7.3.2-20220804-6354275  User: oesteban  Machine: dna079  Platform: Linux  PlatformVersion: 5.14.0-427.37.1.el9_4.x86_64  CompilerName: GCC  CompilerVersion: 8.4.0
ProgramName: mris_divide_parcellation  ProgramArguments: mris_divide_parcellation -all-info  ProgramVersion: 7.3.2  TimeStamp: 2026/03/10-08:01:47-GMT  BuildTime: Aug  4 2022 06:17:15  BuildStamp: freesurfer-linux-ubuntu22_x86_64-7.3.2-20220804-6354275  User: oesteban  Machine: dna079  Platform: Linux  PlatformVersion: 5.14.0-427.37.1.el9_4.x86_64  CompilerName: GCC  CompilerVersion: 8.4.0
ProgramName: mri_segment  ProgramArguments: mri_segment -all-info  ProgramVersion: 7.3.2  TimeStamp: 2026/03/10-08:01:47-GMT  BuildTime: Aug  4 2022 06:17:15  BuildStamp: freesurfer-linux-ubuntu22_x86_64-7.3.2-20220804-6354275  User: oesteban  Machine: dna079  Platform: Linux  PlatformVersion: 5.14.0-427.37.1.el9_4.x86_64  CompilerName: GCC  CompilerVersion: 8.4.0
ProgramName: mri_segstats  ProgramArguments: mri_segstats -all-info  ProgramVersion: 7.3.2  TimeStamp: 2026/03/10-08:01:47-GMT  BuildTime: Aug  4 2022 06:17:15  BuildStamp: freesurfer-linux-ubuntu22_x86_64-7.3.2-20220804-6354275  User: oesteban  Machine: dna079  Platform: Linux  PlatformVersion: 5.14.0-427.37.1.el9_4.x86_64  CompilerName: GCC  CompilerVersion: 8.4.0
ProgramName: mris_euler_number  ProgramArguments: mris_euler_number -all-info  ProgramVersion: 7.3.2  TimeStamp: 2026/03/10-08:01:47-GMT  BuildTime: Aug  4 2022 06:17:15  BuildStamp: freesurfer-linux-ubuntu22_x86_64-7.3.2-20220804-6354275  User: oesteban  Machine: dna079  Platform: Linux  PlatformVersion: 5.14.0-427.37.1.el9_4.x86_64  CompilerName: GCC  CompilerVersion: 8.4.0
ProgramName: mris_fix_topology  ProgramArguments: mris_fix_topology -all-info  ProgramVersion: 7.3.2  TimeStamp: 2026/03/10-08:01:47-GMT  BuildTime: Aug  4 2022 06:17:15  BuildStamp: freesurfer-linux-ubuntu22_x86_64-7.3.2-20220804-6354275  User: oesteban  Machine: dna079  Platform: Linux  PlatformVersion: 5.14.0-427.37.1.el9_4.x86_64  CompilerName: GCC  CompilerVersion: 8.4.0
ProgramName: mris_topo_fixer  ProgramArguments: mris_topo_fixer -all-info  ProgramVersion: 7.3.2  TimeStamp: 2026/03/10-08:01:47-GMT  BuildTime: Aug  4 2022 06:17:15  BuildStamp: freesurfer-linux-ubuntu22_x86_64-7.3.2-20220804-6354275  User: oesteban  Machine: dna079  Platform: Linux  PlatformVersion: 5.14.0-427.37.1.el9_4.x86_64  CompilerName: GCC  CompilerVersion: 8.4.0
ProgramName: mris_jacobian  ProgramArguments: mris_jacobian -all-info  ProgramVersion: 7.3.2  TimeStamp: 2026/03/10-08:01:47-GMT  BuildTime: Aug  4 2022 06:17:15  BuildStamp: freesurfer-linux-ubuntu22_x86_64-7.3.2-20220804-6354275  User: oesteban  Machine: dna079  Platform: Linux  PlatformVersion: 5.14.0-427.37.1.el9_4.x86_64  CompilerName: GCC  CompilerVersion: 8.4.0
ProgramName: mris_label2annot  ProgramArguments: mris_label2annot -all-info  ProgramVersion: 7.3.2  TimeStamp: 2026/03/10-08:01:47-GMT  BuildTime: Aug  4 2022 06:17:15  BuildStamp: freesurfer-linux-ubuntu22_x86_64-7.3.2-20220804-6354275  User: oesteban  Machine: dna079  Platform: Linux  PlatformVersion: 5.14.0-427.37.1.el9_4.x86_64  CompilerName: GCC  CompilerVersion: 8.4.0
ProgramName: mris_left_right_register  ProgramArguments: mris_left_right_register -all-info  ProgramVersion: 7.3.2  TimeStamp: 2026/03/10-08:01:47-GMT  BuildTime: Aug  4 2022 06:17:15  BuildStamp: freesurfer-linux-ubuntu22_x86_64-7.3.2-20220804-6354275  User: oesteban  Machine: dna079  Platform: Linux  PlatformVersion: 5.14.0-427.37.1.el9_4.x86_64  CompilerName: GCC  CompilerVersion: 8.4.0
ProgramName: mris_place_surface  ProgramArguments: mris_place_surface -all-info  ProgramVersion: 7.3.2  TimeStamp: 2026/03/10-08:01:47-GMT  BuildTime: Aug  4 2022 06:17:15  BuildStamp: freesurfer-linux-ubuntu22_x86_64-7.3.2-20220804-6354275  User: oesteban  Machine: dna079  Platform: Linux  PlatformVersion: 5.14.0-427.37.1.el9_4.x86_64  CompilerName: GCC  CompilerVersion: 8.4.0
ProgramName: mrisp_paint  ProgramArguments: mrisp_paint -all-info  ProgramVersion: 7.3.2  TimeStamp: 2026/03/10-08:01:47-GMT  BuildTime: Aug  4 2022 06:17:15  BuildStamp: freesurfer-linux-ubuntu22_x86_64-7.3.2-20220804-6354275  User: oesteban  Machine: dna079  Platform: Linux  PlatformVersion: 5.14.0-427.37.1.el9_4.x86_64  CompilerName: GCC  CompilerVersion: 8.4.0
ProgramName: mris_register  ProgramArguments: mris_register -all-info  ProgramVersion: 7.3.2  TimeStamp: 2026/03/10-08:01:47-GMT  BuildTime: Aug  4 2022 06:17:15  BuildStamp: freesurfer-linux-ubuntu22_x86_64-7.3.2-20220804-6354275  User: oesteban  Machine: dna079  Platform: Linux  PlatformVersion: 5.14.0-427.37.1.el9_4.x86_64  CompilerName: GCC  CompilerVersion: 8.4.0
ProgramName: mris_smooth  ProgramArguments: mris_smooth -all-info  ProgramVersion: 7.3.2  TimeStamp: 2026/03/10-08:01:47-GMT  BuildTime: Aug  4 2022 06:17:15  BuildStamp: freesurfer-linux-ubuntu22_x86_64-7.3.2-20220804-6354275  User: oesteban  Machine: dna079  Platform: Linux  PlatformVersion: 5.14.0-427.37.1.el9_4.x86_64  CompilerName: GCC  CompilerVersion: 8.4.0
ProgramName: mris_sphere  ProgramArguments: mris_sphere -all-info  ProgramVersion: 7.3.2  TimeStamp: 2026/03/10-08:01:47-GMT  BuildTime: Aug  4 2022 06:17:15  BuildStamp: freesurfer-linux-ubuntu22_x86_64-7.3.2-20220804-6354275  User: oesteban  Machine: dna079  Platform: Linux  PlatformVersion: 5.14.0-427.37.1.el9_4.x86_64  CompilerName: GCC  CompilerVersion: 8.4.0
ProgramName: mris_surface_stats  ProgramArguments: mris_surface_stats -all-info  ProgramVersion: 7.3.2  TimeStamp: 2026/03/10-08:01:47-GMT  BuildTime: Aug  4 2022 06:17:15  BuildStamp: freesurfer-linux-ubuntu22_x86_64-7.3.2-20220804-6354275  User: oesteban  Machine: dna079  Platform: Linux  PlatformVersion: 5.14.0-427.37.1.el9_4.x86_64  CompilerName: GCC  CompilerVersion: 8.4.0
ProgramName: mri_stats2seg  ProgramArguments: mri_stats2seg -all-info  ProgramVersion: 7.3.2  TimeStamp: 2026/03/10-08:01:47-GMT  BuildTime: Aug  4 2022 06:17:15  BuildStamp: freesurfer-linux-ubuntu22_x86_64-7.3.2-20220804-6354275  User: oesteban  Machine: dna079  Platform: Linux  PlatformVersion: 5.14.0-427.37.1.el9_4.x86_64  CompilerName: GCC  CompilerVersion: 8.4.0
ProgramName: mris_thickness  ProgramArguments: mris_thickness -all-info  ProgramVersion: 7.3.2  TimeStamp: 2026/03/10-08:01:47-GMT  BuildTime: Aug  4 2022 06:17:15  BuildStamp: freesurfer-linux-ubuntu22_x86_64-7.3.2-20220804-6354275  User: oesteban  Machine: dna079  Platform: Linux  PlatformVersion: 5.14.0-427.37.1.el9_4.x86_64  CompilerName: GCC  CompilerVersion: 8.4.0
ProgramName: mris_thickness_diff  ProgramArguments: mris_thickness_diff -all-info  ProgramVersion: 7.3.2  TimeStamp: 2026/03/10-08:01:47-GMT  BuildTime: Aug  4 2022 06:17:15  BuildStamp: freesurfer-linux-ubuntu22_x86_64-7.3.2-20220804-6354275  User: oesteban  Machine: dna079  Platform: Linux  PlatformVersion: 5.14.0-427.37.1.el9_4.x86_64  CompilerName: GCC  CompilerVersion: 8.4.0
ProgramName: mris_topo_fixer  ProgramArguments: mris_topo_fixer -all-info  ProgramVersion: 7.3.2  TimeStamp: 2026/03/10-08:01:47-GMT  BuildTime: Aug  4 2022 06:17:15  BuildStamp: freesurfer-linux-ubuntu22_x86_64-7.3.2-20220804-6354275  User: oesteban  Machine: dna079  Platform: Linux  PlatformVersion: 5.14.0-427.37.1.el9_4.x86_64  CompilerName: GCC  CompilerVersion: 8.4.0
ProgramName: mri_surf2surf  ProgramArguments: mri_surf2surf -all-info  ProgramVersion: 7.3.2  TimeStamp: 2026/03/10-08:01:47-GMT  BuildTime: Aug  4 2022 06:17:15  BuildStamp: freesurfer-linux-ubuntu22_x86_64-7.3.2-20220804-6354275  User: oesteban  Machine: dna079  Platform: Linux  PlatformVersion: 5.14.0-427.37.1.el9_4.x86_64  CompilerName: GCC  CompilerVersion: 8.4.0
ProgramName: mri_surf2vol  ProgramArguments: mri_surf2vol -all-info  ProgramVersion: 7.3.2  TimeStamp: 2026/03/10-08:01:47-GMT  BuildTime: Aug  4 2022 06:17:15  BuildStamp: freesurfer-linux-ubuntu22_x86_64-7.3.2-20220804-6354275  User: oesteban  Machine: dna079  Platform: Linux  PlatformVersion: 5.14.0-427.37.1.el9_4.x86_64  CompilerName: GCC  CompilerVersion: 8.4.0
ProgramName: mri_surfcluster  ProgramArguments: mri_surfcluster -all-info  ProgramVersion: 7.3.2  TimeStamp: 2026/03/10-08:01:47-GMT  BuildTime: Aug  4 2022 06:17:15  BuildStamp: freesurfer-linux-ubuntu22_x86_64-7.3.2-20220804-6354275  User: oesteban  Machine: dna079  Platform: Linux  PlatformVersion: 5.14.0-427.37.1.el9_4.x86_64  CompilerName: GCC  CompilerVersion: 8.4.0
ProgramName: mris_volmask  ProgramArguments: mris_volmask -all-info  ProgramVersion: 7.3.2  TimeStamp: 2026/03/10-08:01:47-GMT  BuildTime: Aug  4 2022 06:17:15  BuildStamp: freesurfer-linux-ubuntu22_x86_64-7.3.2-20220804-6354275  User: oesteban  Machine: dna079  Platform: Linux  PlatformVersion: 5.14.0-427.37.1.el9_4.x86_64  CompilerName: GCC  CompilerVersion: 8.4.0
ProgramName: mri_tessellate  ProgramArguments: mri_tessellate -all-info  ProgramVersion: 7.3.2  TimeStamp: 2026/03/10-08:01:47-GMT  BuildTime: Aug  4 2022 06:17:15  BuildStamp: freesurfer-linux-ubuntu22_x86_64-7.3.2-20220804-6354275  User: oesteban  Machine: dna079  Platform: Linux  PlatformVersion: 5.14.0-427.37.1.el9_4.x86_64  CompilerName: GCC  CompilerVersion: 8.4.0
ProgramName: mri_vol2surf  ProgramArguments: mri_vol2surf -all-info  ProgramVersion: 7.3.2  TimeStamp: 2026/03/10-08:01:47-GMT  BuildTime: Aug  4 2022 06:17:15  BuildStamp: freesurfer-linux-ubuntu22_x86_64-7.3.2-20220804-6354275  User: oesteban  Machine: dna079  Platform: Linux  PlatformVersion: 5.14.0-427.37.1.el9_4.x86_64  CompilerName: GCC  CompilerVersion: 8.4.0
ProgramName: mri_vol2vol  ProgramArguments: mri_vol2vol -all-info  ProgramVersion: 7.3.2  TimeStamp: 2026/03/10-08:01:47-GMT  BuildTime: Aug  4 2022 06:17:15  BuildStamp: freesurfer-linux-ubuntu22_x86_64-7.3.2-20220804-6354275  User: oesteban  Machine: dna079  Platform: Linux  PlatformVersion: 5.14.0-427.37.1.el9_4.x86_64  CompilerName: GCC  CompilerVersion: 8.4.0
ProgramName: mri_voldiff  ProgramArguments: mri_voldiff -all-info  ProgramVersion: 7.3.2  TimeStamp: 2026/03/10-08:01:47-GMT  BuildTime: Aug  4 2022 06:17:15  BuildStamp: freesurfer-linux-ubuntu22_x86_64-7.3.2-20220804-6354275  User: oesteban  Machine: dna079  Platform: Linux  PlatformVersion: 5.14.0-427.37.1.el9_4.x86_64  CompilerName: GCC  CompilerVersion: 8.4.0
ProgramName: mri_watershed  ProgramArguments: mri_watershed -all-info  ProgramVersion: 7.3.2  TimeStamp: 2026/03/10-08:01:47-GMT  BuildTime: Aug  4 2022 06:17:15  BuildStamp: freesurfer-linux-ubuntu22_x86_64-7.3.2-20220804-6354275  User: oesteban  Machine: dna079  Platform: Linux  PlatformVersion: 5.14.0-427.37.1.el9_4.x86_64  CompilerName: GCC  CompilerVersion: 8.4.0
ProgramName: tkregister2  ProgramArguments: tkregister2_cmdl -all-info  ProgramVersion: 7.3.2  TimeStamp: 2026/03/10-08:01:47-GMT  BuildTime: Aug  4 2022 06:17:15  BuildStamp: freesurfer-linux-ubuntu22_x86_64-7.3.2-20220804-6354275  User: oesteban  Machine: dna079  Platform: Linux  PlatformVersion: 5.14.0-427.37.1.el9_4.x86_64  CompilerName: GCC  CompilerVersion: 8.4.0
mri_motion_correct.fsl 7.3.2
mri_convert -all-info 
ProgramName: mri_convert  ProgramArguments: mri_convert -all-info  ProgramVersion: 7.3.2  TimeStamp: 2026/03/10-08:01:47-GMT  BuildTime: Aug  4 2022 06:17:15  BuildStamp: freesurfer-linux-ubuntu22_x86_64-7.3.2-20220804-6354275  User: oesteban  Machine: dna079  Platform: Linux  PlatformVersion: 5.14.0-427.37.1.el9_4.x86_64  CompilerName: GCC  CompilerVersion: 8.4.0
Program nu_correct, built from:
Package MNI N3, version 1.12.0, compiled by nicks@terrier (x86_64-unknown-linux-gnu) on 2015-06-19 at 01:25:34
#######################################
GCADIR /opt/freesurfer/average
GCA RB_all_2020-01-02.gca
GCASkull RB_all_withskull_2020_01_02.gca
AvgCurvTif folding.atlas.acfb40.noaparc.i12.2016-08-02.tif
GCSDIR /opt/freesurfer/average
GCS DKaparc.atlas.acfb40.noaparc.i12.2016-08-02.gcs
#######################################
#@# white curv lh Tue Mar 10 09:01:47 CET 2026
cd /out/sourcedata/freesurfer/sub-v1s8x0051343_ses-1/mri
mris_place_surface --curv-map ../surf/lh.white 2 10 ../surf/lh.curv
   Update not needed
#@# white area lh Tue Mar 10 09:01:47 CET 2026
cd /out/sourcedata/freesurfer/sub-v1s8x0051343_ses-1/mri
mris_place_surface --area-map ../surf/lh.white ../surf/lh.area
   Update not needed
#@# pial curv lh Tue Mar 10 09:01:48 CET 2026
cd /out/sourcedata/freesurfer/sub-v1s8x0051343_ses-1/mri
mris_place_surface --curv-map ../surf/lh.pial 2 10 ../surf/lh.curv.pial
   Update not needed
#@# pial area lh Tue Mar 10 09:01:48 CET 2026
cd /out/sourcedata/freesurfer/sub-v1s8x0051343_ses-1/mri
mris_place_surface --area-map ../surf/lh.pial ../surf/lh.area.pial
   Update not needed
#@# thickness lh Tue Mar 10 09:01:48 CET 2026
cd /out/sourcedata/freesurfer/sub-v1s8x0051343_ses-1/mri
mris_place_surface --thickness ../surf/lh.white ../surf/lh.pial 20 5 ../surf/lh.thickness
   Update not needed
#@# area and vertex vol lh Tue Mar 10 09:01:48 CET 2026
cd /out/sourcedata/freesurfer/sub-v1s8x0051343_ses-1/mri
mris_place_surface --thickness ../surf/lh.white ../surf/lh.pial 20 5 ../surf/lh.thickness
   Update not needed
#@# white curv rh Tue Mar 10 09:01:48 CET 2026
cd /out/sourcedata/freesurfer/sub-v1s8x0051343_ses-1/mri
mris_place_surface --curv-map ../surf/rh.white 2 10 ../surf/rh.curv
   Update not needed
#@# white area rh Tue Mar 10 09:01:48 CET 2026
cd /out/sourcedata/freesurfer/sub-v1s8x0051343_ses-1/mri
mris_place_surface --area-map ../surf/rh.white ../surf/rh.area
   Update not needed
#@# pial curv rh Tue Mar 10 09:01:48 CET 2026
cd /out/sourcedata/freesurfer/sub-v1s8x0051343_ses-1/mri
mris_place_surface --curv-map ../surf/rh.pial 2 10 ../surf/rh.curv.pial
   Update not needed
#@# pial area rh Tue Mar 10 09:01:48 CET 2026
cd /out/sourcedata/freesurfer/sub-v1s8x0051343_ses-1/mri
mris_place_surface --area-map ../surf/rh.pial ../surf/rh.area.pial
   Update not needed
#@# thickness rh Tue Mar 10 09:01:48 CET 2026
cd /out/sourcedata/freesurfer/sub-v1s8x0051343_ses-1/mri
mris_place_surface --thickness ../surf/rh.white ../surf/rh.pial 20 5 ../surf/rh.thickness
   Update not needed
#@# area and vertex vol rh Tue Mar 10 09:01:48 CET 2026
cd /out/sourcedata/freesurfer/sub-v1s8x0051343_ses-1/mri
mris_place_surface --thickness ../surf/rh.white ../surf/rh.pial 20 5 ../surf/rh.thickness
   Update not needed
#--------------------------------------------
#@# Cortical ribbon mask Tue Mar 10 09:01:48 CET 2026
/out/sourcedata/freesurfer/sub-v1s8x0051343_ses-1/mri

 mris_volmask --aseg_name aseg.presurf --label_left_white 2 --label_left_ribbon 3 --label_right_white 41 --label_right_ribbon 42 --save_ribbon sub-v1s8x0051343_ses-1 

SUBJECTS_DIR is /out/sourcedata/freesurfer
loading input data...
Running hemis serially
Processing left hemi
computing distance to left white surface 
computing distance to left pial surface 
Processing right hemi
computing distance to right white surface 
computing distance to right pial surface 
 hemi masks overlap voxels = 86
writing volume /out/sourcedata/freesurfer/sub-v1s8x0051343_ses-1/mri/ribbon.mgz
mris_volmask took 3.64 minutes
 writing ribbon files

Started at Tue Mar 10 09:01:47 CET 2026 
Ended   at Tue Mar 10 09:05:26 CET 2026
#@#%# recon-all-run-time-hours 0.061
recon-all -s sub-v1s8x0051343_ses-1 finished without error at Tue Mar 10 09:05:26 CET 2026



#New# invocation of recon-all 




Tue Mar 10 09:10:59 CET 2026
cd /out/sourcedata/freesurfer/sub-v1s8x0051343_ses-1
setenv SUBJECTS_DIR /out/sourcedata/freesurfer
/opt/freesurfer/bin/recon-all -autorecon3 -openmp 16 -subjid sub-v1s8x0051343_ses-1 -sd /out/sourcedata/freesurfer -nosphere -nosurfreg -nojacobian_white -noavgcurv -nocortparc -nopial -noparcstats -nocortparc2 -noparcstats2 -nocortparc3 -noparcstats3 -nopctsurfcon -nocortribbon -nobalabels

subjid sub-v1s8x0051343_ses-1
setenv SUBJECTS_DIR /out/sourcedata/freesurfer
FREESURFER_HOME /opt/freesurfer
Actual FREESURFER_HOME /opt/freesurfer
build-stamp.txt: freesurfer-linux-ubuntu22_x86_64-7.3.2-20220804-6354275
Linux dna079 5.14.0-427.37.1.el9_4.x86_64 #1 SMP PREEMPT_DYNAMIC Fri Sep 13 12:41:50 EDT 2024 x86_64 x86_64 x86_64 GNU/Linux
cputime      unlimited
filesize     unlimited
datasize     unlimited
stacksize    8192 kbytes
coredumpsize 0 kbytes
memoryuse    67108864 kbytes
vmemoryuse   unlimited
descriptors  1024 
memorylocked unlimited
maxproc      2061970 
maxlocks     unlimited
maxsignal    2062029 
maxmessage   819200 
maxnice      0 
maxrtprio    0 
maxrttime    unlimited

               total        used        free      shared  buff/cache   available
Mem:           503Gi        52Gi       376Gi       9.2Gi        74Gi       438Gi
Swap:             0B          0B          0B

########################################
program versions used
7.3.2 (freesurfer-linux-ubuntu22_x86_64-7.3.2-20220804-6354275)
7.3.2

ProgramName: lta_convert  ProgramArguments: lta_convert -all-info  ProgramVersion: 7.3.2  TimeStamp: 2026/03/10-08:10:59-GMT  BuildTime: Aug  4 2022 06:17:15  BuildStamp: freesurfer-linux-ubuntu22_x86_64-7.3.2-20220804-6354275  User: oesteban  Machine: dna079  Platform: Linux  PlatformVersion: 5.14.0-427.37.1.el9_4.x86_64  CompilerName: GCC  CompilerVersion: 8.4.0
ProgramName: mri_and  ProgramArguments: mri_and -all-info  ProgramVersion: 7.3.2  TimeStamp: 2026/03/10-08:10:59-GMT  BuildTime: Aug  4 2022 06:17:15  BuildStamp: freesurfer-linux-ubuntu22_x86_64-7.3.2-20220804-6354275  User: oesteban  Machine: dna079  Platform: Linux  PlatformVersion: 5.14.0-427.37.1.el9_4.x86_64  CompilerName: GCC  CompilerVersion: 8.4.0
ProgramName: mri_annotation2label  ProgramArguments: mri_annotation2label -all-info  ProgramVersion: 7.3.2  TimeStamp: 2026/03/10-08:10:59-GMT  BuildTime: Aug  4 2022 06:17:15  BuildStamp: freesurfer-linux-ubuntu22_x86_64-7.3.2-20220804-6354275  User: oesteban  Machine: dna079  Platform: Linux  PlatformVersion: 5.14.0-427.37.1.el9_4.x86_64  CompilerName: GCC  CompilerVersion: 8.4.0
ProgramName: mri_aparc2aseg  ProgramArguments: mri_aparc2aseg -all-info  ProgramVersion: 7.3.2  TimeStamp: 2026/03/10-08:10:59-GMT  BuildTime: Aug  4 2022 06:17:15  BuildStamp: freesurfer-linux-ubuntu22_x86_64-7.3.2-20220804-6354275  User: oesteban  Machine: dna079  Platform: Linux  PlatformVersion: 5.14.0-427.37.1.el9_4.x86_64  CompilerName: GCC  CompilerVersion: 8.4.0
ProgramName: mri_surf2volseg  ProgramArguments: mri_surf2volseg -all-info  ProgramVersion: 7.3.2  TimeStamp: 2026/03/10-08:10:59-GMT  BuildTime: Aug  4 2022 06:17:15  BuildStamp: freesurfer-linux-ubuntu22_x86_64-7.3.2-20220804-6354275  User: oesteban  Machine: dna079  Platform: Linux  PlatformVersion: 5.14.0-427.37.1.el9_4.x86_64  CompilerName: GCC  CompilerVersion: 8.4.0
ProgramName: mri_binarize  ProgramArguments: mri_binarize -all-info  ProgramVersion: 7.3.2  TimeStamp: 2026/03/10-08:10:59-GMT  BuildTime: Aug  4 2022 06:17:15  BuildStamp: freesurfer-linux-ubuntu22_x86_64-7.3.2-20220804-6354275  User: oesteban  Machine: dna079  Platform: Linux  PlatformVersion: 5.14.0-427.37.1.el9_4.x86_64  CompilerName: GCC  CompilerVersion: 8.4.0
ProgramName: mri_ca_label  ProgramArguments: mri_ca_label -all-info  ProgramVersion: 7.3.2  TimeStamp: 2026/03/10-08:10:59-GMT  BuildTime: Aug  4 2022 06:17:15  BuildStamp: freesurfer-linux-ubuntu22_x86_64-7.3.2-20220804-6354275  User: oesteban  Machine: dna079  Platform: Linux  PlatformVersion: 5.14.0-427.37.1.el9_4.x86_64  CompilerName: GCC  CompilerVersion: 8.4.0
ProgramName: mri_ca_normalize  ProgramArguments: mri_ca_normalize -all-info  ProgramVersion: 7.3.2  TimeStamp: 2026/03/10-08:10:59-GMT  BuildTime: Aug  4 2022 06:17:15  BuildStamp: freesurfer-linux-ubuntu22_x86_64-7.3.2-20220804-6354275  User: oesteban  Machine: dna079  Platform: Linux  PlatformVersion: 5.14.0-427.37.1.el9_4.x86_64  CompilerName: GCC  CompilerVersion: 8.4.0
ProgramName: mri_ca_register  ProgramArguments: mri_ca_register -all-info  ProgramVersion: 7.3.2  TimeStamp: 2026/03/10-08:10:59-GMT  BuildTime: Aug  4 2022 06:17:15  BuildStamp: freesurfer-linux-ubuntu22_x86_64-7.3.2-20220804-6354275  User: oesteban  Machine: dna079  Platform: Linux  PlatformVersion: 5.14.0-427.37.1.el9_4.x86_64  CompilerName: GCC  CompilerVersion: 8.4.0
ProgramName: mri_cc  ProgramArguments: mri_cc -all-info  ProgramVersion: 7.3.2  TimeStamp: 2026/03/10-08:10:59-GMT  BuildTime: Aug  4 2022 06:17:15  BuildStamp: freesurfer-linux-ubuntu22_x86_64-7.3.2-20220804-6354275  User: oesteban  Machine: dna079  Platform: Linux  PlatformVersion: 5.14.0-427.37.1.el9_4.x86_64  CompilerName: GCC  CompilerVersion: 8.4.0
ProgramName: mri_compute_overlap  ProgramArguments: mri_compute_overlap -all-info  ProgramVersion: 7.3.2  TimeStamp: 2026/03/10-08:10:59-GMT  BuildTime: Aug  4 2022 06:17:15  BuildStamp: freesurfer-linux-ubuntu22_x86_64-7.3.2-20220804-6354275  User: oesteban  Machine: dna079  Platform: Linux  PlatformVersion: 5.14.0-427.37.1.el9_4.x86_64  CompilerName: GCC  CompilerVersion: 8.4.0
ProgramName: mri_compute_seg_overlap  ProgramArguments: mri_compute_seg_overlap -all-info  ProgramVersion: 7.3.2  TimeStamp: 2026/03/10-08:10:59-GMT  BuildTime: Aug  4 2022 06:17:15  BuildStamp: freesurfer-linux-ubuntu22_x86_64-7.3.2-20220804-6354275  User: oesteban  Machine: dna079  Platform: Linux  PlatformVersion: 5.14.0-427.37.1.el9_4.x86_64  CompilerName: GCC  CompilerVersion: 8.4.0
ProgramName: mri_concat  ProgramArguments: mri_concat -all-info  ProgramVersion: 7.3.2  TimeStamp: 2026/03/10-08:10:59-GMT  BuildTime: Aug  4 2022 06:17:15  BuildStamp: freesurfer-linux-ubuntu22_x86_64-7.3.2-20220804-6354275  User: oesteban  Machine: dna079  Platform: Linux  PlatformVersion: 5.14.0-427.37.1.el9_4.x86_64  CompilerName: GCC  CompilerVersion: 8.4.0
ProgramName: mri_concatenate_lta  ProgramArguments: mri_concatenate_lta -all-info  ProgramVersion: 7.3.2  TimeStamp: 2026/03/10-08:10:59-GMT  BuildTime: Aug  4 2022 06:17:15  BuildStamp: freesurfer-linux-ubuntu22_x86_64-7.3.2-20220804-6354275  User: oesteban  Machine: dna079  Platform: Linux  PlatformVersion: 5.14.0-427.37.1.el9_4.x86_64  CompilerName: GCC  CompilerVersion: 8.4.0
mri_convert -all-info 
ProgramName: mri_convert  ProgramArguments: mri_convert -all-info  ProgramVersion: 7.3.2  TimeStamp: 2026/03/10-08:10:59-GMT  BuildTime: Aug  4 2022 06:17:15  BuildStamp: freesurfer-linux-ubuntu22_x86_64-7.3.2-20220804-6354275  User: oesteban  Machine: dna079  Platform: Linux  PlatformVersion: 5.14.0-427.37.1.el9_4.x86_64  CompilerName: GCC  CompilerVersion: 8.4.0
ProgramName: mri_diff  ProgramArguments: mri_diff -all-info  ProgramVersion: 7.3.2  TimeStamp: 2026/03/10-08:10:59-GMT  BuildTime: Aug  4 2022 06:17:15  BuildStamp: freesurfer-linux-ubuntu22_x86_64-7.3.2-20220804-6354275  User: oesteban  Machine: dna079  Platform: Linux  PlatformVersion: 5.14.0-427.37.1.el9_4.x86_64  CompilerName: GCC  CompilerVersion: 8.4.0
ProgramName: mri_edit_wm_with_aseg  ProgramArguments: mri_edit_wm_with_aseg -all-info  ProgramVersion: 7.3.2  TimeStamp: 2026/03/10-08:10:59-GMT  BuildTime: Aug  4 2022 06:17:15  BuildStamp: freesurfer-linux-ubuntu22_x86_64-7.3.2-20220804-6354275  User: oesteban  Machine: dna079  Platform: Linux  PlatformVersion: 5.14.0-427.37.1.el9_4.x86_64  CompilerName: GCC  CompilerVersion: 8.4.0
ProgramName: mri_em_register  ProgramArguments: mri_em_register -all-info  ProgramVersion: 7.3.2  TimeStamp: 2026/03/10-08:10:59-GMT  BuildTime: Aug  4 2022 06:17:15  BuildStamp: freesurfer-linux-ubuntu22_x86_64-7.3.2-20220804-6354275  User: oesteban  Machine: dna079  Platform: Linux  PlatformVersion: 5.14.0-427.37.1.el9_4.x86_64  CompilerName: GCC  CompilerVersion: 8.4.0
ProgramName: mri_fill  ProgramArguments: mri_fill -all-info  ProgramVersion: 7.3.2  TimeStamp: 2026/03/10-08:10:59-GMT  BuildTime: Aug  4 2022 06:17:15  BuildStamp: freesurfer-linux-ubuntu22_x86_64-7.3.2-20220804-6354275  User: oesteban  Machine: dna079  Platform: Linux  PlatformVersion: 5.14.0-427.37.1.el9_4.x86_64  CompilerName: GCC  CompilerVersion: 8.4.0
ProgramName: mri_fuse_segmentations  ProgramArguments: mri_fuse_segmentations -all-info  ProgramVersion: 7.3.2  TimeStamp: 2026/03/10-08:10:59-GMT  BuildTime: Aug  4 2022 06:17:15  BuildStamp: freesurfer-linux-ubuntu22_x86_64-7.3.2-20220804-6354275  User: oesteban  Machine: dna079  Platform: Linux  PlatformVersion: 5.14.0-427.37.1.el9_4.x86_64  CompilerName: GCC  CompilerVersion: 8.4.0
ProgramName: mri_fwhm  ProgramArguments: mri_fwhm -all-info  ProgramVersion: 7.3.2  TimeStamp: 2026/03/10-08:10:59-GMT  BuildTime: Aug  4 2022 06:17:15  BuildStamp: freesurfer-linux-ubuntu22_x86_64-7.3.2-20220804-6354275  User: oesteban  Machine: dna079  Platform: Linux  PlatformVersion: 5.14.0-427.37.1.el9_4.x86_64  CompilerName: GCC  CompilerVersion: 8.4.0
ProgramName: mri_gcut  ProgramArguments: mri_gcut -all-info  ProgramVersion: 7.3.2  TimeStamp: 2026/03/10-08:10:59-GMT  BuildTime: Aug  4 2022 06:17:15  BuildStamp: freesurfer-linux-ubuntu22_x86_64-7.3.2-20220804-6354275  User: oesteban  Machine: dna079  Platform: Linux  PlatformVersion: 5.14.0-427.37.1.el9_4.x86_64  CompilerName: GCC  CompilerVersion: 8.4.0
ProgramName: mri_info  ProgramArguments: mri_info -all-info  ProgramVersion: 7.3.2  TimeStamp: 2026/03/10-08:10:59-GMT  BuildTime: Aug  4 2022 06:17:15  BuildStamp: freesurfer-linux-ubuntu22_x86_64-7.3.2-20220804-6354275  User: oesteban  Machine: dna079  Platform: Linux  PlatformVersion: 5.14.0-427.37.1.el9_4.x86_64  CompilerName: GCC  CompilerVersion: 8.4.0
ProgramName: mri_label2label  ProgramArguments: mri_label2label -all-info  ProgramVersion: 7.3.2  TimeStamp: 2026/03/10-08:10:59-GMT  BuildTime: Aug  4 2022 06:17:15  BuildStamp: freesurfer-linux-ubuntu22_x86_64-7.3.2-20220804-6354275  User: oesteban  Machine: dna079  Platform: Linux  PlatformVersion: 5.14.0-427.37.1.el9_4.x86_64  CompilerName: GCC  CompilerVersion: 8.4.0
ProgramName: mri_label2vol  ProgramArguments: mri_label2vol -all-info  ProgramVersion: 7.3.2  TimeStamp: 2026/03/10-08:10:59-GMT  BuildTime: Aug  4 2022 06:17:15  BuildStamp: freesurfer-linux-ubuntu22_x86_64-7.3.2-20220804-6354275  User: oesteban  Machine: dna079  Platform: Linux  PlatformVersion: 5.14.0-427.37.1.el9_4.x86_64  CompilerName: GCC  CompilerVersion: 8.4.0
ProgramName: mri_log_likelihood  ProgramArguments: mri_log_likelihood -all-info  ProgramVersion: 7.3.2  TimeStamp: 2026/03/10-08:10:59-GMT  BuildTime: Aug  4 2022 06:17:15  BuildStamp: freesurfer-linux-ubuntu22_x86_64-7.3.2-20220804-6354275  User: oesteban  Machine: dna079  Platform: Linux  PlatformVersion: 5.14.0-427.37.1.el9_4.x86_64  CompilerName: GCC  CompilerVersion: 8.4.0
ProgramName: mri_mask  ProgramArguments: mri_mask -all-info  ProgramVersion: 7.3.2  TimeStamp: 2026/03/10-08:10:59-GMT  BuildTime: Aug  4 2022 06:17:15  BuildStamp: freesurfer-linux-ubuntu22_x86_64-7.3.2-20220804-6354275  User: oesteban  Machine: dna079  Platform: Linux  PlatformVersion: 5.14.0-427.37.1.el9_4.x86_64  CompilerName: GCC  CompilerVersion: 8.4.0
ProgramName: mri_matrix_multiply  ProgramArguments: mri_matrix_multiply -all-info  ProgramVersion: 7.3.2  TimeStamp: 2026/03/10-08:10:59-GMT  BuildTime: Aug  4 2022 06:17:15  BuildStamp: freesurfer-linux-ubuntu22_x86_64-7.3.2-20220804-6354275  User: oesteban  Machine: dna079  Platform: Linux  PlatformVersion: 5.14.0-427.37.1.el9_4.x86_64  CompilerName: GCC  CompilerVersion: 8.4.0
ProgramName: mri_normalize  ProgramArguments: mri_normalize -all-info  ProgramVersion: 7.3.2  TimeStamp: 2026/03/10-08:10:59-GMT  BuildTime: Aug  4 2022 06:17:15  BuildStamp: freesurfer-linux-ubuntu22_x86_64-7.3.2-20220804-6354275  User: oesteban  Machine: dna079  Platform: Linux  PlatformVersion: 5.14.0-427.37.1.el9_4.x86_64  CompilerName: GCC  CompilerVersion: 8.4.0
ProgramName: mri_normalize_tp2  ProgramArguments: mri_normalize_tp2 -all-info  ProgramVersion: 7.3.2  TimeStamp: 2026/03/10-08:10:59-GMT  BuildTime: Aug  4 2022 06:17:15  BuildStamp: freesurfer-linux-ubuntu22_x86_64-7.3.2-20220804-6354275  User: oesteban  Machine: dna079  Platform: Linux  PlatformVersion: 5.14.0-427.37.1.el9_4.x86_64  CompilerName: GCC  CompilerVersion: 8.4.0
ProgramName: mri_or  ProgramArguments: mri_or -all-info  ProgramVersion: 7.3.2  TimeStamp: 2026/03/10-08:10:59-GMT  BuildTime: Aug  4 2022 06:17:15  BuildStamp: freesurfer-linux-ubuntu22_x86_64-7.3.2-20220804-6354275  User: oesteban  Machine: dna079  Platform: Linux  PlatformVersion: 5.14.0-427.37.1.el9_4.x86_64  CompilerName: GCC  CompilerVersion: 8.4.0
ProgramName: mri_relabel_hypointensities  ProgramArguments: mri_relabel_hypointensities -all-info  ProgramVersion: 7.3.2  TimeStamp: 2026/03/10-08:10:59-GMT  BuildTime: Aug  4 2022 06:17:15  BuildStamp: freesurfer-linux-ubuntu22_x86_64-7.3.2-20220804-6354275  User: oesteban  Machine: dna079  Platform: Linux  PlatformVersion: 5.14.0-427.37.1.el9_4.x86_64  CompilerName: GCC  CompilerVersion: 8.4.0
ProgramName: mri_relabel_nonwm_hypos  ProgramArguments: mri_relabel_nonwm_hypos -all-info  ProgramVersion: 7.3.2  TimeStamp: 2026/03/10-08:10:59-GMT  BuildTime: Aug  4 2022 06:17:15  BuildStamp: freesurfer-linux-ubuntu22_x86_64-7.3.2-20220804-6354275  User: oesteban  Machine: dna079  Platform: Linux  PlatformVersion: 5.14.0-427.37.1.el9_4.x86_64  CompilerName: GCC  CompilerVersion: 8.4.0
ProgramName: mri_remove_neck  ProgramArguments: mri_remove_neck -all-info  ProgramVersion: 7.3.2  TimeStamp: 2026/03/10-08:10:59-GMT  BuildTime: Aug  4 2022 06:17:15  BuildStamp: freesurfer-linux-ubuntu22_x86_64-7.3.2-20220804-6354275  User: oesteban  Machine: dna079  Platform: Linux  PlatformVersion: 5.14.0-427.37.1.el9_4.x86_64  CompilerName: GCC  CompilerVersion: 8.4.0
7.3.2

ProgramName: mri_robust_register  ProgramArguments: mri_robust_register -all-info  ProgramVersion: 7.3.2  TimeStamp: 2026/03/10-08:10:59-GMT  BuildTime: Aug  4 2022 06:17:15  BuildStamp: freesurfer-linux-ubuntu22_x86_64-7.3.2-20220804-6354275  User: oesteban  Machine: dna079  Platform: Linux  PlatformVersion: 5.14.0-427.37.1.el9_4.x86_64  CompilerName: GCC  CompilerVersion: 8.4.0
7.3.2

ProgramName: mri_robust_template  ProgramArguments: mri_robust_template -all-info  ProgramVersion: 7.3.2  TimeStamp: 2026/03/10-08:10:59-GMT  BuildTime: Aug  4 2022 06:17:15  BuildStamp: freesurfer-linux-ubuntu22_x86_64-7.3.2-20220804-6354275  User: oesteban  Machine: dna079  Platform: Linux  PlatformVersion: 5.14.0-427.37.1.el9_4.x86_64  CompilerName: GCC  CompilerVersion: 8.4.0
ProgramName: mris_anatomical_stats  ProgramArguments: mris_anatomical_stats -all-info  ProgramVersion: 7.3.2  TimeStamp: 2026/03/10-08:10:59-GMT  BuildTime: Aug  4 2022 06:17:15  BuildStamp: freesurfer-linux-ubuntu22_x86_64-7.3.2-20220804-6354275  User: oesteban  Machine: dna079  Platform: Linux  PlatformVersion: 5.14.0-427.37.1.el9_4.x86_64  CompilerName: GCC  CompilerVersion: 8.4.0
ProgramName: mris_ca_label  ProgramArguments: mris_ca_label -all-info  ProgramVersion: 7.3.2  TimeStamp: 2026/03/10-08:10:59-GMT  BuildTime: Aug  4 2022 06:17:15  BuildStamp: freesurfer-linux-ubuntu22_x86_64-7.3.2-20220804-6354275  User: oesteban  Machine: dna079  Platform: Linux  PlatformVersion: 5.14.0-427.37.1.el9_4.x86_64  CompilerName: GCC  CompilerVersion: 8.4.0
ProgramName: mris_calc  ProgramArguments: mris_calc -all-info  ProgramVersion: 7.3.2  TimeStamp: 2026/03/10-08:10:59-GMT  BuildTime: Aug  4 2022 06:17:15  BuildStamp: freesurfer-linux-ubuntu22_x86_64-7.3.2-20220804-6354275  User: oesteban  Machine: dna079  Platform: Linux  PlatformVersion: 5.14.0-427.37.1.el9_4.x86_64  CompilerName: GCC  CompilerVersion: 8.4.0
ProgramName: mris_convert  ProgramArguments: mris_convert -all-info  ProgramVersion: 7.3.2  TimeStamp: 2026/03/10-08:10:59-GMT  BuildTime: Aug  4 2022 06:17:15  BuildStamp: freesurfer-linux-ubuntu22_x86_64-7.3.2-20220804-6354275  User: oesteban  Machine: dna079  Platform: Linux  PlatformVersion: 5.14.0-427.37.1.el9_4.x86_64  CompilerName: GCC  CompilerVersion: 8.4.0
ProgramName: mris_curvature  ProgramArguments: mris_curvature -all-info  ProgramVersion: 7.3.2  TimeStamp: 2026/03/10-08:10:59-GMT  BuildTime: Aug  4 2022 06:17:15  BuildStamp: freesurfer-linux-ubuntu22_x86_64-7.3.2-20220804-6354275  User: oesteban  Machine: dna079  Platform: Linux  PlatformVersion: 5.14.0-427.37.1.el9_4.x86_64  CompilerName: GCC  CompilerVersion: 8.4.0
ProgramName: mris_curvature_stats  ProgramArguments: mris_curvature_stats -all-info  ProgramVersion: 7.3.2  TimeStamp: 2026/03/10-08:10:59-GMT  BuildTime: Aug  4 2022 06:17:15  BuildStamp: freesurfer-linux-ubuntu22_x86_64-7.3.2-20220804-6354275  User: oesteban  Machine: dna079  Platform: Linux  PlatformVersion: 5.14.0-427.37.1.el9_4.x86_64  CompilerName: GCC  CompilerVersion: 8.4.0
ProgramName: mris_diff  ProgramArguments: mris_diff -all-info  ProgramVersion: 7.3.2  TimeStamp: 2026/03/10-08:10:59-GMT  BuildTime: Aug  4 2022 06:17:15  BuildStamp: freesurfer-linux-ubuntu22_x86_64-7.3.2-20220804-6354275  User: oesteban  Machine: dna079  Platform: Linux  PlatformVersion: 5.14.0-427.37.1.el9_4.x86_64  CompilerName: GCC  CompilerVersion: 8.4.0
ProgramName: mris_divide_parcellation  ProgramArguments: mris_divide_parcellation -all-info  ProgramVersion: 7.3.2  TimeStamp: 2026/03/10-08:10:59-GMT  BuildTime: Aug  4 2022 06:17:15  BuildStamp: freesurfer-linux-ubuntu22_x86_64-7.3.2-20220804-6354275  User: oesteban  Machine: dna079  Platform: Linux  PlatformVersion: 5.14.0-427.37.1.el9_4.x86_64  CompilerName: GCC  CompilerVersion: 8.4.0
ProgramName: mri_segment  ProgramArguments: mri_segment -all-info  ProgramVersion: 7.3.2  TimeStamp: 2026/03/10-08:10:59-GMT  BuildTime: Aug  4 2022 06:17:15  BuildStamp: freesurfer-linux-ubuntu22_x86_64-7.3.2-20220804-6354275  User: oesteban  Machine: dna079  Platform: Linux  PlatformVersion: 5.14.0-427.37.1.el9_4.x86_64  CompilerName: GCC  CompilerVersion: 8.4.0
ProgramName: mri_segstats  ProgramArguments: mri_segstats -all-info  ProgramVersion: 7.3.2  TimeStamp: 2026/03/10-08:10:59-GMT  BuildTime: Aug  4 2022 06:17:15  BuildStamp: freesurfer-linux-ubuntu22_x86_64-7.3.2-20220804-6354275  User: oesteban  Machine: dna079  Platform: Linux  PlatformVersion: 5.14.0-427.37.1.el9_4.x86_64  CompilerName: GCC  CompilerVersion: 8.4.0
ProgramName: mris_euler_number  ProgramArguments: mris_euler_number -all-info  ProgramVersion: 7.3.2  TimeStamp: 2026/03/10-08:10:59-GMT  BuildTime: Aug  4 2022 06:17:15  BuildStamp: freesurfer-linux-ubuntu22_x86_64-7.3.2-20220804-6354275  User: oesteban  Machine: dna079  Platform: Linux  PlatformVersion: 5.14.0-427.37.1.el9_4.x86_64  CompilerName: GCC  CompilerVersion: 8.4.0
ProgramName: mris_fix_topology  ProgramArguments: mris_fix_topology -all-info  ProgramVersion: 7.3.2  TimeStamp: 2026/03/10-08:10:59-GMT  BuildTime: Aug  4 2022 06:17:15  BuildStamp: freesurfer-linux-ubuntu22_x86_64-7.3.2-20220804-6354275  User: oesteban  Machine: dna079  Platform: Linux  PlatformVersion: 5.14.0-427.37.1.el9_4.x86_64  CompilerName: GCC  CompilerVersion: 8.4.0
ProgramName: mris_topo_fixer  ProgramArguments: mris_topo_fixer -all-info  ProgramVersion: 7.3.2  TimeStamp: 2026/03/10-08:10:59-GMT  BuildTime: Aug  4 2022 06:17:15  BuildStamp: freesurfer-linux-ubuntu22_x86_64-7.3.2-20220804-6354275  User: oesteban  Machine: dna079  Platform: Linux  PlatformVersion: 5.14.0-427.37.1.el9_4.x86_64  CompilerName: GCC  CompilerVersion: 8.4.0
ProgramName: mris_jacobian  ProgramArguments: mris_jacobian -all-info  ProgramVersion: 7.3.2  TimeStamp: 2026/03/10-08:10:59-GMT  BuildTime: Aug  4 2022 06:17:15  BuildStamp: freesurfer-linux-ubuntu22_x86_64-7.3.2-20220804-6354275  User: oesteban  Machine: dna079  Platform: Linux  PlatformVersion: 5.14.0-427.37.1.el9_4.x86_64  CompilerName: GCC  CompilerVersion: 8.4.0
ProgramName: mris_label2annot  ProgramArguments: mris_label2annot -all-info  ProgramVersion: 7.3.2  TimeStamp: 2026/03/10-08:10:59-GMT  BuildTime: Aug  4 2022 06:17:15  BuildStamp: freesurfer-linux-ubuntu22_x86_64-7.3.2-20220804-6354275  User: oesteban  Machine: dna079  Platform: Linux  PlatformVersion: 5.14.0-427.37.1.el9_4.x86_64  CompilerName: GCC  CompilerVersion: 8.4.0
ProgramName: mris_left_right_register  ProgramArguments: mris_left_right_register -all-info  ProgramVersion: 7.3.2  TimeStamp: 2026/03/10-08:10:59-GMT  BuildTime: Aug  4 2022 06:17:15  BuildStamp: freesurfer-linux-ubuntu22_x86_64-7.3.2-20220804-6354275  User: oesteban  Machine: dna079  Platform: Linux  PlatformVersion: 5.14.0-427.37.1.el9_4.x86_64  CompilerName: GCC  CompilerVersion: 8.4.0
ProgramName: mris_place_surface  ProgramArguments: mris_place_surface -all-info  ProgramVersion: 7.3.2  TimeStamp: 2026/03/10-08:10:59-GMT  BuildTime: Aug  4 2022 06:17:15  BuildStamp: freesurfer-linux-ubuntu22_x86_64-7.3.2-20220804-6354275  User: oesteban  Machine: dna079  Platform: Linux  PlatformVersion: 5.14.0-427.37.1.el9_4.x86_64  CompilerName: GCC  CompilerVersion: 8.4.0
ProgramName: mrisp_paint  ProgramArguments: mrisp_paint -all-info  ProgramVersion: 7.3.2  TimeStamp: 2026/03/10-08:10:59-GMT  BuildTime: Aug  4 2022 06:17:15  BuildStamp: freesurfer-linux-ubuntu22_x86_64-7.3.2-20220804-6354275  User: oesteban  Machine: dna079  Platform: Linux  PlatformVersion: 5.14.0-427.37.1.el9_4.x86_64  CompilerName: GCC  CompilerVersion: 8.4.0
ProgramName: mris_register  ProgramArguments: mris_register -all-info  ProgramVersion: 7.3.2  TimeStamp: 2026/03/10-08:10:59-GMT  BuildTime: Aug  4 2022 06:17:15  BuildStamp: freesurfer-linux-ubuntu22_x86_64-7.3.2-20220804-6354275  User: oesteban  Machine: dna079  Platform: Linux  PlatformVersion: 5.14.0-427.37.1.el9_4.x86_64  CompilerName: GCC  CompilerVersion: 8.4.0
ProgramName: mris_smooth  ProgramArguments: mris_smooth -all-info  ProgramVersion: 7.3.2  TimeStamp: 2026/03/10-08:10:59-GMT  BuildTime: Aug  4 2022 06:17:15  BuildStamp: freesurfer-linux-ubuntu22_x86_64-7.3.2-20220804-6354275  User: oesteban  Machine: dna079  Platform: Linux  PlatformVersion: 5.14.0-427.37.1.el9_4.x86_64  CompilerName: GCC  CompilerVersion: 8.4.0
ProgramName: mris_sphere  ProgramArguments: mris_sphere -all-info  ProgramVersion: 7.3.2  TimeStamp: 2026/03/10-08:10:59-GMT  BuildTime: Aug  4 2022 06:17:15  BuildStamp: freesurfer-linux-ubuntu22_x86_64-7.3.2-20220804-6354275  User: oesteban  Machine: dna079  Platform: Linux  PlatformVersion: 5.14.0-427.37.1.el9_4.x86_64  CompilerName: GCC  CompilerVersion: 8.4.0
ProgramName: mris_surface_stats  ProgramArguments: mris_surface_stats -all-info  ProgramVersion: 7.3.2  TimeStamp: 2026/03/10-08:10:59-GMT  BuildTime: Aug  4 2022 06:17:15  BuildStamp: freesurfer-linux-ubuntu22_x86_64-7.3.2-20220804-6354275  User: oesteban  Machine: dna079  Platform: Linux  PlatformVersion: 5.14.0-427.37.1.el9_4.x86_64  CompilerName: GCC  CompilerVersion: 8.4.0
ProgramName: mri_stats2seg  ProgramArguments: mri_stats2seg -all-info  ProgramVersion: 7.3.2  TimeStamp: 2026/03/10-08:10:59-GMT  BuildTime: Aug  4 2022 06:17:15  BuildStamp: freesurfer-linux-ubuntu22_x86_64-7.3.2-20220804-6354275  User: oesteban  Machine: dna079  Platform: Linux  PlatformVersion: 5.14.0-427.37.1.el9_4.x86_64  CompilerName: GCC  CompilerVersion: 8.4.0
ProgramName: mris_thickness  ProgramArguments: mris_thickness -all-info  ProgramVersion: 7.3.2  TimeStamp: 2026/03/10-08:10:59-GMT  BuildTime: Aug  4 2022 06:17:15  BuildStamp: freesurfer-linux-ubuntu22_x86_64-7.3.2-20220804-6354275  User: oesteban  Machine: dna079  Platform: Linux  PlatformVersion: 5.14.0-427.37.1.el9_4.x86_64  CompilerName: GCC  CompilerVersion: 8.4.0
ProgramName: mris_thickness_diff  ProgramArguments: mris_thickness_diff -all-info  ProgramVersion: 7.3.2  TimeStamp: 2026/03/10-08:10:59-GMT  BuildTime: Aug  4 2022 06:17:15  BuildStamp: freesurfer-linux-ubuntu22_x86_64-7.3.2-20220804-6354275  User: oesteban  Machine: dna079  Platform: Linux  PlatformVersion: 5.14.0-427.37.1.el9_4.x86_64  CompilerName: GCC  CompilerVersion: 8.4.0
ProgramName: mris_topo_fixer  ProgramArguments: mris_topo_fixer -all-info  ProgramVersion: 7.3.2  TimeStamp: 2026/03/10-08:10:59-GMT  BuildTime: Aug  4 2022 06:17:15  BuildStamp: freesurfer-linux-ubuntu22_x86_64-7.3.2-20220804-6354275  User: oesteban  Machine: dna079  Platform: Linux  PlatformVersion: 5.14.0-427.37.1.el9_4.x86_64  CompilerName: GCC  CompilerVersion: 8.4.0
ProgramName: mri_surf2surf  ProgramArguments: mri_surf2surf -all-info  ProgramVersion: 7.3.2  TimeStamp: 2026/03/10-08:10:59-GMT  BuildTime: Aug  4 2022 06:17:15  BuildStamp: freesurfer-linux-ubuntu22_x86_64-7.3.2-20220804-6354275  User: oesteban  Machine: dna079  Platform: Linux  PlatformVersion: 5.14.0-427.37.1.el9_4.x86_64  CompilerName: GCC  CompilerVersion: 8.4.0
ProgramName: mri_surf2vol  ProgramArguments: mri_surf2vol -all-info  ProgramVersion: 7.3.2  TimeStamp: 2026/03/10-08:10:59-GMT  BuildTime: Aug  4 2022 06:17:15  BuildStamp: freesurfer-linux-ubuntu22_x86_64-7.3.2-20220804-6354275  User: oesteban  Machine: dna079  Platform: Linux  PlatformVersion: 5.14.0-427.37.1.el9_4.x86_64  CompilerName: GCC  CompilerVersion: 8.4.0
ProgramName: mri_surfcluster  ProgramArguments: mri_surfcluster -all-info  ProgramVersion: 7.3.2  TimeStamp: 2026/03/10-08:10:59-GMT  BuildTime: Aug  4 2022 06:17:15  BuildStamp: freesurfer-linux-ubuntu22_x86_64-7.3.2-20220804-6354275  User: oesteban  Machine: dna079  Platform: Linux  PlatformVersion: 5.14.0-427.37.1.el9_4.x86_64  CompilerName: GCC  CompilerVersion: 8.4.0
ProgramName: mris_volmask  ProgramArguments: mris_volmask -all-info  ProgramVersion: 7.3.2  TimeStamp: 2026/03/10-08:10:59-GMT  BuildTime: Aug  4 2022 06:17:15  BuildStamp: freesurfer-linux-ubuntu22_x86_64-7.3.2-20220804-6354275  User: oesteban  Machine: dna079  Platform: Linux  PlatformVersion: 5.14.0-427.37.1.el9_4.x86_64  CompilerName: GCC  CompilerVersion: 8.4.0
ProgramName: mri_tessellate  ProgramArguments: mri_tessellate -all-info  ProgramVersion: 7.3.2  TimeStamp: 2026/03/10-08:10:59-GMT  BuildTime: Aug  4 2022 06:17:15  BuildStamp: freesurfer-linux-ubuntu22_x86_64-7.3.2-20220804-6354275  User: oesteban  Machine: dna079  Platform: Linux  PlatformVersion: 5.14.0-427.37.1.el9_4.x86_64  CompilerName: GCC  CompilerVersion: 8.4.0
ProgramName: mri_vol2surf  ProgramArguments: mri_vol2surf -all-info  ProgramVersion: 7.3.2  TimeStamp: 2026/03/10-08:10:59-GMT  BuildTime: Aug  4 2022 06:17:15  BuildStamp: freesurfer-linux-ubuntu22_x86_64-7.3.2-20220804-6354275  User: oesteban  Machine: dna079  Platform: Linux  PlatformVersion: 5.14.0-427.37.1.el9_4.x86_64  CompilerName: GCC  CompilerVersion: 8.4.0
ProgramName: mri_vol2vol  ProgramArguments: mri_vol2vol -all-info  ProgramVersion: 7.3.2  TimeStamp: 2026/03/10-08:10:59-GMT  BuildTime: Aug  4 2022 06:17:15  BuildStamp: freesurfer-linux-ubuntu22_x86_64-7.3.2-20220804-6354275  User: oesteban  Machine: dna079  Platform: Linux  PlatformVersion: 5.14.0-427.37.1.el9_4.x86_64  CompilerName: GCC  CompilerVersion: 8.4.0
ProgramName: mri_voldiff  ProgramArguments: mri_voldiff -all-info  ProgramVersion: 7.3.2  TimeStamp: 2026/03/10-08:10:59-GMT  BuildTime: Aug  4 2022 06:17:15  BuildStamp: freesurfer-linux-ubuntu22_x86_64-7.3.2-20220804-6354275  User: oesteban  Machine: dna079  Platform: Linux  PlatformVersion: 5.14.0-427.37.1.el9_4.x86_64  CompilerName: GCC  CompilerVersion: 8.4.0
ProgramName: mri_watershed  ProgramArguments: mri_watershed -all-info  ProgramVersion: 7.3.2  TimeStamp: 2026/03/10-08:10:59-GMT  BuildTime: Aug  4 2022 06:17:15  BuildStamp: freesurfer-linux-ubuntu22_x86_64-7.3.2-20220804-6354275  User: oesteban  Machine: dna079  Platform: Linux  PlatformVersion: 5.14.0-427.37.1.el9_4.x86_64  CompilerName: GCC  CompilerVersion: 8.4.0
ProgramName: tkregister2  ProgramArguments: tkregister2_cmdl -all-info  ProgramVersion: 7.3.2  TimeStamp: 2026/03/10-08:10:59-GMT  BuildTime: Aug  4 2022 06:17:15  BuildStamp: freesurfer-linux-ubuntu22_x86_64-7.3.2-20220804-6354275  User: oesteban  Machine: dna079  Platform: Linux  PlatformVersion: 5.14.0-427.37.1.el9_4.x86_64  CompilerName: GCC  CompilerVersion: 8.4.0
mri_motion_correct.fsl 7.3.2
mri_convert -all-info 
ProgramName: mri_convert  ProgramArguments: mri_convert -all-info  ProgramVersion: 7.3.2  TimeStamp: 2026/03/10-08:10:59-GMT  BuildTime: Aug  4 2022 06:17:15  BuildStamp: freesurfer-linux-ubuntu22_x86_64-7.3.2-20220804-6354275  User: oesteban  Machine: dna079  Platform: Linux  PlatformVersion: 5.14.0-427.37.1.el9_4.x86_64  CompilerName: GCC  CompilerVersion: 8.4.0
Program nu_correct, built from:
Package MNI N3, version 1.12.0, compiled by nicks@terrier (x86_64-unknown-linux-gnu) on 2015-06-19 at 01:25:34
#######################################
GCADIR /opt/freesurfer/average
GCA RB_all_2020-01-02.gca
GCASkull RB_all_withskull_2020_01_02.gca
AvgCurvTif folding.atlas.acfb40.noaparc.i12.2016-08-02.tif
GCSDIR /opt/freesurfer/average
GCS DKaparc.atlas.acfb40.noaparc.i12.2016-08-02.gcs
#######################################
#--------------------------------------------
#@# WhiteSurfs lh Tue Mar 10 09:11:00 CET 2026
cd /out/sourcedata/freesurfer/sub-v1s8x0051343_ses-1/mri
mris_place_surface --adgws-in ../surf/autodet.gw.stats.lh.dat --seg aseg.presurf.mgz --threads 16 --wm wm.mgz --invol brain.finalsurfs.mgz --lh --i ../surf/lh.white.preaparc --o ../surf/lh.white --white --nsmooth 0 --rip-label ../label/lh.cortex.label --rip-bg --rip-surf ../surf/lh.white.preaparc --aparc ../label/lh.aparc.annot
   Update not needed
#--------------------------------------------
#@# WhiteSurfs rh Tue Mar 10 09:11:00 CET 2026
cd /out/sourcedata/freesurfer/sub-v1s8x0051343_ses-1/mri
mris_place_surface --adgws-in ../surf/autodet.gw.stats.rh.dat --seg aseg.presurf.mgz --threads 16 --wm wm.mgz --invol brain.finalsurfs.mgz --rh --i ../surf/rh.white.preaparc --o ../surf/rh.white --white --nsmooth 0 --rip-label ../label/rh.cortex.label --rip-bg --rip-surf ../surf/rh.white.preaparc --aparc ../label/rh.aparc.annot
   Update not needed
#@# white curv lh Tue Mar 10 09:11:00 CET 2026
cd /out/sourcedata/freesurfer/sub-v1s8x0051343_ses-1/mri
mris_place_surface --curv-map ../surf/lh.white 2 10 ../surf/lh.curv
   Update not needed
#@# white area lh Tue Mar 10 09:11:00 CET 2026
cd /out/sourcedata/freesurfer/sub-v1s8x0051343_ses-1/mri
mris_place_surface --area-map ../surf/lh.white ../surf/lh.area
   Update not needed
#@# pial curv lh Tue Mar 10 09:11:00 CET 2026
cd /out/sourcedata/freesurfer/sub-v1s8x0051343_ses-1/mri
mris_place_surface --curv-map ../surf/lh.pial 2 10 ../surf/lh.curv.pial
   Update not needed
#@# pial area lh Tue Mar 10 09:11:00 CET 2026
cd /out/sourcedata/freesurfer/sub-v1s8x0051343_ses-1/mri
mris_place_surface --area-map ../surf/lh.pial ../surf/lh.area.pial
   Update not needed
#@# thickness lh Tue Mar 10 09:11:00 CET 2026
cd /out/sourcedata/freesurfer/sub-v1s8x0051343_ses-1/mri
mris_place_surface --thickness ../surf/lh.white ../surf/lh.pial 20 5 ../surf/lh.thickness
   Update not needed
#@# area and vertex vol lh Tue Mar 10 09:11:00 CET 2026
cd /out/sourcedata/freesurfer/sub-v1s8x0051343_ses-1/mri
mris_place_surface --thickness ../surf/lh.white ../surf/lh.pial 20 5 ../surf/lh.thickness
   Update not needed
#@# white curv rh Tue Mar 10 09:11:00 CET 2026
cd /out/sourcedata/freesurfer/sub-v1s8x0051343_ses-1/mri
mris_place_surface --curv-map ../surf/rh.white 2 10 ../surf/rh.curv
   Update not needed
#@# white area rh Tue Mar 10 09:11:00 CET 2026
cd /out/sourcedata/freesurfer/sub-v1s8x0051343_ses-1/mri
mris_place_surface --area-map ../surf/rh.white ../surf/rh.area
   Update not needed
#@# pial curv rh Tue Mar 10 09:11:00 CET 2026
cd /out/sourcedata/freesurfer/sub-v1s8x0051343_ses-1/mri
mris_place_surface --curv-map ../surf/rh.pial 2 10 ../surf/rh.curv.pial
   Update not needed
#@# pial area rh Tue Mar 10 09:11:00 CET 2026
cd /out/sourcedata/freesurfer/sub-v1s8x0051343_ses-1/mri
mris_place_surface --area-map ../surf/rh.pial ../surf/rh.area.pial
   Update not needed
#@# thickness rh Tue Mar 10 09:11:00 CET 2026
cd /out/sourcedata/freesurfer/sub-v1s8x0051343_ses-1/mri
mris_place_surface --thickness ../surf/rh.white ../surf/rh.pial 20 5 ../surf/rh.thickness
   Update not needed
#@# area and vertex vol rh Tue Mar 10 09:11:00 CET 2026
cd /out/sourcedata/freesurfer/sub-v1s8x0051343_ses-1/mri
mris_place_surface --thickness ../surf/rh.white ../surf/rh.pial 20 5 ../surf/rh.thickness
   Update not needed

#-----------------------------------------
#@# Curvature Stats lh Tue Mar 10 09:11:00 CET 2026
/out/sourcedata/freesurfer/sub-v1s8x0051343_ses-1/surf

 mris_curvature_stats -m --writeCurvatureFiles -G -o ../stats/lh.curv.stats -F smoothwm sub-v1s8x0051343_ses-1 lh curv sulc 

             Toggling save flag on curvature files                       [ ok ]
                 Outputting results using filestem   [ ../stats/lh.curv.stats ]
             Toggling save flag on curvature files                       [ ok ]
                                   Setting surface [ sub-v1s8x0051343_ses-1/lh.smoothwm ]
                                Reading surface...                       [ ok ]
                                   Setting texture                     [ curv ]
                                Reading texture...                       [ ok ]
                                   Setting texture                     [ sulc ]
                                Reading texture...Gb_filter = 0
                       [ ok ]
      Calculating Discrete Principal Curvatures...
      Determining geometric order for vno faces... [####################] [ ok ]
                      Determining KH curvatures... [####################] [ ok ]
                    Determining k1k2 curvatures... [####################] [ ok ]
                                   deltaViolations                      [ 230 ]
Gb_filter = 0

WARN:    S lookup   min:                          -0.075202
WARN:    S explicit min:                          0.000000	vertex = 902

#-----------------------------------------
#@# Curvature Stats rh Tue Mar 10 09:11:02 CET 2026
/out/sourcedata/freesurfer/sub-v1s8x0051343_ses-1/surf

 mris_curvature_stats -m --writeCurvatureFiles -G -o ../stats/rh.curv.stats -F smoothwm sub-v1s8x0051343_ses-1 rh curv sulc 

             Toggling save flag on curvature files                       [ ok ]
                 Outputting results using filestem   [ ../stats/rh.curv.stats ]
             Toggling save flag on curvature files                       [ ok ]
                                   Setting surface [ sub-v1s8x0051343_ses-1/rh.smoothwm ]
                                Reading surface...                       [ ok ]
                                   Setting texture                     [ curv ]
                                Reading texture...                       [ ok ]
                                   Setting texture                     [ sulc ]
                                Reading texture...Gb_filter = 0
                       [ ok ]
      Calculating Discrete Principal Curvatures...
      Determining geometric order for vno faces... [####################] [ ok ]
                      Determining KH curvatures... [####################] [ ok ]
                    Determining k1k2 curvatures... [####################] [ ok ]
                                   deltaViolations                      [ 239 ]
Gb_filter = 0

WARN:    S lookup   min:                          -0.011777
WARN:    S explicit min:                          0.000000	vertex = 1566
#-----------------------------------------
#@# Relabel Hypointensities Tue Mar 10 09:11:04 CET 2026
/out/sourcedata/freesurfer/sub-v1s8x0051343_ses-1/mri

 mri_relabel_hypointensities aseg.presurf.mgz ../surf aseg.presurf.hypos.mgz 

reading input surface ../surf/lh.white...
relabeling lh hypointensities...
3903 voxels changed to hypointensity...
reading input surface ../surf/rh.white...
relabeling rh hypointensities...
4122 voxels changed to hypointensity...
7928 hypointense voxels neighboring cortex changed
#-----------------------------------------
#@# APas-to-ASeg Tue Mar 10 09:11:15 CET 2026
/out/sourcedata/freesurfer/sub-v1s8x0051343_ses-1/mri

 mri_surf2volseg --o aseg.mgz --i aseg.presurf.hypos.mgz --fix-presurf-with-ribbon /out/sourcedata/freesurfer/sub-v1s8x0051343_ses-1/mri/ribbon.mgz --threads 16 --lh-cortex-mask /out/sourcedata/freesurfer/sub-v1s8x0051343_ses-1/label/lh.cortex.label --lh-white /out/sourcedata/freesurfer/sub-v1s8x0051343_ses-1/surf/lh.white --lh-pial /out/sourcedata/freesurfer/sub-v1s8x0051343_ses-1/surf/lh.pial --rh-cortex-mask /out/sourcedata/freesurfer/sub-v1s8x0051343_ses-1/label/rh.cortex.label --rh-white /out/sourcedata/freesurfer/sub-v1s8x0051343_ses-1/surf/rh.white --rh-pial /out/sourcedata/freesurfer/sub-v1s8x0051343_ses-1/surf/rh.pial 

SUBJECTS_DIR /out/sourcedata/freesurfer
outvol aseg.mgz
16 avail.processors, using 16
Loading aseg.presurf.hypos.mgz
Loading /out/sourcedata/freesurfer/sub-v1s8x0051343_ses-1/mri/ribbon.mgz
Loading /out/sourcedata/freesurfer/sub-v1s8x0051343_ses-1/surf/lh.white
Loading /out/sourcedata/freesurfer/sub-v1s8x0051343_ses-1/surf/lh.pial
Loading /out/sourcedata/freesurfer/sub-v1s8x0051343_ses-1/label/lh.cortex.label
Loading /out/sourcedata/freesurfer/sub-v1s8x0051343_ses-1/surf/rh.white
Loading /out/sourcedata/freesurfer/sub-v1s8x0051343_ses-1/surf/rh.pial
Loading /out/sourcedata/freesurfer/sub-v1s8x0051343_ses-1/label/rh.cortex.label
Done loading
192 176  64 112 144  32   0  16 128 160 224 240  48  96 208  80  17 241   1  33 209 225  49 193  65 242  18 210  34   2 226  50  81 243 194  19 
177  35 211   3  66  97  51 227 244  20 145 161  36 212 195   4 245  21  52 228  82  67 246  37  22 196 213   5 178  53 229 247  38  23   6 197 214 248  54 230  68 113  83  24  39 
146   7 198 215 249  98  25  40  55 231 162 250 179 
  8 199 
216  26  69  84  41 251  56 232  27 200   9 217  42 252 147 129  57  28 233  85 201 218  43  10  70 253  29  58 234  44 202 219 
 11 254 163 180  30  99 
 59 
235 148  45  71 203 220  86  31  12 255 236  46  60 221 204  72  13 237  47  61 222 205 149  87 181  14 238 164 223 206  62  73  15 207 239 
100  63  88  74 182 150 165 130  75  89 183 101 166 151 114 184  90  76 185 167 152 102 186  77  91 187 168 153  78  92 103 131 188 189  79 
154 169  93 190 191 104 155 115 170  94 156 171 132  95 105 172 157 106 173 158 116 174 133 107 159 
175 108 134 117 109 135 118 110 136 137 111 119 
138 139 
120 140 121 141 122 142 123 143 124 125 126 127 
nrelabeled = 164346
ndotcheck = 0
Starting Surf2VolSeg free
free done
#VMPC# mri_surf2volseg VmPeak  1978136
mri_surf2volseg done

 mri_brainvol_stats sub-v1s8x0051343_ses-1 

ComputeBrainVolumeStats2 VoxelVol=1, KeepCSF=1
  #CBVS2 MaskVol              1567364.0
  #CBVS2 BrainSegVol          1276827.0
  #CBVS2 BrainSegVolNotVent   1252643.0
  #CBVS2 SupraTentVol         1126216.0
  #CBVS2 SupraTentVolNotVent  1102032.0
  #CBVS2 lhCtxGM               258942.4
  #CBVS2 rhCtxGM               263750.7
  #CBVS2 lhCerebralWM          257083.5
  #CBVS2 rhCerebralWM          258483.5
  #CBVS2 SubCortGMVol           64374.0
  #CBVS2 CerebellumVol         150611.0
  #CBVS2 CerebellumGMVol       122565.0
  #CBVS2 VentChorVol            20194.0
  #CBVS2 3rd4th5thCSF            3990.0
  #CBVS2 AllCSF                 24184.0
  #CBVS2 CCVol                   4193.0
#-----------------------------------------
#@# AParc-to-ASeg aparc Tue Mar 10 09:11:22 CET 2026
/out/sourcedata/freesurfer/sub-v1s8x0051343_ses-1/mri

 mri_surf2volseg --o aparc+aseg.mgz --label-cortex --i aseg.mgz --threads 16 --lh-annot /out/sourcedata/freesurfer/sub-v1s8x0051343_ses-1/label/lh.aparc.annot 1000 --lh-cortex-mask /out/sourcedata/freesurfer/sub-v1s8x0051343_ses-1/label/lh.cortex.label --lh-white /out/sourcedata/freesurfer/sub-v1s8x0051343_ses-1/surf/lh.white --lh-pial /out/sourcedata/freesurfer/sub-v1s8x0051343_ses-1/surf/lh.pial --rh-annot /out/sourcedata/freesurfer/sub-v1s8x0051343_ses-1/label/rh.aparc.annot 2000 --rh-cortex-mask /out/sourcedata/freesurfer/sub-v1s8x0051343_ses-1/label/rh.cortex.label --rh-white /out/sourcedata/freesurfer/sub-v1s8x0051343_ses-1/surf/rh.white --rh-pial /out/sourcedata/freesurfer/sub-v1s8x0051343_ses-1/surf/rh.pial 

SUBJECTS_DIR /out/sourcedata/freesurfer
outvol aparc+aseg.mgz
16 avail.processors, using 16
Loading aseg.mgz
Loading /out/sourcedata/freesurfer/sub-v1s8x0051343_ses-1/surf/lh.white
Loading /out/sourcedata/freesurfer/sub-v1s8x0051343_ses-1/surf/lh.pial
Loading /out/sourcedata/freesurfer/sub-v1s8x0051343_ses-1/label/lh.cortex.label
Ripping lh vertices labeled not in lh.cortex.label
  ripped 8804 vertices from lh hemi
Loading /out/sourcedata/freesurfer/sub-v1s8x0051343_ses-1/label/lh.aparc.annot
Loading /out/sourcedata/freesurfer/sub-v1s8x0051343_ses-1/surf/rh.white
Loading /out/sourcedata/freesurfer/sub-v1s8x0051343_ses-1/surf/rh.pial
Loading /out/sourcedata/freesurfer/sub-v1s8x0051343_ses-1/label/rh.cortex.label
Ripping rh vertices labeled not in rh.cortex.label
  ripped 8832 vertices from rh hemi
Loading /out/sourcedata/freesurfer/sub-v1s8x0051343_ses-1/label/rh.aparc.annot
Done loading
  0 176  96 128 208 144 240  16  64  48  80 192 224  32 160 112 225 209 241   1  33  17  49 226 210   2 242  50  18  34 227 211 228 212 243   3  51  19 
 35 229 213 244   4 230 214  52  36  20 231 215 245   5 232 216  53  37  21 233 217 246   6  54  38 234 218  22 247 235 219 
  7  55  39 
236 220  23 248   8 237 221  56  40 238 222  24 249   9 239 
223  57  41 250  25  10  58 251  42  26  11  59 
252  43  12  27 253  44  60  13  28 254  45  14  29 255  46 193  15  30  47  31  61 194 195 196 197 198  62 199 
200 201 202 203 204 205 206 207  63  65  66 145  81 113  67 129 161 146  97 177  68 147  82 114  69 148 130 162  98 149  70 115 178  83 131 150 163 116  71  99 
151  84  72 132 117 164 179 
152 100 118  73  85 133 153 165 101 119 
 74 154 180  86 134 166 102 155  75 120 167  87 103 156 135 181 121  76 168 157  88 104  77 122 182 158 169 105  78 136  89 159 
123 170 106  79 
183  90 137 171 107 124 184  91 138 172 108 125 185  92 173 139 
109 186 126 174  93 140 187 110 188 175 141  94 127 111 189 190 142 191  95 143 
nrelabeled = 522087
ndotcheck = 28244
Starting Surf2VolSeg free
free done
#VMPC# mri_surf2volseg VmPeak  1962436
mri_surf2volseg done
#-----------------------------------------
#@# AParc-to-ASeg aparc.a2009s Tue Mar 10 09:11:40 CET 2026
/out/sourcedata/freesurfer/sub-v1s8x0051343_ses-1/mri

 mri_surf2volseg --o aparc.a2009s+aseg.mgz --label-cortex --i aseg.mgz --threads 16 --lh-annot /out/sourcedata/freesurfer/sub-v1s8x0051343_ses-1/label/lh.aparc.a2009s.annot 11100 --lh-cortex-mask /out/sourcedata/freesurfer/sub-v1s8x0051343_ses-1/label/lh.cortex.label --lh-white /out/sourcedata/freesurfer/sub-v1s8x0051343_ses-1/surf/lh.white --lh-pial /out/sourcedata/freesurfer/sub-v1s8x0051343_ses-1/surf/lh.pial --rh-annot /out/sourcedata/freesurfer/sub-v1s8x0051343_ses-1/label/rh.aparc.a2009s.annot 12100 --rh-cortex-mask /out/sourcedata/freesurfer/sub-v1s8x0051343_ses-1/label/rh.cortex.label --rh-white /out/sourcedata/freesurfer/sub-v1s8x0051343_ses-1/surf/rh.white --rh-pial /out/sourcedata/freesurfer/sub-v1s8x0051343_ses-1/surf/rh.pial 

SUBJECTS_DIR /out/sourcedata/freesurfer
outvol aparc.a2009s+aseg.mgz
16 avail.processors, using 16
Loading aseg.mgz
Loading /out/sourcedata/freesurfer/sub-v1s8x0051343_ses-1/surf/lh.white
Loading /out/sourcedata/freesurfer/sub-v1s8x0051343_ses-1/surf/lh.pial
Loading /out/sourcedata/freesurfer/sub-v1s8x0051343_ses-1/label/lh.cortex.label
Ripping lh vertices labeled not in lh.cortex.label
  ripped 8804 vertices from lh hemi
Loading /out/sourcedata/freesurfer/sub-v1s8x0051343_ses-1/label/lh.aparc.a2009s.annot
Loading /out/sourcedata/freesurfer/sub-v1s8x0051343_ses-1/surf/rh.white
Loading /out/sourcedata/freesurfer/sub-v1s8x0051343_ses-1/surf/rh.pial
Loading /out/sourcedata/freesurfer/sub-v1s8x0051343_ses-1/label/rh.cortex.label
Ripping rh vertices labeled not in rh.cortex.label
  ripped 8832 vertices from rh hemi
Loading /out/sourcedata/freesurfer/sub-v1s8x0051343_ses-1/label/rh.aparc.a2009s.annot
Done loading
  0 112  16  48 176  80 144 192  32  64  96 240 128 224 208 160  49  33 241   1 225 209 242  17  34 210 226   2  50 243  18  35 211 227   3  51 244  19 
212  36 228  52   4  20 245  37 213 229  53   5  21  38 246 214 230  54   6  22  39 
247 215 231  55   7  23  40 248 216  56 232   8  24  41 249 217  57   9 233  25  42 250  58 218  10 234  43  26 251  59 
 11 219 
235  44  27  12 252 220 236  28  45  60  13 221 253 237  29  46 222  14 254 238  30  47 223  15 255 239 
 31  61 193 194  62 195 196 197 198 199 
200 201 202 203 204 205 206 207  65  63  66  67 145 129  68 177 113  81  69 161 146  97  70 130 178 147 114  82  71 148 131 162  72 179 
 98 115 149  83  73 132 180 116 150 163  99 
 74 133 151 181  84 117  75 164 182 152 100 134 118  76  85 183 153  77 165 135 119 
101 184  78 154 185  86  79 
166 186 136 102 120 187 155 188 189 167 190  87 137 191 121 103 156 168 104 157 138 122  88 105 158 169 139 
123  89 106 159 
170 140 124 107  90 141 171 125 142 108  91 172 143 126 109  92 173 110 127 111 174  93 175  94  95 
nrelabeled = 522087
ndotcheck = 28244
Starting Surf2VolSeg free
free done
#VMPC# mri_surf2volseg VmPeak  1962480
mri_surf2volseg done
#-----------------------------------------
#@# AParc-to-ASeg aparc.DKTatlas Tue Mar 10 09:12:06 CET 2026
/out/sourcedata/freesurfer/sub-v1s8x0051343_ses-1/mri

 mri_surf2volseg --o aparc.DKTatlas+aseg.mgz --label-cortex --i aseg.mgz --threads 16 --lh-annot /out/sourcedata/freesurfer/sub-v1s8x0051343_ses-1/label/lh.aparc.DKTatlas.annot 1000 --lh-cortex-mask /out/sourcedata/freesurfer/sub-v1s8x0051343_ses-1/label/lh.cortex.label --lh-white /out/sourcedata/freesurfer/sub-v1s8x0051343_ses-1/surf/lh.white --lh-pial /out/sourcedata/freesurfer/sub-v1s8x0051343_ses-1/surf/lh.pial --rh-annot /out/sourcedata/freesurfer/sub-v1s8x0051343_ses-1/label/rh.aparc.DKTatlas.annot 2000 --rh-cortex-mask /out/sourcedata/freesurfer/sub-v1s8x0051343_ses-1/label/rh.cortex.label --rh-white /out/sourcedata/freesurfer/sub-v1s8x0051343_ses-1/surf/rh.white --rh-pial /out/sourcedata/freesurfer/sub-v1s8x0051343_ses-1/surf/rh.pial 

SUBJECTS_DIR /out/sourcedata/freesurfer
outvol aparc.DKTatlas+aseg.mgz
16 avail.processors, using 16
Loading aseg.mgz
Loading /out/sourcedata/freesurfer/sub-v1s8x0051343_ses-1/surf/lh.white
Loading /out/sourcedata/freesurfer/sub-v1s8x0051343_ses-1/surf/lh.pial
Loading /out/sourcedata/freesurfer/sub-v1s8x0051343_ses-1/label/lh.cortex.label
Ripping lh vertices labeled not in lh.cortex.label
  ripped 8804 vertices from lh hemi
Loading /out/sourcedata/freesurfer/sub-v1s8x0051343_ses-1/label/lh.aparc.DKTatlas.annot
Loading /out/sourcedata/freesurfer/sub-v1s8x0051343_ses-1/surf/rh.white
Loading /out/sourcedata/freesurfer/sub-v1s8x0051343_ses-1/surf/rh.pial
Loading /out/sourcedata/freesurfer/sub-v1s8x0051343_ses-1/label/rh.cortex.label
Ripping rh vertices labeled not in rh.cortex.label
  ripped 8832 vertices from rh hemi
Loading /out/sourcedata/freesurfer/sub-v1s8x0051343_ses-1/label/rh.aparc.DKTatlas.annot
Done loading
176 208  32 128  16 192  48  96  64 224  80 112   0  17 160 144 240 225 209   1  18 241 226  49 242  19 
 33   2 227  50 243  20  51  34   3 228  35  52  21   4 229  36 244  22  37 230 245  23  53  38 231 246 210  24  39 
232  54 211  25  40 212 233  55  26 213  41 234 247  27  42 235 248 214  28  43 249  44 236 215 250  45 251  29  46 252 237 216  47   5  56 253  30  57 254 238 255  58   6  31  59 
239 
  7  60   8 193 217   9 218  10 219 
 61  11 220  12 221  13 222 194  14 223  15 195 196 197 198  62 199 
200 201 202 203 204 205 206 207  63  65 145  66  81  67 177 161 129 146  97 113  68 147  82  69 178 162 130 148  98  70  83 149 163 114 179 
 71 131  99 
150  84  72 164 180 151 132 100 115  73 165 152  85 181 101 133 153 166 116 182 102  74 154  86 167 134 103 183 117 155 168 104 184  75 135  87 156 185 118 169 186 105 157  76 136 187 170  88 119 
188 189 158 190 171  77 106 191 137 120  89 172 159 
 78 107 138 173 121  90  79 
108 174 139 
122  91 175 109 140 123  92 141 110 124 142  93 111 143  94 125  95 126 127 
nrelabeled = 522087
ndotcheck = 28244
Starting Surf2VolSeg free
free done
#VMPC# mri_surf2volseg VmPeak  1962456
mri_surf2volseg done
#-----------------------------------------
#@# WMParc Tue Mar 10 09:12:27 CET 2026
/out/sourcedata/freesurfer/sub-v1s8x0051343_ses-1/mri

 mri_surf2volseg --o wmparc.mgz --label-wm --i aparc+aseg.mgz --threads 16 --lh-annot /out/sourcedata/freesurfer/sub-v1s8x0051343_ses-1/label/lh.aparc.annot 3000 --lh-cortex-mask /out/sourcedata/freesurfer/sub-v1s8x0051343_ses-1/label/lh.cortex.label --lh-white /out/sourcedata/freesurfer/sub-v1s8x0051343_ses-1/surf/lh.white --lh-pial /out/sourcedata/freesurfer/sub-v1s8x0051343_ses-1/surf/lh.pial --rh-annot /out/sourcedata/freesurfer/sub-v1s8x0051343_ses-1/label/rh.aparc.annot 4000 --rh-cortex-mask /out/sourcedata/freesurfer/sub-v1s8x0051343_ses-1/label/rh.cortex.label --rh-white /out/sourcedata/freesurfer/sub-v1s8x0051343_ses-1/surf/rh.white --rh-pial /out/sourcedata/freesurfer/sub-v1s8x0051343_ses-1/surf/rh.pial 

SUBJECTS_DIR /out/sourcedata/freesurfer
outvol wmparc.mgz
16 avail.processors, using 16
Loading aparc+aseg.mgz
Loading /out/sourcedata/freesurfer/sub-v1s8x0051343_ses-1/surf/lh.white
Loading /out/sourcedata/freesurfer/sub-v1s8x0051343_ses-1/surf/lh.pial
Loading /out/sourcedata/freesurfer/sub-v1s8x0051343_ses-1/label/lh.cortex.label
Ripping lh vertices labeled not in lh.cortex.label
  ripped 8804 vertices from lh hemi
Loading /out/sourcedata/freesurfer/sub-v1s8x0051343_ses-1/label/lh.aparc.annot
Loading /out/sourcedata/freesurfer/sub-v1s8x0051343_ses-1/surf/rh.white
Loading /out/sourcedata/freesurfer/sub-v1s8x0051343_ses-1/surf/rh.pial
Loading /out/sourcedata/freesurfer/sub-v1s8x0051343_ses-1/label/rh.cortex.label
Ripping rh vertices labeled not in rh.cortex.label
  ripped 8832 vertices from rh hemi
Loading /out/sourcedata/freesurfer/sub-v1s8x0051343_ses-1/label/rh.aparc.annot
Done loading
  0  96 240 192  48 128  32  64 224  80 160  16 176 144 112 208 241  17 193  49  33 225   1 242  18  50 194  65  34 226   2 243  19 
 51 195  35 227   3 244  20 196  52 209  36 228   4 245 197  21 210   5  37 229 246 198  22 211   6  38 230 247 199 
 23  66 212   7  39 
248 231 200  24  53   8 249  40 232 201  25  54 250   9  41 202 233  26  55 251  10 203  42 234  27 252  11 204  43 213  28 235 253  12 214 205  67  44  29 236 254  13 215 206  45  56  30 237 255  14 216  31 238  57  46  15 217 239 
 58  47 207 218  59 
219 
 60 220  61 221  62 222  63 223  68  69  70 177  81  71 129  72 178  73  97  82 161 145 179 
130  74  75  83 180 131 113  76 181  98  84 182 132 162  77 183 146 133  85 184  78 185 186 187 134 188 189 190  99 
 79 
191 163  86 114 135 147  87 100 136 164 115  88 137 148 165 101  89 116 138 166 149 102  90 139 
167 117 103  91 150 140 168 118 104  92 151 169 141 119 
170  93 105 152 142 171 120  94 172 153 106 143 121 173  95 154 107 122 174 123 175 155 108 124 125 126 156 127 109 157 110 158 159 
111 
nrelabeled = 511374
ndotcheck = 4244
Starting Surf2VolSeg free
free done
#VMPC# mri_surf2volseg VmPeak  1962436
mri_surf2volseg done

 mri_segstats --seed 1234 --seg mri/wmparc.mgz --sum stats/wmparc.stats --pv mri/norm.mgz --excludeid 0 --brainmask mri/brainmask.mgz --in mri/norm.mgz --in-intensity-name norm --in-intensity-units MR --subject sub-v1s8x0051343_ses-1 --surf-wm-vol --ctab /opt/freesurfer/WMParcStatsLUT.txt --etiv 

setting seed for random number genererator to 1234

7.3.2
cwd 
cmdline mri_segstats --seed 1234 --seg mri/wmparc.mgz --sum stats/wmparc.stats --pv mri/norm.mgz --excludeid 0 --brainmask mri/brainmask.mgz --in mri/norm.mgz --in-intensity-name norm --in-intensity-units MR --subject sub-v1s8x0051343_ses-1 --surf-wm-vol --ctab /opt/freesurfer/WMParcStatsLUT.txt --etiv 
sysname  Linux
hostname dna079
machine  x86_64
user     oesteban
whitesurfname  white
UseRobust  0
atlas_icv (eTIV) = 1675914 mm^3    (det: 1.162414 )
Loading mri/wmparc.mgz
Getting Brain Volume Statistics
Loading mri/norm.mgz
Loading mri/norm.mgz
Voxel Volume is 1 mm^3
Generating list of segmentation ids
Found 390 segmentations
Computing statistics for each segmentation

Reporting on  70 segmentations
Using PrintSegStat
mri_segstats done
#--------------------------------------------
#@# ASeg Stats Tue Mar 10 09:14:20 CET 2026
/out/sourcedata/freesurfer/sub-v1s8x0051343_ses-1

 mri_segstats --seed 1234 --seg mri/aseg.mgz --sum stats/aseg.stats --pv mri/norm.mgz --empty --brainmask mri/brainmask.mgz --brain-vol-from-seg --excludeid 0 --excl-ctxgmwm --supratent --subcortgray --in mri/norm.mgz --in-intensity-name norm --in-intensity-units MR --etiv --surf-wm-vol --surf-ctx-vol --totalgray --euler --ctab /opt/freesurfer/ASegStatsLUT.txt --subject sub-v1s8x0051343_ses-1 

setting seed for random number genererator to 1234

7.3.2
cwd 
cmdline mri_segstats --seed 1234 --seg mri/aseg.mgz --sum stats/aseg.stats --pv mri/norm.mgz --empty --brainmask mri/brainmask.mgz --brain-vol-from-seg --excludeid 0 --excl-ctxgmwm --supratent --subcortgray --in mri/norm.mgz --in-intensity-name norm --in-intensity-units MR --etiv --surf-wm-vol --surf-ctx-vol --totalgray --euler --ctab /opt/freesurfer/ASegStatsLUT.txt --subject sub-v1s8x0051343_ses-1 
sysname  Linux
hostname dna079
machine  x86_64
user     oesteban
whitesurfname  white
UseRobust  0
atlas_icv (eTIV) = 1675914 mm^3    (det: 1.162414 )
Computing euler number
orig.nofix lheno =  -24, rheno = -12
orig.nofix lhholes =   13, rhholes = 7
Loading mri/aseg.mgz
Getting Brain Volume Statistics
Loading mri/norm.mgz
Loading mri/norm.mgz
Voxel Volume is 1 mm^3
Generating list of segmentation ids
Found  50 segmentations
Computing statistics for each segmentation

Reporting on  45 segmentations
Using PrintSegStat
mri_segstats done

Started at Tue Mar 10 09:10:59 CET 2026 
Ended   at Tue Mar 10 09:14:38 CET 2026
#@#%# recon-all-run-time-hours 0.061
recon-all -s sub-v1s8x0051343_ses-1 finished without error at Tue Mar 10 09:14:38 CET 2026
