global_signal	global_signal_derivative1	global_signal_derivative1_power2	global_signal_power2	csf	csf_derivative1	csf_power2	csf_derivative1_power2	white_matter	white_matter_derivative1	white_matter_power2	white_matter_derivative1_power2	csf_wm	tcompcor	std_dvars	dvars	framewise_displacement	rmsd	t_comp_cor_00	t_comp_cor_01	t_comp_cor_02	t_comp_cor_03	t_comp_cor_04	c_comp_cor_00	c_comp_cor_01	c_comp_cor_02	c_comp_cor_03	c_comp_cor_04	c_comp_cor_05	c_comp_cor_06	c_comp_cor_07	c_comp_cor_08	c_comp_cor_09	c_comp_cor_10	w_comp_cor_00	w_comp_cor_01	w_comp_cor_02	w_comp_cor_03	w_comp_cor_04	w_comp_cor_05	w_comp_cor_06	w_comp_cor_07	w_comp_cor_08	w_comp_cor_09	w_comp_cor_10	w_comp_cor_11	w_comp_cor_12	w_comp_cor_13	w_comp_cor_14	w_comp_cor_15	w_comp_cor_16	w_comp_cor_17	w_comp_cor_18	w_comp_cor_19	w_comp_cor_20	w_comp_cor_21	w_comp_cor_22	w_comp_cor_23	w_comp_cor_24	w_comp_cor_25	w_comp_cor_26	w_comp_cor_27	w_comp_cor_28	w_comp_cor_29	w_comp_cor_30	w_comp_cor_31	w_comp_cor_32	w_comp_cor_33	w_comp_cor_34	w_comp_cor_35	w_comp_cor_36	w_comp_cor_37	w_comp_cor_38	a_comp_cor_00	a_comp_cor_01	a_comp_cor_02	a_comp_cor_03	a_comp_cor_04	a_comp_cor_05	a_comp_cor_06	a_comp_cor_07	a_comp_cor_08	a_comp_cor_09	a_comp_cor_10	a_comp_cor_11	a_comp_cor_12	a_comp_cor_13	a_comp_cor_14	a_comp_cor_15	a_comp_cor_16	a_comp_cor_17	a_comp_cor_18	a_comp_cor_19	a_comp_cor_20	a_comp_cor_21	a_comp_cor_22	a_comp_cor_23	a_comp_cor_24	a_comp_cor_25	a_comp_cor_26	a_comp_cor_27	a_comp_cor_28	a_comp_cor_29	a_comp_cor_30	a_comp_cor_31	a_comp_cor_32	a_comp_cor_33	a_comp_cor_34	edge_comp_00	edge_comp_01	edge_comp_02	edge_comp_03	edge_comp_04	edge_comp_05	edge_comp_06	edge_comp_07	edge_comp_08	edge_comp_09	edge_comp_10	edge_comp_11	edge_comp_12	edge_comp_13	edge_comp_14	edge_comp_15	edge_comp_16	edge_comp_17	edge_comp_18	edge_comp_19	edge_comp_20	edge_comp_21	edge_comp_22	edge_comp_23	cosine00	cosine01	cosine02	cosine03	trans_x	trans_x_derivative1	trans_x_power2	trans_x_derivative1_power2	trans_y	trans_y_derivative1	trans_y_derivative1_power2	trans_y_power2	trans_z	trans_z_derivative1	trans_z_derivative1_power2	trans_z_power2	rot_x	rot_x_derivative1	rot_x_power2	rot_x_derivative1_power2	rot_y	rot_y_derivative1	rot_y_derivative1_power2	rot_y_power2	rot_z	rot_z_derivative1	rot_z_derivative1_power2	rot_z_power2	motion_outlier00	motion_outlier01	motion_outlier02	motion_outlier03	motion_outlier04	motion_outlier05	motion_outlier06
795.3971205823767	n/a	n/a	632656.5794307359	964.9501084402098	n/a	931128.7117787724	n/a	747.1531926315023	n/a	558237.8932594467	n/a	834.1896058941505	746.2736386112641	n/a	n/a	n/a	n/a	-0.1007611067	-0.0101887945	0.097487937	-0.0186688189	0.0225181899	-0.1483102685	0.0063111028	-0.0061215473	0.0518167703	-0.0602912039	0.0418634906	-0.0155154034	0.0266703482	-0.1635850485	0.0676839967	-0.115005116	0.0045424296	-0.1294560485	0.037351576	-0.052865142	0.0552243978	-0.0406155183	0.1272481376	-0.0658273195	0.0747031595	-0.0180684815	0.0733382427	-0.1380913229	0.0364930171	-0.1073754811	0.1605290435	-0.1356105587	0.019861279	-0.0208946295	-0.0132056675	0.0310732064	-0.0480006421	0.1233290864	0.0529761564	-0.0190056591	-0.0194568276	-0.0293645925	0.1105992689	0.0689424506	-0.0664458843	0.1082964887	0.055661752	0.0644959804	-0.0538118306	-0.0617248291	0.0592557588	0.0428416773	0.0347327503	-0.0365801291	-0.0264773934	0.0820168665	-0.094861724	0.0348164448	-0.0142142132	0.0031588812	-0.0180736686	0.0704007018	-0.0708296206	0.1489585352	-0.0760787593	0.066887056	-0.0176875217	0.0460824119	-0.0412252516	0.1616340717	-0.0835113344	0.0020798459	-0.0475134766	0.0526367921	-0.0842439977	0.1719137869	-0.1304344823	0.1627526064	-0.0076557171	0.0486752486	-0.1065926387	-0.0291877728	0.018763692	0.0711649587	-0.084632918	-0.0766978522	0.1465170895	-0.068292438	-0.0357486114	-0.1374517204	0.0167081634	-0.083209449	0.0130544832	-0.0285404641	0.0206237571	0.0428635009	-0.0476682607	0.008870638	-0.0694342784	0.0549107632	-0.043584651	0.0381174493	-0.0717457373	0.0995452741	-0.0289286194	0.0752368955	-0.0698676456	0.1084640257	-0.1069365922	0.1222174421	-0.0915290585	0.0698680722	-0.0149308547	0.0066808447	0.1290883846	0.1290552057	0.1289999139	0.1289225186	0.0250746244977193	n/a	0.0006287367937016	n/a	-0.0136783186964777	n/a	n/a	0.0001870964023624	0.0479410589305615	n/a	n/a	0.0022983451313835	-8.096170856143695e-05	n/a	6.554798253187054e-09	n/a	-8.803522908640282e-05	n/a	n/a	7.750201560295426e-09	0.0008699961008264	n/a	n/a	7.568932154531396e-07	0.0	0.0	0.0	0.0	0.0	0.0	0.0
790.2265092173665	-5.170611365010245	26.73522188797311	624457.9358698645	944.1954939957208	-20.754614444488997	891505.1308818231	430.7540207393912	746.1214258419061	-1.0317667895961904	556697.182100359	1.0645427081136294	829.7349887996204	722.6638212097918	0.939536	31.237349	0.0765612495164709	0.0443385971570676	-0.0284496961	0.0302605226	0.0591779305	-0.1384029678	-0.0448147531	0.0110489626	0.0606013959	0.2103314838	0.0795648393	-0.0064356578	-0.0496990282	-0.0564520116	-0.0046354879	-0.1252480294	0.0946537246	0.0780394857	0.0906162126	-0.1140283645	-0.0193695958	-0.1165574421	-0.0950280178	-0.2435076293	0.1357458509	0.0275748577	0.0314814661	0.0725376836	0.0730978393	-0.0111310778	-0.0501346044	0.0948160188	0.079019188	0.0414731951	0.0097108112	-0.1099436547	0.1024522899	-0.0098666931	-0.0476162413	0.0492293625	0.0857728201	0.1348370609	0.0845144975	0.0270716834	-0.0517885398	0.1369113339	0.0646742085	-0.0290628329	0.0012848835	0.0154801329	0.1552758351	-0.0094269141	0.0352238107	0.0907301621	-0.1534259549	-0.0677560517	0.0339474845	0.0199335804	0.0172700623	0.0390649515	0.1168814551	-0.0033259738	0.0827740989	0.0060807463	-0.0770875744	0.2136399181	-0.0009318112	-0.1710311195	0.0436686204	0.0585624187	-0.0703830089	0.057447667	0.0169324017	0.1501358175	-0.0457117174	0.1287864886	-0.0821286087	0.0036687537	-0.1360499801	-0.1226695607	-0.0162527482	0.067889949	0.0169425216	-0.0530918027	-0.1193498881	0.0800690586	0.0231686264	-0.051687804	0.0308004166	0.1271532997	-0.0653361275	-0.0801934744	0.0369504597	-0.081731735	0.0165332203	-0.0592066296	0.0284912311	0.0077795846	-0.0415084816	-0.0240159926	-0.0463152124	0.0590789207	-0.1075303651	-0.0557884049	0.0323836081	0.11878266	-0.0534818603	0.0616749705	-0.0538961887	0.0960979117	-0.1424674964	0.1635519363	-0.0746836105	0.0223657731	0.0824837582	-0.0631885561	0.1289999139	0.1287014744	0.1282045865	0.1275100165	0.0119030634634782	-0.0131715610342411	0.0001416829198155	0.0001734900200787	0.012169694270554	0.0258480129670317	0.0006681197743438	0.0001481014586387	0.0813825994229162	0.0334415404923547	0.0011183366305017	0.0066231274888308	-6.896549968368146e-05	1.199620887775549e-05	4.756240146619868e-09	1.4390902743873963e-10	-8.602766141319051e-05	2.007567673212307e-06	4.030327962527077e-12	7.400758528222548e-09	0.0008019971769205	-6.799892390590002e-05	4.6238536523603825e-09	6.431994717884518e-07	0.0	0.0	0.0	0.0	0.0	0.0	0.0
786.2270930309943	-3.999416186372173	15.995329831815734	618153.0418159678	931.3854621454334	-12.810031850287372	867478.8790958625	164.09691600537695	744.7377856900233	-1.383640151882787	554634.369434479	1.9144600699022216	825.1822935108489	703.3218391950867	0.93954	31.237476	0.042168762910403	0.0283406476954457	0.0543900477	0.0493120857	-0.0890617606	-0.0700921606	-0.0998876937	0.1115019486	0.090926458	0.1367577055	-0.0715602811	0.073115461	0.002065253	-0.0609494512	-0.0285096628	0.0593425377	-0.0689329801	-0.0004211855	0.0642782107	-0.1389112723	-0.1201935466	-0.2032706509	-0.1632471582	0.016399432	0.0510950166	0.0557286442	-0.0905828604	0.0913225965	0.0878084903	-0.0632014051	0.145954469	0.1164583574	0.001650545	-0.0228158877	-0.0785744316	-0.0777304247	-0.0104740957	0.0821941618	-0.1194652744	0.0755686408	0.0901427205	0.035360381	-0.0460214247	0.0229781436	-0.0425928466	-0.0506645975	-0.1964252912	0.1017990048	-0.0176861683	-0.0108156334	0.0213907475	0.0742658581	-0.1563719483	-0.1091171016	0.0270635274	0.0415793618	0.1048271278	-0.0114241813	0.1275627673	0.0104929086	0.1316965859	-0.1337907041	-0.03183989	-0.0702949949	-0.0066696759	0.1390799993	0.000407251	-0.0537027406	0.2372689851	0.1116025844	-0.0133678332	0.0007511144	0.0528067095	0.0958846723	0.0684281651	0.0167817002	-0.0268251811	0.0687340277	0.0376737442	-0.0302477153	-0.0085976896	0.0344486844	-0.1056549038	0.0611353274	-0.3245451998	-0.0239694088	-0.1077998226	0.0249370665	0.0469871164	-0.0761363351	0.0181320924	-0.0070944002	0.0368088066	-0.0606747832	0.0298668526	-0.0570251714	0.0550249903	-0.0688298688	-0.0744864323	-0.0430467416	0.0185214158	0.0545175458	-0.022792725	-0.1118105744	0.0846306076	-0.0239086391	-0.1560440944	0.0136226094	-0.0842871534	-0.1045514005	-0.2018118914	0.0499286894	-0.1730106696	-0.0416579246	-0.027811027	0.0124946298	0.1288230331	0.1279949812	0.1266188352	0.124700488	0.0176128054351494	0.0057097419716712	0.0003102109152964	3.260115338306373e-05	0.0135013148627081	0.0013316205921541	1.773213401448837e-06	0.0001822855030219	0.1090613735255914	0.0276787741026752	0.0007661145358269	0.0118943831952885	3.8058551259654346e-08	6.900355823494112e-05	1.4484533239837374e-15	4.76149104908291e-09	-0.000103000050309	-1.697238889580949e-05	2.880619848305973e-10	1.0609010363656532e-08	0.0007390005991732	-6.299657774730004e-05	3.968568807871618e-09	5.461218855783485e-07	0.0	0.0	0.0	0.0	0.0	0.0	0.0
789.4488056924611	3.221712661466768	10.379432473055283	623229.4168092532	929.0035975706492	-2.381864574784231	863047.6842992087	5.673278852612066	748.3788673163941	3.6410816263708057	560070.929045769	13.257475409895072	826.3558306086398	691.1540153616551	0.985023	32.749672	0.2053406253477701	0.1133436188663847	0.0873574861	0.0573548101	-0.15431232	-0.0109311162	-0.0614310845	0.1134308406	0.0193558551	-0.0625448121	-0.018200606	-0.0425290284	-0.0986423272	-0.0569701967	-0.0295005143	0.1647964346	-0.0069272414	-0.0029321075	-0.0598633363	-0.0642291213	0.0720317782	-0.0551544896	0.0077090295	0.0094702709	0.062715895	-0.0645732215	0.0152025927	-0.067980236	-0.0513304106	-0.2562615016	-0.0102904478	-0.037338388	0.0821935279	0.0526960358	0.0119988922	-0.0447519449	-0.1135086547	0.1242986041	-0.0340725132	-0.0594689523	0.0309707657	-0.0708224754	-0.0508909855	-0.1265370472	0.0522346732	-0.055793689	0.0373820338	0.0659175349	-0.0480023469	-0.0210758353	-0.0628839229	-0.0839516627	-0.1048461589	-0.000482733	0.0083240662	0.037598366	0.0453967587	-0.0052985862	0.089168573	0.080005633	-0.0361077013	-0.1838180912	-0.0612370942	-0.039351333	-0.0365305668	-0.105743567	-0.0174384011	0.0405730639	0.0166803421	-0.0009221468	0.1813809113	0.1151722795	-0.0197324478	-0.0455276673	-0.0338816724	0.0760950554	0.032211596	0.0004464997	-0.0115167962	-0.1740586559	-0.137452354	-0.082270221	-0.2381749774	-0.0743750031	-0.0475964058	-0.0317109888	-0.0111938703	0.0786736875	0.1484584014	-0.1269753762	-0.1216969782	0.0317195104	0.0513732321	-0.0321664743	0.043704144	-0.0632507397	-0.1685300736	-0.0722917948	-0.0964485645	-0.1006938593	-0.0149355449	-0.1387010139	-0.0368252013	-0.0442102237	0.0070176812	-0.1041992467	0.0367647257	0.031651469	-0.0655463157	0.0650615948	-0.1258464637	0.086290169	-0.100807769	0.0297481538	-0.2207032943	0.0930769704	0.1285578634	0.1269376627	0.1242524367	0.1205247148	0.0328314967654392	0.0152186913302897	0.001077907179859	0.0002316085658066	0.1220245068756753	0.1085231920129672	0.0117772832046833	0.0148899802782517	0.0834822522119722	-0.0255791213136192	0.0006542914471768	0.0069692864343833	-0.0007464886116173	-0.0007465266701685	5.572452472743242e-07	5.573020692729576e-07	-5.315502142178019e-05	4.984502888721981e-05	2.4845269047677782e-09	2.825456302349911e-09	0.0004149798844111	-0.000324020714762	1.0498942359494213e-07	1.7220830446584993e-07	0.0	0.0	0.0	0.0	0.0	0.0	0.0
797.1978933384173	7.749087645956251	60.0483593447118	635524.4811432105	953.2585663491108	24.254968778461603	908701.894317962	588.3035104441472	752.2229732158021	3.844105899407964	565839.4014336213	14.777150165863112	835.1881187966267	732.4757347142288	1.129375	37.549026	0.2683948001967711	0.1872101465605874	-0.0633614745	-0.0299131986	0.0360598913	-0.024737044	0.0879312622	-0.1115525686	-0.0124059718	-0.0590326356	-0.0271944823	-0.0047166615	-0.017150965	0.0033991973	-0.2273061255	-0.0518068976	0.0765021773	0.0915488347	-0.0528907792	0.19076851	0.054269077	-0.0583886028	-0.03918033	-0.0855110091	0.044992971	0.0074923513	0.0474632039	0.0157040087	-0.0101615437	0.2446716813	-0.0019885686	-0.057913817	-0.0905005814	0.0887567487	0.1162281504	-0.0763053458	0.0576984421	0.051986192	0.1730760479	-0.0979692154	-0.0849102824	-0.0798128233	-0.1132123235	-0.0261317466	0.1264932016	0.0344338351	-0.0668290338	-0.0226643285	-0.0479441797	-0.0409453444	0.0696188734	0.036286325	0.0174808576	-0.120235289	-0.0648624956	0.0901328237	0.1874638415	0.0524006184	-0.1088087753	0.0019152264	0.0373246022	-0.0111822478	-0.0532954111	0.1224246179	-0.023123566	-0.0063566632	0.1516586002	0.0580099386	-0.1018220595	-0.2075837864	0.0176265641	0.1275676648	0.0235989401	0.0020128033	0.0173376712	-0.0592132299	0.1071493282	-0.162293392	-0.0210396513	-0.0547959403	-0.076956289	-0.0624340872	0.1989873417	-0.0578620047	-0.0394194319	-0.0777210257	0.1599773161	-0.0358495521	0.069648423	-0.1017695497	-0.1927699249	0.0409694149	-0.0245438235	-0.0695884541	0.0143154007	-0.0173652225	0.040149519	-0.0041946898	-0.0970374875	0.0879577475	-0.1067323304	-0.0335619129	-0.0928338064	0.1245483818	-0.0226745283	0.0502937935	0.0812049745	0.005323822	-0.1153098992	0.2094515143	-0.021965149	-0.0048915418	0.0175520259	-0.0416329134	-0.0265258944	0.0880531887	0.1282045865	0.1255324169	0.1211199807	0.1150284477	0.0204999143117277	-0.0123315824537115	0.0004202464867881	0.0001520679258126	-0.0567566236213679	-0.1787811304970432	0.0319626926218007	0.0032213143248976	0.0270721880721751	-0.0564100641397971	0.003182095336256	0.0007329033670152	-0.0003869803246931	0.0003595082869242	1.4975377169957708e-07	1.2924620836717293e-07	-8.958451611906781e-05	-3.642949469728762e-05	1.3271080838997071e-09	8.025385528287522e-09	0.000436482564914	2.1502680502899973e-05	4.6236526880979453e-10	1.9051702947390425e-07	0.0	0.0	0.0	0.0	0.0	0.0	0.0
793.8096706299182	-3.3882227084991428	11.480053122389268	630133.7931855791	947.9131399993356	-5.345426349775153	898539.3209834	28.573582860870516	750.869666854195	-1.3533063616071104	563805.2566017298	1.831438108366275	834.1374387473319	736.0342288048207	1.007246	33.488522	0.0861539913898141	0.0551014321216222	-0.0808297379	0.0029472415	0.0816778634	-0.1782809826	-0.016438974	-0.0678854984	0.0176688055	0.2652236712	0.0034604463	0.1521603279	-0.0308329957	-0.0423194562	-0.0727310743	-0.027703703	0.0834554189	0.0400700693	0.0136213587	0.1025297513	0.0057724958	-0.0791893224	-0.0902887759	-0.1941931598	-0.0493594878	-0.0202300274	0.0222250845	0.055086033	0.1381073897	0.0765184064	0.028742635	0.0607847986	-0.0992636097	-0.152649516	-0.1425609373	0.0599157583	-0.0392261372	0.0153090964	0.0153772486	-0.1543654089	-0.0915681919	-0.1343131177	0.0980525375	0.2517585032	0.0561104802	-0.070997265	0.2848283724	-0.0970843783	-0.0897572124	-0.0362833961	-0.0484968287	0.0335186224	-0.0102466508	0.0497673217	-0.0189311438	0.003444179	-0.1881628907	0.0200258735	-0.0648588934	-0.0466595013	0.245103605	0.0461208773	0.1214984817	0.0644131326	-0.0824736494	0.0505849996	0.0792839548	-0.1168624147	0.007259223	0.0360150821	0.0151815816	-0.0585416806	-0.0204369173	0.024375598	0.0504529898	0.0810412226	-0.0369912084	-0.0541733048	0.0509834504	0.0896979859	-0.1382432835	-0.1022098982	0.1436405791	0.2116418149	-0.1156671489	-0.0220380549	-0.0035760169	0.0542831015	-0.005731297	0.0438217837	-0.0761977003	-0.0162569643	0.0206484727	-0.071032107	0.0002195182	-0.023954851	0.085878686	0.0492176552	-0.0894791985	-0.0162229228	0.0657807019	0.1309537874	-0.1241546051	-0.0549282801	0.0279458575	0.092060246	-0.0405746638	0.0341547916	-0.106841221	0.0311331541	0.0120581911	0.0576991071	-0.0047993263	0.0019866045	0.0230453196	0.0535783833	0.1277634447	0.1237830955	0.1172407796	0.1082719048	0.0177465559396523	-0.0027533583720753	0.0003149402477192	7.5809823250776925e-06	-0.0098936263285622	0.0468629972928057	0.0021961405152655	9.788384192921916e-05	0.0436632752721379	0.0165910871999627	0.0002752641744767	0.0019064816074904	1.1019665128706395e-05	0.0003979999898218	1.2143301954882772e-10	1.5840399189815796e-07	-8.999759761496584e-05	-4.130814958980267e-07	1.7063632225335146e-13	8.099567576465305e-09	0.0004370004640957	5.17899181700027e-07	2.682195624055576e-13	1.909694056198572e-07	0.0	0.0	0.0	0.0	0.0	0.0	0.0
792.8076135436571	-1.0020570862610612	1.0041184041260078	628543.9120927887	951.4009032012724	3.4877632019367866	905163.6786121968	12.164492152784346	750.387153843471	-0.4825130107240056	563080.880653305	0.2328188055179444	833.4443312515193	727.7195048681335	1.00025	33.255924	0.0993241935650758	0.0600334086128678	-0.0117415299	-0.0547975504	0.0171014565	-0.0902394108	-0.0540814219	-0.0091758094	-0.0501474752	0.1535415344	0.0496549813	-0.0538826121	0.0294868022	-0.0514360504	-0.041362797	0.0433334073	0.0025475106	-0.0451972664	0.0190619244	0.0039851229	0.0732888596	-0.0468923253	-0.0400974774	-0.1586005809	0.1132677885	0.1048152873	0.0263524208	-0.0733794504	-0.0238285042	0.018640493	0.0515948151	-0.1051122467	-0.1876003044	0.0602613815	-0.0385234936	0.1656225305	-0.0257079255	-0.058133967	0.0918545953	0.018023389	0.1104847715	-0.1495379394	0.0059788645	-0.0507562443	-0.0194134808	-0.0759241342	-0.0532301609	-0.1453997155	0.1051971848	-0.0359685842	0.0496169	0.0439027192	-0.0447824478	0.1248567826	0.0757496057	0.0179892001	0.0616602287	-0.0524916695	-0.0411733345	0.0300324385	0.0918938127	-0.0284161727	0.0450407405	0.0517445956	-0.0254817426	0.0300557428	0.0226605714	0.0714177473	0.0310388066	0.1085079001	0.014752215	-0.0192439837	-0.0118317197	0.0434172597	0.165993879	-0.074000451	0.0543721575	-0.1272551059	-0.1479543502	0.0106974026	-0.0728287096	-0.0974258409	0.1005317472	0.0415375308	0.219089519	0.0422391096	0.0337692047	0.0667184597	0.0288501939	0.2319928551	0.1159782674	0.0478098027	-0.0342212126	-0.0457598013	0.0260189397	-0.0183252036	-0.0194840425	0.0003640177	-0.0881451183	-0.0455940015	-0.0431348965	0.0634640249	-0.0310557342	0.0615573093	0.0145788066	-0.0166071503	-0.0658058228	-0.0588128576	-0.006901851	0.0597491325	0.0253196871	0.0444154762	0.0711747746	0.0798885192	-0.1699461782	-0.0262597408	0.1272347401	0.1216944932	0.1126387502	0.1003291122	0.017649629911645	-9.6926028007302e-05	0.000311509436018	9.39465490527229e-09	-0.0012943621427723	0.0085992641857899	7.394734453700886e-05	1.6753733566420997e-06	-0.0045869934618778	-0.0482502687340156	0.0023280884329047	2.104050901930969e-05	0.0004824625849042	0.0004714429197754	2.3277014583244242e-07	2.222584266064425e-07	0.0001241443567627	0.0002141419543776	4.585677662468632e-08	1.5411821316024537e-08	0.0005989702822878	0.0001619698181921	2.623422200518193e-08	3.587653990639268e-07	0.0	0.0	0.0	0.0	0.0	0.0	0.0
792.8131392919972	0.0055257483401192	3.053389471833018e-05	628552.6738340318	943.821708936218	-7.5791942650544115	890799.418259283	57.44418570743368	749.5640696649966	-0.8230841784743461	561846.2945327519	0.6774675648547892	831.7492987084852	721.2632832619964	0.944548	31.403963	0.0448787861155824	0.0291379011988314	0.0126223184	-0.0462470835	0.017265528	-0.0312052493	-0.0027400691	-0.0118000822	-0.0441919657	0.0601444811	-0.0485204626	-0.0017269212	0.0401560718	0.0752323542	-0.1205377313	-0.019053453	-0.0468834345	-0.0367404578	-0.0054094129	-0.0275626863	-0.0788594853	-0.0177918521	0.0235370472	0.0237600201	0.0857971084	0.039350287	-0.0047479163	-0.0900110209	0.0330205379	0.1002639594	-0.2097810608	-0.0997854697	0.030839847	0.0339340582	-0.0010931429	0.1270725933	-0.015459766	0.0011001371	0.0748510288	0.162027894	0.03077303	0.069759585	0.0030399553	-0.0559661245	-0.0444301988	-0.0332271004	-0.0632410652	0.0897905782	0.1568971651	-0.0053827262	-0.0694550173	-0.0792484882	-0.072759334	-0.1058675255	0.1518649189	-0.1156335024	-0.0775116206	-0.0347685442	-0.0047689333	-0.04681963	0.0481203758	-0.0114478743	0.0597058392	0.0335076161	0.037418398	-0.0003731472	0.1356819752	0.0213615403	-0.0926993734	0.1255726204	0.018791998	0.0647818262	0.0276883392	0.0086314619	0.152349703	0.0202593399	-0.0283252869	-0.0157442823	0.06896894	0.0811285836	0.2102268041	0.104459774	-0.0639473658	-0.0223279902	0.0365719664	0.0998167411	0.0167701042	-0.0908354303	0.0958602188	-0.0540043188	0.2035398787	0.0046401158	-0.0299992343	-0.0211649841	-0.0030852212	-0.027529107	0.0547109019	-0.0034129634	-0.0546637335	-0.0316007487	-0.0143555527	0.0647392345	0.0097621325	0.0250278048	-0.0494655739	-0.0051435173	-0.0215104838	-0.1035686033	-0.0008362509	-0.0671400051	0.0778918449	-0.0861090128	0.0168443908	0.1072158965	0.0552000875	0.0319451848	0.1266188352	0.1192723348	0.1073422654	0.0912870929	0.0177320537806622	8.242386901720009e-05	0.0003144257312802	6.793694183764556e-09	-0.0011798728220639	0.0001144893207083	1.3107804556270845e-08	1.3920998762450315e-06	0.0075151444264704	0.0121021378883482	0.0001464617414685	5.647739575070912e-05	2.097897391002305e-05	-0.0004614836109941	4.4011734631742775e-10	2.1296712321622485e-07	9.600458795100408e-05	-2.8139768811695915e-05	7.91846588775694e-10	9.216880907642078e-09	0.0004369989613435	-0.0001619713209443	2.6234708808441444e-08	1.909680922152978e-07	0.0	0.0	0.0	0.0	0.0	0.0	0.0
790.6443162053499	-2.168823086647308	4.703793581174355	625118.4347478254	940.0576988517817	-3.764010084436336	883708.477170507	14.167771915738433	749.3274478130459	-0.2366218519507583	561491.624046013	0.0559899008206066	831.1901890196501	712.2807416376745	0.948365	31.530897	0.0748404488259723	0.0511604397327012	0.039060778	-0.0200471535	-0.0247085894	0.0230823262	-0.1300370288	0.0487798734	-0.0136145536	0.0529306105	0.0476107653	0.0880612782	-0.0562016194	-0.0406051914	0.0705550537	0.1476271068	-0.0624299136	-0.1062882588	0.0147989869	0.0271609758	-0.0425784341	0.003190818	0.0728794017	0.0228627869	-0.0521035016	0.0094722032	-0.09364315	0.0846667361	-0.0359891652	0.1297814729	-0.1536268877	0.0884030721	-0.0207135372	0.00297622	0.0129498935	0.1110263618	0.1814694457	-0.0918924931	-0.0235548383	-0.0397675907	-0.0216848973	-0.0877178347	-0.1738060025	0.0468611834	-0.0101005407	-0.050878179	0.0115695968	0.0239740725	-0.0945568368	0.133173347	-0.0791827923	-0.0175705882	-0.0818870693	-0.1101453706	-0.0198379851	-0.1561043356	-0.1033756866	-0.0526542011	0.0209479035	0.0154200996	0.0872855313	0.0080329822	-0.0183249829	-0.1405882068	-0.0154719011	-0.128932453	0.0375512773	0.0150186019	-0.0287747481	0.0949813237	0.0589455217	-0.0934759312	-0.0186009005	0.0162745145	0.0783420207	0.0521111718	-0.000120747	-0.0118204975	0.0581963801	-0.0318169872	0.0932841343	0.0593063102	0.0833787484	0.1500162669	0.0731992996	-0.01502966	0.0315299969	-0.0652414885	-0.1415818881	0.0531675957	0.0294183704	-0.0160351318	-0.007447319	0.003051362	0.0009947478	-0.0117906104	0.0113248617	-0.018430854	-0.0593863378	-0.0565360853	0.0068219663	0.0377681792	-0.0108890038	-0.1366625576	-0.0060724333	-0.0836563805	-0.0943598375	-0.0040439621	0.0087626148	-0.1184347011	0.0171751738	-0.0566858499	-0.0079373824	-0.0763015942	0.0791971447	0.0285627427	0.1259161521	0.1165232592	0.1013839798	0.0812449131	0.0042381420157511	-0.013493911764911	1.79618477456748e-05	0.0001820856547192	0.0476504127159103	0.0488302855379742	0.00238439678572	0.0022705618319965	0.016030559425225	0.0085154149987546	7.251229260101481e-05	0.0002569788354856	-5.001901017618989e-05	-7.099798408621293e-05	2.5019013790057882e-09	5.040713744306145e-09	8.698902418546872e-05	-9.015563765535362e-06	8.128039001043414e-11	7.567090328740063e-09	0.0004370021439784	3.1826348999806912e-09	1.01291649065751e-17	1.9097087384171825e-07	0.0	0.0	0.0	0.0	0.0	0.0	0.0
787.3122274935531	-3.332088711796814	11.102815183283752	619860.5435608603	929.1743450705886	-10.883353781193025	863364.9635373573	118.44738952660846	748.1237365722657	-1.2037112407801942	559689.1252228487	1.4489207511805946	828.5279096516883	693.8305952409775	0.975085	32.419247	0.0258786236605608	0.012666663914013	0.1303045375	-0.0166784201	-0.127723718	0.0205019387	-0.1023129223	0.168034025	-0.0436547025	-0.0704298017	0.0827052193	0.0707322175	-0.0657743102	-0.0853120074	0.0876958926	0.0158065358	-0.0488208213	0.0630274423	0.0052436428	-0.0739111619	-0.0094575719	0.0918313328	-0.1574615493	0.0906159243	-0.1087048596	-0.1801949124	0.0026386018	-0.010237765	-0.0221331042	-0.0218234134	-0.0870550162	-0.0004776007	-0.0516404182	0.0604042982	0.1660696574	-0.0743381959	-0.0812963635	-0.0832669507	0.0088591796	-0.1534908873	-0.1402455366	-0.1123096743	-0.0662111013	0.1039295131	-0.152485778	-0.044368383	-0.1275838862	0.015528164	0.1106546791	0.0996603019	0.0837269087	0.0537119567	0.1401159309	-0.0673179388	0.0274684023	0.0066980421	0.0090647987	-0.1103345547	0.1037221522	0.0451992819	0.0104194706	-0.0502083914	-0.1101152749	-0.0996875041	-0.0457435572	-0.1554545264	-0.0918728021	-0.0675129592	0.0517104932	-0.0646392406	0.0613879765	0.1309967313	0.0377198799	0.0360221702	-0.004961223	-0.1259434178	-0.0770007574	-0.0386292739	-0.0005121906	0.0491861273	0.0524502227	-0.0451138501	0.0363168904	0.0019320393	0.1129097035	0.0805378023	-0.0799312721	-0.0593111109	-0.1151873807	-0.0819422771	0.0415891976	-0.008665808	-0.0239862398	0.0148427271	0.0098852468	-0.0468872374	-0.0513722756	-0.0702090781	-0.0165647943	-0.1106137128	0.0399505142	0.0180177952	-0.0105297557	-0.0604390633	0.0195494174	-0.1143263563	0.0372443731	-0.0460886101	0.0827012925	-0.1409379847	-0.014587666	-0.0713768997	-0.0358481396	0.0069166238	-0.0368190657	-0.0004578728	0.1251271724	0.1134548014	0.0948006283	0.0703125971	-0.0004745164651609	-0.004712658480912	2.2516587570879562e-07	2.22091499577118e-05	0.0477041537366318	5.3741020721503885e-05	2.8880973081891103e-09	0.0022756862837282	0.0125668293337497	-0.0034637300914753	1.19974261465915e-05	0.0001579251995035	-0.0002080249602315	-0.0001580059500553	4.327438407931716e-08	2.4965880252881162e-08	0.0001589673455604	7.197832137493127e-05	5.180878747952888e-09	2.5270616954519623e-08	0.0003140165340596	-0.0001229856099187	1.512546024709923e-08	9.860638366280393e-08	0.0	0.0	0.0	0.0	0.0	0.0	0.0
792.955633759774	5.643406266220836	31.8480342856206	628778.6371113647	940.7393495140346	11.565004443446014	884990.523724089	133.7493277769261	750.7623639787946	2.63862740652894	563644.127167028	6.962354590485639	831.9805118589628	703.0953191345328	1.029907	34.241959	0.0936082872744099	0.0450444663300864	0.062605268	0.0089961795	-0.115049291	-0.0130348855	0.1297840329	0.0671687609	0.0253356601	-0.1272199405	-0.0584188688	-0.2258388511	0.0185310523	-0.0391087698	-0.0665636396	0.0609128937	0.0147071638	0.0318670708	-0.0850756639	-0.004267907	0.0487313807	0.0421999655	0.0919600185	0.0219847669	-0.0710506868	-0.0148475452	0.0529073675	0.1247627452	-0.1611323456	-0.2166999365	-0.0563772466	0.0678783936	-0.0025583892	-0.1197184462	0.1293523868	0.0492791106	-0.0683390418	-0.0309248567	0.0537665522	0.0935385182	-0.1691576621	-0.0364642292	0.0871978771	-0.0513849889	-0.1641772289	-0.0148338333	0.0177585342	-0.080518337	-0.0753763641	-0.0886008965	0.0174496518	-0.022176464	0.0823005716	0.216911458	-0.1553389479	0.1097192709	0.119161542	0.0096095829	0.047789908	0.0563065515	-0.1797922487	-0.147913999	-0.055902928	0.1068129574	0.0183779472	-0.0623154302	0.0302547708	0.0706376195	0.0847070107	-0.0225116589	0.0056568428	-0.001669962	-0.1000565027	-0.2004455772	-0.045150315	-0.1313120918	0.0534844225	-0.2413816539	0.023708564	-0.0937681898	-0.0107857834	-0.0204467906	-0.0097612993	0.1189366574	0.0436299216	-0.0066375199	0.1821999642	0.0518847796	-0.0882430065	-0.0478085777	0.0229307607	-0.07396159	-0.0289133864	0.0105765711	0.0077981765	-0.0329736391	-0.0797190927	-0.0482860563	0.0087058329	-0.0430833845	-0.1001021337	-0.0990338845	-0.0237683204	0.1389324732	0.0181136278	-0.0118073975	0.1719213883	-0.0105865061	0.1547346999	-0.0626954303	0.0413114809	-0.0802007428	0.0213813629	-0.0177675451	-0.0299643145	0.0398174514	0.1242524367	0.1100753719	0.0876327994	0.0586099215	0.0076462532412762	0.0081207697064371	5.846518862972679e-05	6.59469006249865e-05	0.010813387735709	-0.0368907660009228	0.0013609286161348	0.0001169293543227	0.000816531250642	-0.0117502980831076	0.0001380695050418	6.667232832749886e-07	0.0002320027771031	0.0004400277373346	5.38252885835507e-08	1.9362440962380773e-07	-1.4949308234646352e-05	-0.000173916653795	3.024700246726601e-08	2.2348181669446522e-10	0.0004370012126088	0.0001229846785491	1.512523115785005e-08	1.909700598215616e-07	0.0	0.0	0.0	0.0	0.0	0.0	0.0
795.5743478963908	2.618714136616859	6.857663729316981	632938.5430307675	953.7622333418392	13.022883827804549	909662.3977492128	169.59550319249325	753.3134138213921	2.551049842597536	567481.09944324	6.507855299416911	836.8839775419132	737.63383343001	1.049929	34.907646	0.0725812046873125	0.0375862695367924	-0.0579051213	-0.0338248244	0.0727253422	0.1771726343	0.0266600544	-0.0829957354	-0.0427081527	-0.0982644546	0.0369076834	0.0400863897	0.136346804	0.1082823157	-0.0024307952	0.1070342428	0.0130858369	0.0122544381	-0.0395603141	0.1753944027	0.0349727229	0.174704882	-0.022976617	0.1665332535	-0.037693126	-0.0377677482	-0.0893525871	-0.073071304	-0.0219431898	0.0351663103	-0.0687095362	0.1089573997	0.0568670704	-0.0545716351	-0.1054477542	-0.0855210973	0.0998516829	-0.0676889752	-0.0325272817	0.0937540325	0.1125492451	-0.1221010141	0.0351769682	0.0292723551	-0.0076031447	-0.0448894462	-0.1165428356	0.1336279909	-0.0381083732	-0.1460075824	0.0363996053	-0.121217019	-0.0883295595	0.0799114365	0.0911654281	-0.0728282574	0.084989259	0.0118555034	-0.0819030058	0.0131824099	-0.0564985858	0.135590822	-0.0683298513	0.0413498949	0.0649327563	-0.1511515946	-0.0015080448	0.1038832648	-0.0585864173	-0.0848280751	-0.0206065698	-0.0192640694	-0.0298882593	-0.1033370033	0.0499356712	0.0505487818	0.0122928723	0.0472288015	0.0866759413	0.0327025963	0.1421183913	0.0160888777	0.0323356155	0.0533888928	-0.1000104949	-0.0652435056	-0.0543046146	0.1584221588	-0.0737725702	0.2198909667	-0.064246443	0.1864170865	-0.0358980797	0.0111569006	0.0001962787	0.0162599312	0.009570054	0.0283998698	0.0029748619	0.0474373178	-0.0105201251	0.0150896056	0.0901938335	0.0294776907	-0.2227739722	0.0088940799	-0.0419122847	-0.0336141118	-0.0225927798	-0.0378049391	0.002626713	-0.1110761965	0.2104674265	-0.0724611693	0.1211697327	-0.0866800325	0.1232925447	0.1063942335	0.0799246852	0.0462651033	0.0124745430354806	0.0048282897942044	0.000155614223944	2.3312382336818374e-05	0.020848766019057	0.010035378283348	0.0001007088172898	0.0004346710445173	-0.026602661290191	-0.027419192540833	0.0007518121195912	0.0007077015877206	0.0002349992782018	2.9965010987000062e-06	5.5224660755367e-08	8.979018834510345e-12	0.0001600010593665	0.0001749503676011	3.060763112377624e-08	2.5600338998402257e-08	8.981199930102585e-06	-0.0004280200126786	1.8320113125347225e-07	8.066195218447468e-11	0.0	0.0	0.0	0.0	0.0	0.0	0.0
791.5818659795423	-3.992481916848533	15.939911856362537	626601.850547654	943.7743630104876	-9.987870331351589	890710.0482758516	99.75755375589326	750.2927085355202	-3.0207052858719408	562939.148481567	9.124660424094683	833.1049291618957	716.9533864534818	0.958825	31.878639	0.0744255424947001	0.033691049990763	0.023461874	-0.0083263219	0.0353383117	0.1464319943	0.0218965004	0.0290238602	0.0109221046	-0.1191967617	0.123967813	0.0301230763	0.079878424	0.0560844937	0.1811919713	-0.0804634742	0.0725035114	0.0436004655	0.1624244362	0.044791453	-0.0108714545	-0.0251377435	-0.0554692207	-0.1433452384	0.0342889822	-0.0580070769	-0.0001554649	-0.0560818509	-0.148388296	0.0191731987	0.0486684782	-0.0088207197	0.0602919354	-0.0394548051	0.0582376594	-0.1305590406	-0.0108555122	-0.0163360579	0.0544021386	0.1620945606	-0.0902772274	0.0814607689	-0.0990500735	-0.079482459	-0.0028302385	0.1769387211	0.08804273	0.0074639022	0.0191200809	-0.1067341467	0.1151800907	-0.1426289677	0.089688554	0.0627029382	0.0614518016	0.1064820738	-0.127098689	-0.0386023336	0.0065867179	0.0639755538	-0.052675411	0.2316069058	0.0155734274	0.0378923873	0.0310585379	-0.0051747711	-0.1283566103	-0.101126709	0.0966437583	-0.0219727585	0.0464977006	0.0500845151	-0.1660928637	-0.1168009433	-0.0383263031	-0.0389929903	0.0477026084	-0.0660205694	0.0475561316	-0.1577030936	0.0904351691	0.0744982918	-0.0033652952	-0.2014007672	-0.0043115668	0.184678606	0.0966518531	-0.1087190942	-0.0002419213	0.0319812402	-0.0560323615	-0.0384427768	-0.0314629223	0.022125468	0.0074822046	-0.0226995958	0.0219859293	0.0224515465	0.0788210596	-0.0506783594	-0.0559105065	0.0878055121	0.097785227	0.0488878667	-0.130955352	0.0407797856	-0.0353431601	0.0627055593	0.0824014259	-0.1235770306	0.0225105586	0.0250098761	0.1339103099	-0.0698969265	0.1664837034	-0.085082358	0.1222481541	0.1024214758	0.0717238087	0.033413395	0.0003438577109449	-0.0121306853245357	1.182381253762664e-07	0.0001471535264429	0.0108280776342297	-0.0100206883848273	0.0001004141957058	0.0001172472652529	-0.0043554797772387	0.0222471815129523	0.0004949370852702	1.897020408993528e-05	0.0004079650151708	0.0001729657369689	1.664354536033111e-07	2.9917146165229284e-08	0.0001600889385511	8.787918460000122e-08	7.722751085961091e-15	2.5628468246417872e-08	0.0004364673292242	0.000427486129294	1.8274439073884974e-07	1.9050372948010618e-07	0.0	0.0	0.0	0.0	0.0	0.0	0.0
789.2956019738529	-2.286264005689418	5.227003103711023	622987.5472952668	941.0057201250224	-2.768642885465169	885491.765308012	7.6653834272368995	748.5661895941503	-1.7265189413699318	560351.3402035054	2.98086765490915	830.5641403445414	704.282364030366	0.94057	31.271719	0.02940787889991	0.0191793809306204	0.1020639838	0.0056150038	0.014563064	-0.0220296192	0.0925160907	0.1071748207	-0.0381706678	-0.0462916835	0.0269946356	0.0040095915	0.0799548498	-0.0533329785	0.098999393	-0.1594154232	0.138443361	0.1439859579	0.1122002392	-0.01740056	-0.0851029321	0.0236615717	0.0114655098	0.1002318	-0.0044177423	0.0389793258	-0.0117819485	0.1152849561	-0.0141262099	-0.0443041932	-0.037471109	0.30104894	0.0125234577	0.0889611208	-0.1143368895	0.1065253276	0.0272626973	0.0655196194	-0.0658048383	-0.0184908305	0.0916233593	0.047057258	0.0090896002	0.0897468615	-0.0876703405	0.0293320293	0.2298304114	-0.0231962502	0.0551686458	0.021955478	-0.1218295127	0.2109114323	0.023251867	-0.0492952932	-0.0699828222	0.0916798776	0.0277404793	-0.0837133664	0.0943417173	-0.0254403084	-0.0366940629	0.1311146913	-0.0517342121	0.1218744117	-0.0653346318	0.075618653	0.0478573741	-0.1989485181	0.0302225333	0.0125705555	0.0036645072	-0.0963459748	0.0366784911	-0.0919985103	-0.0649665886	0.0629213774	-0.2123047211	-0.0501215965	0.011312154	-0.0398602227	-0.0356169375	0.0289729539	-0.0696586929	-0.0753211614	0.1424468861	-0.1582454558	-0.1469411915	-0.0194289287	-0.0922887548	0.0072751757	0.0401920744	0.1099103747	-0.0304096742	0.0489404096	-0.001616118	-0.0369492898	0.0218267676	-0.0500866435	-0.0230616879	-0.0429895549	0.0154691974	-0.0276183349	-0.0265895209	0.0403940955	-0.0578609261	0.0819311131	0.0169118913	0.001055983	0.1891955116	-0.0232227893	0.0519695749	0.0528073822	0.1572846172	0.0132732133	0.0698904919	-0.0764226553	0.1211199807	0.098167988	0.063080731	0.0201956026	-0.0021830970289187	-0.0025269547398636	4.765912637673656e-06	6.385500257319115e-06	0.0239760411883622	0.0131479635541325	0.0001728689456207	0.000574850551066	0.0093774808286752	0.0137329606059139	0.0001885942070035	8.793714669217092e-05	0.0004079650151708	0.0	1.664354536033111e-07	0.0	0.0001600889385511	0.0	0.0	2.5628468246417872e-08	0.0004364673292242	0.0	0.0	1.9050372948010618e-07	0.0	0.0	0.0	0.0	0.0	0.0	0.0
793.1096564816644	3.8140545078115338	14.547011788557482	629022.9272044637	943.715291760492	2.709571635469615	890598.5519025907	7.3417784477414845	749.3366756842003	0.7704860900499853	561505.4535254483	0.593648814960514	831.1572050018393	704.6371503905967	0.976199	32.456303	0.117720685031723	0.0584366849869249	0.0681306718	-0.000282837	-0.089760407	0.0080561521	0.0957917635	0.0833517627	-0.0048435221	-0.0329066833	-0.1485153772	-0.2220242731	0.0374120402	0.1017974516	0.0654329503	0.0685184189	-0.0698698012	0.1239409755	-0.0076319457	-0.0606066434	0.0085386917	0.2463377591	-0.022025211	0.1339798373	-0.0740291156	0.1783956363	0.1073066148	0.0382600204	-0.0098655239	0.0273206706	-0.0278965961	-0.0876318595	-0.0525476757	-0.0811913354	0.016693355	0.0094283028	-0.2048708887	0.1065311437	0.0028438921	-0.1789324999	-0.1079664592	0.0921500058	0.1169317416	-0.1037863175	-0.1943705822	-0.0615553594	0.0689649779	0.040903068	-0.0368046405	0.0620793216	0.1046763073	-0.015258388	-0.0358449118	-0.2299780151	0.0906535796	0.1111570536	-0.0809024017	-0.0422103429	0.069551315	-0.0061559139	-0.204538989	-0.089954893	0.0498534133	0.077848834	0.1699435958	-0.0098288676	0.0308599006	-0.1465337273	-0.0173302652	0.0651541969	-0.0285289989	-0.2373701616	0.0161214208	-0.0649058483	-0.01590316	0.0069662891	-0.0598344713	-0.0040707726	-0.0027969087	0.0775939845	0.0595761098	-0.0578786458	0.1443955814	-0.070481352	-0.0026122905	0.0147039856	-0.0895682422	0.0237850701	-0.1662233979	-0.1082817206	0.1036984865	0.0650755429	-0.0205564212	0.0664155473	0.0062820408	-0.0058436115	-0.1020299041	-0.0327450371	0.0623195743	-0.0989957283	0.0418397905	-0.0531402941	0.0491076175	0.1093838987	-0.0824642967	-0.0086400117	0.1328083117	-0.0089050753	0.1250701236	-0.0195589149	0.0647802327	-0.0481426489	0.0489211352	-0.0451839349	0.0024472744	0.0639559309	0.1199087977	0.0936454286	0.0540487397	0.0067565429	-0.0021410496851785	4.204734374019985e-05	4.584093754402955e-06	1.7679791156065234e-09	0.0697685647353267	0.0457925235469644	0.0020969552127992	0.0048676526252274	-0.0226322600021191	-0.0320097408307943	0.0010246235080546	0.0005122191928035	-5.000776116165501e-05	-0.0004579727763324	2.500776176401131e-09	2.0973906386165685e-07	0.0001599975768675	-9.136168360000396e-08	8.34695723022723e-15	2.5599224603471573e-08	9.700400103577346e-05	-0.0003394633281884	1.152353511847634e-07	9.409776216948338e-09	0.0	0.0	0.0	0.0	0.0	0.0	0.0
796.8306035443912	3.72094706272685	13.845447043615572	634939.0107449188	953.3245046223308	9.609212861838728	908827.6111134124	92.33697182412683	754.0254353967513	4.688759712551018	568554.3572252603	21.98446764204151	836.798812324491	728.5403935359075	0.990762	32.940487	0.1003810991721968	0.0716300655529779	-0.0277234153	-0.0073326605	0.0433281205	0.1835405738	0.0136875981	-0.0530546174	0.0015132197	-0.1589106309	0.0462596178	-0.0749206365	0.0875322996	0.1056162652	-0.0188504224	0.0530919166	-0.1165011868	0.0325074118	-0.0138090777	0.1240285856	0.0678097476	0.0298183519	0.0769973774	0.2099326696	-0.008276428	-0.0357324333	0.0110723521	-0.031679562	-0.1014832217	0.0616206412	0.1026372134	-0.0523118001	0.1801272394	-0.0187943898	-0.0047312803	0.2019663524	0.1091140942	-0.1087863858	-0.1485064561	0.0830842996	-0.0220889999	-0.073254988	-0.0239617727	0.0315556966	0.1015919109	-0.0525000189	0.0331545079	-0.1187004651	-0.1247643462	0.0367886167	-0.0980319149	-0.020108596	0.136664304	-0.1252775313	-0.0782208136	0.0640863261	0.036536261	-0.0032512949	-0.0435688405	0.044712645	-0.1593732198	0.1199984634	-0.0133264125	-0.047213869	0.1368497385	-0.0022320236	0.0940027947	0.0696025678	-0.143216448	0.0173007492	-0.0682813286	-0.1007431986	-0.0326717851	-0.0004129516	-0.0272704579	0.0117604714	0.0021183284	0.0976290788	0.0696641303	-0.0152043633	0.0860021657	0.0931167876	0.0057087652	0.0889218828	-0.0221750498	0.0169192313	0.0696486529	0.1263354648	0.0173509543	0.0252983258	-0.0420117305	-0.0173016661	-0.0273655404	0.03184347	0.007500884	0.0317278377	-0.0161349438	0.0122339068	0.0905306986	0.0653200256	-0.078661182	-0.0537815211	0.085088814	0.0631036061	-0.104561628	-0.0410709087	0.0775163702	-0.0766584902	0.0051868719	0.0167806606	0.1065595665	-0.0466139297	0.0387596041	-0.0746286462	0.0039985685	-0.0379558881	0.1186154352	0.0888661936	0.0446835199	-0.0067565429	0.0031936724889618	0.0053347221741403	1.019954396675146e-05	2.845926067526421e-05	-0.0004440149325262	-0.0702125796678529	0.0049298063436145	1.9714926030624598e-07	-0.0292639150345976	-0.0066316550324784	4.39788484697974e-05	0.0008563767231521	-7.403496397243172e-05	-2.402720281077671e-05	5.481175890399263e-09	5.773064749101963e-10	0.0001599838255945	-1.3751272999988498e-08	1.8909750912021268e-16	2.5594824451851395e-08	0.0004370058929065	0.0003400018918707	1.1560128647567325e-07	1.9097415043500736e-07	0.0	0.0	0.0	0.0	0.0	0.0	0.0
796.5436256878239	-0.2869778565673186	0.0823562901599725	634481.7476239041	952.5575929330596	-0.7669116892711827	907365.9678544244	0.5881535391407791	753.9305459348311	-0.094889461920161	568411.2680935925	0.0090040099834976	837.3558612539238	727.1599365495995	0.932823	31.01416	0.0809331737975608	0.0457143770335635	-0.0206841301	-0.0231214021	0.0477159786	0.1194083884	0.0137881184	-0.0395531102	-0.0378258035	-0.1266322739	0.0487587666	0.1390570484	-0.0374853243	-0.0227084205	0.0782234304	-0.0353230827	0.0192498675	-0.0447496228	-0.0571067656	0.0757401554	-0.0318483769	0.1161585555	-0.0228969933	0.1311799413	0.0112101505	-0.076344227	-0.0837669856	-0.0677142202	-0.050990014	0.0628508675	-0.0570871983	-0.0841124084	-0.087496508	0.1685137114	0.0864495821	-0.0270923252	0.0070175735	-0.1454739624	0.1230809323	0.1326605918	0.0066527484	-0.0332479481	0.0577400789	-0.0520349221	0.0511337454	0.0144976604	0.1041902282	0.0344998731	0.2077255841	-0.0433944478	0.0532090289	0.0827734345	-0.0902356419	0.1210615892	-0.0766689507	0.004937679	-0.1638066932	0.0003626578	-0.0544707713	-0.0239599874	-0.0210466821	0.148833452	-0.0884481269	-0.0661169055	-0.0184612772	-0.1037940891	-0.0087890801	0.021290371	-0.1074886197	-0.0708084993	-0.0038065544	-0.0188950764	0.1261792464	-0.0016526231	-0.0824718227	-0.0310755047	-0.0101042595	0.0600260792	0.031950378	-0.0029710027	0.1615563204	0.0017566828	0.0475235887	-0.0900873009	0.0818526362	0.0864591382	0.1633580467	0.1280059337	0.1919863584	0.0449510122	0.0953659363	0.1518551975	-0.0317396584	0.0528022652	-0.0086426309	0.0770017529	0.051978836	0.0115411924	0.0002641052	0.1022248062	0.0529663074	-0.1112895289	0.0517125294	-0.0815150463	-0.0303316361	-0.0979615687	-0.0211756487	-0.0498574069	0.0058032838	0.0003963587	0.1561418957	-0.1264015956	0.0590667503	-0.0311250167	-0.0316335145	-0.0850959096	0.1172407796	0.0838433825	0.0350428114	-0.0201956026	0.0046815968856464	0.0014879243966845	2.1917349399694067e-05	2.213919010249229e-06	0.0209744366084692	0.0214184515409954	0.0004587500664139	0.0004399269910426	-0.040666765590835	-0.0114028505562373	0.0001300250008078	0.0016537858236199	-0.0002069709570056	-0.0001329359930331	4.283697704381392e-08	1.7671978243714564e-08	0.0001600374615704	5.3635975900002536e-08	2.8768179107456527e-15	2.561198910589726e-08	-0.0003624834241573	-0.0007994893170637	6.391831680991412e-07	1.3139423278880106e-07	0.0	0.0	0.0	0.0	0.0	0.0	0.0
797.2691455220356	0.7255198342116955	0.5263790298345662	635638.0904014368	956.350777619274	3.793184686214431	914606.80985299	14.388250063731672	752.6880530694997	-1.2424928653314282	566539.305233554	1.5437885203995023	837.597171622785	733.9871501339267	0.916976	30.487261	0.0780667824107325	0.0493096204235022	-0.0357516196	-0.0378444812	0.0229741572	0.0584753597	-0.0386270358	-0.0449188297	-0.0350305407	-0.0986185712	-0.0021975252	0.0846622038	-0.0771091157	0.0048896967	0.1280187238	0.0339906539	-0.0769931238	-0.0457899057	0.0054280455	0.0577912165	0.1104375401	-0.0166079774	0.0443432114	-0.0525720627	-0.1005705909	0.0453303532	0.0842068505	-0.0335080772	-0.0672066465	-0.0222184135	-0.0297420043	0.0015761921	0.0643301305	8.71351e-05	0.025856033	0.1489002829	-0.0363824058	0.0887908946	-0.0533610464	-0.1883114375	0.0303542518	0.2035791994	0.0703598333	0.0865599601	0.0350998559	-0.0024718348	-0.0982214385	0.0136190997	0.055840618	-0.0433994837	-0.123948533	-0.0242347312	0.2545605476	-0.0935305426	0.0603895135	-0.0002985715	-0.0657803478	-0.0186798677	-0.0668555039	-0.0284528124	-0.0034964141	0.0224498677	0.0071689426	-0.1087109972	0.0357132229	-0.1046638979	-0.0996679989	-0.0026029478	-0.0129725112	-0.03942226	0.0551141029	-0.0561334556	0.0615233723	0.0163524949	-0.1197647858	0.0134554777	-0.0776246458	0.1128957725	0.0160291849	0.0281978626	-0.0224724728	0.0218088214	0.0128496852	-0.0144009456	0.1404959247	0.0207519519	-0.1553339198	-0.1830672955	-0.1414545159	0.0119456447	-0.0084165529	-0.1478982707	-0.0199068729	0.0530754411	0.0007519679	0.0585060516	-0.0380679442	0.0308520852	0.0725293569	0.0353645786	0.1001475208	0.0161174676	0.0821127751	-0.0476408702	0.0306905146	-0.0504087597	0.0122649624	0.0042928695	-0.0472105648	-0.0213401282	0.1921166219	-0.0631703521	-0.0117435809	-0.0504794572	-0.0627856969	-0.0148332984	0.1157857731	0.0785907625	0.0251860523	-0.033413395	0.0147252138337989	0.0100436169481525	0.0002168319224511	0.0001008742414012	0.0621517638796405	0.0411773272711712	0.0016955722811971	0.0038628417533505	-0.0378500381748736	0.0028167274159614	7.933953335828598e-06	0.0014326253898393	-0.0002800035892023	-7.30326321967e-05	7.840200996617036e-08	5.333765365578461e-09	0.0001599937018643	-4.3759706100002895e-08	1.91491187795863e-15	2.5597984636242515e-08	4.50223994488464e-05	0.0004075058236061	1.6606099627292368e-07	2.0270164521314844e-09	0.0	0.0	0.0	0.0	0.0	0.0	0.0
796.2482818200377	-1.0208637019978823	1.042162698056821	634011.3263013622	953.8070110970356	-2.5437665222384567	909747.8144178606	6.470748119661133	751.8161389463437	-0.8719141231559888	565227.506780188	0.7602342381588768	835.9504596656651	723.1379993286698	0.910427	30.269531	0.1163508062301331	0.0870638298738837	-0.0059476145	-0.0084204459	-0.0013656702	-0.0330365541	-0.0126255608	-0.0148924765	-0.0142917933	-0.0378886604	-0.0161032488	-0.076451	-0.2225610661	-0.0242638146	-0.0048091796	-0.0980378812	-0.1368070062	-0.0792387527	0.0084647375	-0.1285059659	-0.0614463724	0.1532929324	-0.0092786297	0.0839760999	-0.0413722814	0.050213611	-0.0799367469	0.0175760235	0.0875476311	-0.0098109912	0.1338184065	-0.1360543402	0.1198696511	0.0189710149	-0.1159101629	-0.0971739396	-0.0238156368	-0.1020877095	0.0236401784	0.0805568677	-0.0122147088	0.0287110059	0.000503211	-0.038026464	-0.0773537269	0.1109894711	0.0683230718	-0.0745452028	-0.08349577	0.1705805881	-0.084134031	0.0660138094	0.0119157773	-0.0180177549	-0.0829246589	0.042054329	0.0897288076	-0.0141967189	-0.0028770125	0.0234874658	-0.0509093889	-0.1035311171	0.0444777519	-0.0627399688	0.0251002522	0.1175358549	-0.1939961127	-0.0140968787	-0.0332405377	-0.1097471233	-0.1656394175	-0.1197193145	-0.1043474561	-0.0087068849	0.0086806849	-0.0679772486	0.1103882176	0.0413707219	0.0247908478	0.1267594868	0.1469641939	0.0569545565	-0.1538188359	-0.0695542156	-0.0094006025	0.0276398244	0.0492249091	0.1486950333	-0.0885967467	-0.161063674	0.0513085608	0.182122358	-0.0155082751	0.0501492174	0.0117097143	0.0576795671	-0.0045842033	-0.0100416264	0.1232370091	0.0558305006	-0.0265496786	-0.0107084946	0.0512702804	-0.0454734474	0.1260683085	-0.0281945492	0.037433285	0.033910555	-0.0034881643	-0.0209484517	0.1302180944	-0.0081808695	-0.0335185339	0.0293495495	0.004331454	-0.0172841262	0.1142514127	0.0731227308	0.0151740128	-0.0462651033	0.014756459207561	3.1245373762098586e-05	0.0002177530883444	9.762733815332388e-10	-0.0243155057643491	-0.0864672696439896	0.0074765887196864	0.000591243820576	-0.0288497005821213	0.0090003375927522	8.100607678351019e-05	0.000832305223678	1.500615980569986e-05	0.0002950097490079	2.2518483211420207e-10	8.703075200976305e-08	0.0001599994243681	5.7225038000037744e-09	3.2747049741057625e-17	2.559981579812336e-08	-7.700120143193644e-05	-0.0001220236008807	1.4889759171912588e-08	5.929185021961651e-09	0.0	0.0	0.0	0.0	0.0	0.0	0.0
794.139398386837	-2.108883433200731	4.447389334828502	630657.3840702074	950.8865728445932	-2.920438252442409	904185.2744161356	8.528959586328872	751.365248401713	-0.4508905446307381	564549.7365057678	0.2033022832374036	835.1440465609919	720.786125091185	0.914405	30.401787	0.0854264652636681	0.0647912909104016	0.0285091353	-0.0288441039	0.0102172716	-0.0753544411	-0.0599793606	0.0290092326	-0.0914402574	0.0796523192	-0.040075766	0.0054137948	0.0195382375	-0.0218540909	-0.0150553157	0.033722691	-0.1293031398	-0.144312837	0.0813316838	-0.0792385845	0.0022120041	-0.037627133	-0.0380696784	0.174632433	-0.1916761625	-0.0861139073	0.0699210104	-0.0603416618	0.0796044877	-0.0224830623	0.1312245717	-0.0107241671	-0.2203173827	-0.0338431216	0.1094288171	-0.0675187671	0.0240047527	-0.0056068156	-0.09136908	-0.0848641268	0.0023968859	0.0269265342	0.0015948921	-0.0710102608	-0.0070917168	-0.1136596751	0.0173027013	0.0161594987	0.035480034	0.0323622359	-0.1681194149	-0.0187389144	0.0433716269	0.0863023226	-0.0438718859	-0.010566854	0.0885691731	-0.0647960898	0.0174026053	-0.0836733854	0.0768135076	-0.0870333846	0.0129757733	-0.0485785481	0.0345848443	-0.0734834523	-0.0126114309	0.1191414	0.025795617	0.0006518248	-0.1976011185	-0.1371292032	-0.1655265208	0.1471593199	-0.0793433144	-0.0822630174	0.0518652664	0.0325884472	0.0021269297	0.0331979876	-0.0997640868	0.077240549	0.0041672943	0.0630665496	0.1351254715	-0.15472407	-0.0521490638	-0.0482344623	0.1036722474	0.021040633	0.1487652711	-0.0225228534	-0.0211065203	0.0717389446	0.002849536	0.0531613093	0.0362257987	0.0106730214	0.0533279984	0.0440138483	0.0835516396	-0.0112785991	0.0167437393	-0.0896941383	0.1236564669	0.0102882469	-0.0222342795	-0.0037560159	0.0141398263	-0.0814797705	0.0916363641	0.0025204662	0.02476739	0.0555290856	0.0426352419	-0.059706642	0.1126387502	0.0674542747	0.0050684204	-0.0586099215	0.0147001146716405	-5.634453592049879e-05	0.0002160933713593	3.174706728096378e-09	0.0381600946218441	0.0624756003861932	0.0039032006436153	0.001456192821548	-0.0246047441608396	0.0042449564212817	1.8019655018580752e-05	0.0006053934352203	7.499988128420626e-05	5.99937214785064e-05	5.6249821926450334e-09	3.5992466168406e-09	3.0029574877854515e-06	-0.0001569964668803	2.4647890612901703e-08	9.01775367344671e-12	7.899988861469725e-05	0.0001560010900466	2.4336340095737913e-08	6.240982401134573e-09	0.0	0.0	0.0	0.0	0.0	0.0	0.0
791.3507832666913	-2.788615120145664	7.776374288305017	626236.0621768059	941.3872803627175	-9.499292481875614	886210.0116287138	90.23655765621857	752.5596214910472	1.194373089334249	566345.9838987483	1.426527076525838	832.7431948478485	701.3227108945661	0.950392	31.598265	0.0765768205026404	0.0407218642306455	0.1119020885	-0.0022865263	-0.1036869291	0.0728341815	-0.1135538231	0.1116897071	0.0176692392	-0.023288594	0.0517689592	0.0485000721	-0.0352861705	-0.0515783081	0.0080577749	0.1143269801	-0.0944764967	-0.0355727581	0.0608040944	-0.0275850668	0.0377931644	0.0481266158	0.109110086	0.0620184133	-0.0777182535	0.0259957058	-0.0307942409	-0.1319702284	0.0921553974	0.099227397	0.0824375321	0.0015907568	-0.0281661063	-0.2080062592	-0.0535204988	-0.0444399603	0.0908523965	0.0324535412	-0.0520803936	-0.074445527	-0.1029504429	0.0998353566	-0.0018518974	0.0710682213	0.2744809091	0.0888144607	-0.1372176271	0.0476308008	-0.0072836122	-0.0089320935	0.0991896151	0.1477622868	0.0147034364	-0.0577451915	-0.1125741012	-0.1155810337	0.1159698701	-0.0476749391	0.1193016413	-0.0143256877	-0.0137922578	-0.0273492498	-0.0450449939	-0.1559985466	0.0909264044	-0.037786127	-0.1208858829	0.0990754398	-0.048239589	-0.0383516702	0.006060084	-0.0641510867	0.0936200396	0.0409940045	-0.0578609285	0.0316456512	0.1546615252	0.0747279597	0.0153299404	0.1181386763	-0.0663381752	-0.0537657566	0.2123042161	-0.0433081046	0.0004996855	0.0299441715	-0.1086085784	-0.221394766	-0.1242198568	0.0697566817	-0.1348873872	-0.0966601964	-0.000282382	0.0786668961	0.0218287113	0.0378061405	0.0244052383	-0.0674910685	0.1235111428	0.0273218503	0.0116995448	-0.0149912012	0.101806687	-0.043219636	0.1309004167	-0.0942090614	-0.0106730815	-0.0517463074	0.0320243285	-0.0927139117	0.0548201964	-0.1076457761	-0.0411372699	0.0274028223	-0.0846341119	-0.063979162	0.1109488906	0.0616009311	-0.0050684204	-0.0703125971	-0.0151016429521178	-0.0298017576237583	0.0002280596198532	0.0008881447574652	0.0281306856209653	-0.0100294090008788	0.0001005890449069	0.0007913354735055	-0.0035094066031007	0.0210953375577389	0.0004450132666749	1.2315934705886795e-05	7.500616075282268e-05	6.279468616420501e-09	5.625924150878277e-09	3.943172610461001e-17	0.0001599971143679	0.0001569941568801	2.4647165294498012e-08	2.559907660605487e-08	-7.700600144186142e-05	-0.0001560058900565	2.433783773233907e-08	5.929924258063963e-09	0.0	0.0	0.0	0.0	0.0	0.0	0.0
795.8672872952444	4.516504028553072	20.39880863993613	633404.7389866911	945.7415612944476	4.354280931730045	894427.1007596594	18.959762432427876	753.7919788431677	1.2323573521205162	568202.3473682986	1.51870464332549	834.6331715573502	705.0087916592518	0.956078	31.787329	0.0264702731038249	0.0149084960163523	0.0690494428	0.0200581607	-0.0745569136	0.0511643722	0.0915320602	0.0459893212	0.0180799305	-0.1845393544	-0.1212987073	0.0448063697	0.0384262035	-0.0651267437	-0.2038293866	0.0588873265	-0.0170188048	-0.015228597	-0.1040593934	-0.0380977947	-0.0102854605	0.2590155365	0.1172750228	0.0094337591	-0.0069294269	0.0488432136	-0.1164121227	-0.0892244137	-0.1006426489	0.0986727189	-0.0388270075	0.0430748243	-0.2015152184	-0.0412357029	0.0684660469	0.0224183968	0.0344750099	0.1260788347	0.0572900861	0.0157153317	0.0861352959	0.0484246291	0.1219262795	-0.1376599532	0.041853456	0.0529304023	0.0343038615	0.1078729512	-0.0762089536	0.01483484	-0.0549904631	0.0007789485	0.0795684167	0.199853128	0.123905877	-0.01952344	0.0334774492	0.0519126338	0.0810625294	-0.1421002693	-0.1120158369	-0.0201575792	-0.123192425	0.0276126373	0.0685040892	-0.0410257775	-0.0056767325	0.1622344942	-0.0561404875	-0.1628320867	0.0805757011	0.0659562867	0.1187952029	-0.015249769	0.1369098531	0.0233276433	0.0636247276	0.0294608259	-0.06083129	0.0275217552	0.0423414588	-0.1399744053	-0.1077670004	0.0892327282	0.0363419584	-0.0630781358	-0.0330957302	-0.0894415273	-0.0260943498	0.0719742903	0.0360369042	-0.0353679023	-0.0073161026	0.0885360132	0.0091996642	0.0462518668	0.038961923	-0.0661269353	0.0319076964	0.0749476351	0.0462190813	-0.1301020728	0.0428180029	0.0312021887	0.03005544	-0.1050030807	0.0419505503	-0.0765242964	0.0304455013	-0.0060060615	0.0998271312	-0.0988036624	0.0239429118	-0.0591514339	-0.1146958422	-0.0303161682	0.1091829923	0.0555787436	-0.0151740128	-0.0812449131	-0.0034935609060511	0.0116080820460667	1.2204967804288584e-05	0.0001347475687882	0.0237314504155392	-0.004399235205426	1.93532703926604e-05	0.0005631817388251	-0.0110720183672299	-0.0075626117641292	5.719309669494538e-05	0.0001225895907242	0.0001330061622797	5.8000001526877326e-05	1.7690639204373893e-08	3.364000177117772e-09	0.0001599948740815	-2.2402863999939227e-09	5.0188831539977306e-18	2.5598359732355043e-08	-7.701064139264323e-05	-4.639950781815008e-09	2.1529143257665705e-17	5.9306388877062955e-09	0.0	0.0	0.0	0.0	0.0	0.0	0.0
801.1329338434091	5.265646548164682	27.72703357019863	641813.977688548	960.6744671003192	14.932905805871656	922895.4317384824	222.9916758070354	756.1332950947448	2.341316251577041	571737.5599508364	5.481761789898766	840.3281320485389	740.9864752294843	1.014889	33.742645	0.0705858361128869	0.0445813124641369	-0.0803685776	0.0002585578	0.0681868064	0.1561120971	0.0664804822	-0.0940539659	0.0068462842	-0.162548089	-0.0973794322	0.0991039916	0.0142252216	0.0804497853	-0.0202926152	0.017337794	0.023507229	-0.0365025436	-0.077904173	0.0938514695	0.0429307623	0.0017291443	0.0600034455	-0.0350999844	-0.1437784626	-0.1257541452	0.0734134765	-0.06915709	-0.0042615031	0.0286250677	0.0218337948	-0.1605060756	-0.0927500432	0.1187593825	-0.1073019647	0.0500567405	0.0501001051	0.0175416736	-0.3113288388	0.0643992999	-0.0019868396	0.0965566532	-0.0764404774	-0.0848767965	0.0071149064	0.0880822028	-0.0305215904	-0.1201228857	-0.1388016484	-0.0031517602	0.0525851257	-0.0013307993	-0.1543310887	0.1227177272	0.0677777073	-0.2266898449	-0.1851962929	0.0785854918	-0.0856309862	-0.1009895076	-0.1072659598	0.0929517476	-0.013244688	-0.0258592859	0.0341735717	-0.1849704049	-0.0433874214	0.1511982798	-0.0403745351	-0.0215248851	-0.0203299421	-0.0556843605	-0.0743044796	0.0669546179	-0.1254420145	-0.0417305295	0.0575309632	0.0840872475	-0.0810432012	0.0540965524	-0.1325260555	-0.1144838444	-0.0810172726	0.0628523829	-0.2384469072	-0.039174389	0.2120270678	0.0222147781	0.0328391822	0.0657530051	-0.0435638876	0.0447148026	0.0090028032	0.0759949118	0.0020398811	0.0969136949	0.0034238505	0.0706275077	0.0815011808	0.111809742	0.0681677772	-0.046091049	0.1462687506	0.0057462507	-0.0799459176	0.0099419345	0.037722965	0.0135152437	-0.1052239801	0.0762330624	0.0340697147	-0.0375899566	-0.0133245946	0.0059473176	0.020869291	0.0291781742	0.1073422654	0.0494042187	-0.0251860523	-0.0912870929	-0.0013336088864548	0.0021599520195963	1.7785126620312117e-06	4.665392726958135e-06	0.0462304806319053	0.0224990302163661	0.0005062063606769	0.0021372573394569	-0.0501480604053341	-0.0390760420381042	0.0015269370613636	0.002514827962417	-3.993840026804756e-06	-0.0001370000023065	1.5950758159707808e-11	1.8769000631982307e-08	0.0001600001485924	5.274510900011305e-09	2.782046523433808e-17	2.560004754959008e-08	-7.699968143364122e-05	1.0959959002013924e-08	1.2012070132582604e-16	5.928950940882232e-09	0.0	0.0	0.0	0.0	0.0	0.0	0.0
799.3441906768419	-1.7887431665672011	3.199602115940858	638951.1351688154	970.4879804300078	9.81351332968859	941846.9201591152	96.30504387197564	755.3344601080285	-0.7988349867163151	570530.1466266868	0.6381373360020554	843.5359556000382	745.4137799861367	0.991528	32.965961	0.1053445711265775	0.0728187186152172	-0.0648414375	-0.0875951732	0.1831858326	0.0125167209	0.1139653488	-0.1381486432	-0.0961364328	-0.0789803319	-0.0138163675	0.0550896689	0.0864371276	0.0685715863	0.199236063	-0.1836516846	0.1917057455	-0.0090647903	0.0246748799	0.0907232536	0.1032556127	-0.0366829234	0.0404108615	-0.031872219	0.0139788214	-0.065509691	0.0443782542	-0.0415308652	0.0838872721	-0.0988141064	0.0724485735	-0.1353126992	0.0129859275	0.1432151301	-0.0941313272	-0.0958919787	-0.0531417613	0.139024033	-0.0778814782	-0.1207085343	0.0761560773	0.0301429617	0.0862871088	-0.0196901846	0.0273654961	0.1143694227	-0.0501016784	0.0147261091	0.0284291432	-0.0714966164	-0.1568046026	0.1115899687	0.048571959	0.1240597478	0.1292706732	0.0375292604	-0.0642188249	-0.0514209001	-0.177921771	-0.0481736287	-0.0041398016	0.1620623799	0.0369461253	0.0851444578	-0.0957508806	0.017566934	-0.0834123657	0.0013791874	-0.023915579	-0.1479302828	-0.0042837397	-0.0095192557	-0.1655766031	-0.0109297431	-0.02915508	-0.0771600642	-0.0756218663	0.0983689265	0.0493502673	-0.0298570088	-0.0810094427	-0.0994169246	-0.1709019897	-0.0574252413	-0.0219155809	-0.1085366909	-0.0493054705	-0.0131505716	0.1014701843	-0.0323700028	-0.0082543778	0.0049186619	-0.0643379027	0.0886457838	-0.0032052744	0.0739451868	0.022588258	0.160887668	0.0266160819	0.0634306055	0.121184396	0.0380795541	0.0140703041	0.025919997	-0.0292701222	0.1227442077	0.0591066649	0.0538044424	0.0350134905	-0.0089899482	0.0267541137	0.1197218408	0.0132154409	0.2068786512	0.0420328101	0.0891039162	0.1054279714	0.0430942802	-0.0350428114	-0.1003291122	0.0144083947123903	0.0157420035988451	0.000207601838188	0.000247810677306	0.0426832846519573	-0.003547195979948	1.2582599320159258e-05	0.00182186278868	-0.1157510100802028	-0.0656029496748687	0.0043037470060433	0.0133982963345872	0.0004050061418969	0.0004089999819237	1.640299749742119e-07	1.6728098521359084e-07	0.0001599844093571	-1.573923530000026e-08	2.477235278287743e-16	2.5595011237340153e-08	-7.703239773295176e-05	-3.271629931054479e-08	1.0703562405771537e-15	5.9339903004876716e-09	0.0	0.0	0.0	0.0	0.0	0.0	0.0
797.8273223884574	-1.516868288384444	2.3008894043063526	636528.4363495356	959.256212559152	-11.231767870855832	920172.481333329	126.15260950478938	753.7747725397903	-1.5596875682381324	568176.4077174127	2.432625310516579	838.5941859362707	722.9894462705653	1.027218	34.152569	0.0948540026701198	0.0592525636390484	0.0055100775	-0.0318556503	-0.0007188626	-0.1053799328	0.0184103115	0.0026742042	-0.0369335838	0.0819320581	0.0519490434	-0.1638874998	-0.0314278166	0.0652628362	0.1079951031	-0.1182317426	-0.000134126	0.0639214882	0.007894549	0.0548758684	0.014147145	-0.0833278819	0.1787141196	0.1454282279	-0.0420194514	0.1353364835	-0.06032091	0.0522008635	-0.0224903123	-0.058838717	0.1227214959	0.1672024801	0.0010247478	0.1064176626	0.0196935699	-0.1403208323	-0.1810198083	0.0706173368	0.2492751978	0.0528193534	-0.0878929081	0.0604445257	0.0742206637	0.0143066837	-0.0164916029	-0.1661317412	-0.1467461606	-0.1628384655	-0.0078811611	0.1072056505	0.0575030433	-0.1734481963	-0.0132082763	-0.0338289471	0.0114974926	-0.1333059122	-0.1372220454	-0.0077845774	-0.0068687279	0.0580197877	-0.0506941283	-0.0298289021	0.1293587608	-0.0014402557	0.0085929639	0.1175602068	-0.1145268727	0.0582886559	0.002535474	-0.0082321611	-0.0217691261	-0.0451845791	0.2847756291	-0.1742216622	0.0113945438	-0.11844444	0.0216438738	-0.0941660307	0.150638487	-0.1366226774	-0.1733037855	0.1928331091	0.0102239646	0.0313319444	0.072182956	-0.1654000658	0.0298113559	0.1050006691	-0.0031262186	-0.1298239696	0.020793812	-0.0403634286	-0.0199247974	0.0649399732	0.0189235608	0.0679417507	-0.0906475474	0.0596091817	0.1574759232	-0.0233655773	-0.0375505608	0.0918315399	-0.0939047584	0.0446348963	0.1937965433	0.0287192418	0.0827076983	0.0686253242	0.107277691	0.0349937274	-0.0291479774	0.0992807776	-0.1127707504	-0.0039406917	0.0058527185	-0.0399676298	0.1034414224	0.0366662233	-0.0446835199	-0.1082719048	-0.0067735972034057	-0.021181991915796	4.5881619073985526e-05	0.0004486767815208	0.0619764050271527	0.0192931203751954	0.0003722244938117	0.0038410747800896	-0.064172453538319	0.0515785565418838	0.0026603474949443	0.0041181037931277	0.000349006144757	-5.599999713989999e-05	1.2180528907814404e-07	3.1359996796688074e-09	0.0001599865653669	2.156009799999473e-09	4.648378257693769e-18	2.5595701097897372e-08	-7.702787413775835e-05	4.523595193415587e-09	2.046291347389261e-17	5.933293394182341e-09	0.0	0.0	0.0	0.0	0.0	0.0	0.0
801.7654940958306	3.938171707373158	15.509196396754414	642827.9075227313	958.3959657520268	-0.860246807125236	918522.82716976	0.740024569169163	754.063934439902	0.2891619001117078	568612.4172229848	0.0836146044762133	839.1891686509547	732.9292934477827	1.061449	35.290665	0.1703012942223156	0.086420108550184	-0.0405124588	0.0267201221	0.0279933173	0.0153529535	0.1100676545	-0.0309391703	0.0310407878	-0.017446627	-0.1968825145	-0.1665643213	0.0814738451	0.1769176976	-0.0381531195	0.0088450049	0.067238882	-0.0595676585	-0.1507147015	-0.0284211592	-0.0521228574	-0.0039366858	0.2015756654	0.000988167	0.0772917124	0.0313181426	-0.1061820689	0.0535513763	-0.0396367184	0.0098356318	0.2142479143	-0.0143939287	0.0976673353	-0.016020824	0.0933554363	0.0218788355	0.0444409531	0.0704341449	-0.0114527551	-0.0031173324	0.2048578274	0.0476980655	-0.1713119659	0.0136718819	-0.0057484529	0.0319209196	0.0105638652	-0.1524962432	0.0824833799	0.0533034547	0.1744151583	-0.0677794319	0.0131136576	-0.1659076416	0.0435539984	-0.0329432767	-0.069283737	0.1035698367	0.007720154	-0.123080389	-0.2057823664	-0.0438794925	0.0718338077	0.1086762543	0.0377366734	0.0564317278	0.1486456088	-0.026979436	-0.1008316709	0.036476974	-0.026832887	-0.0703729643	0.1276383563	0.0340966617	0.1245733724	-0.0511498862	0.03301065	0.2267873973	-0.0315127453	0.0615716827	-0.182095538	0.1732356983	-0.1478473128	-0.0968233402	0.0228042529	0.1459058086	-0.0447943599	0.0046508511	0.0351399792	0.0101702857	-0.1048532147	-0.1394823059	0.0038143276	0.0469492492	0.0145691017	0.0739432066	0.0618194279	-0.0048959451	0.0445540822	0.1592201049	0.0228575053	-0.1659287677	0.037003236	0.0936397413	-0.0012246349	0.0454100224	0.0911836414	0.0485215825	-0.0388500846	0.2375311126	-0.0025892183	-0.0227742544	-0.1639044313	-0.0902165772	0.0402018727	0.0483976305	0.1013839798	0.0301376669	-0.0540487397	-0.1150284477	0.0001695692108256	0.0069431664142313	2.8753717260016784e-08	4.820755985570953e-05	-0.0073389772829273	-0.06931538231008	0.0048046222247925	5.386058755932297e-05	-0.0351768595975983	0.0289955939407207	0.0008407444679751	0.0012374114511491	7.106671250568631e-05	-0.0002779394322513	5.0504776263658714e-09	7.725032800018258e-08	-0.0002479808925703	-0.0004079674579372	1.664374467357411e-07	6.149452307996269e-08	0.0005380082668194	0.0006150361409571	3.782694546834736e-07	2.894528951660147e-07	0.0	0.0	0.0	0.0	0.0	0.0	0.0
804.0414418780376	2.275947782207026	5.179938307333083	646482.6402573137	975.7300750651258	17.33410931309902	952049.179386596	300.4713456784662	758.0300928720036	3.966158432101565	574609.6216995384	15.730412708530348	846.2885717295159	754.9734878221853	1.053524	35.027164	0.2327965506236717	0.1414136130669288	-0.1466992438	-0.0065436323	0.1487387112	-0.0776351311	-0.0076345704	-0.1751874085	-0.0281709176	0.154798694	0.0677225552	0.0143298035	-0.0388878745	-0.0200406393	0.0230830805	-0.0126808224	0.0771561789	0.0034383127	-0.0936858312	0.144769413	0.0770955848	0.0376309086	0.1603133508	-0.1149929208	-0.0848159647	0.0976677016	0.0503046856	0.087401023	0.1020565732	0.0809572877	0.060271763	0.0217008555	0.0699873282	0.0388153284	0.0467141587	-0.0750870561	0.0801445142	-0.164475239	0.0683849009	-0.2286489101	0.1102149336	0.063589911	-0.0308310815	-0.0300893071	0.2279235254	-0.0003357728	-0.0187746077	-0.0709829293	0.1148442913	-0.0268269315	0.0080025635	0.0669517462	-0.058961207	0.0279571368	-0.1197027963	-0.0262006097	0.057221865	0.0833457793	-0.1815056171	0.0292184495	0.0554981652	0.0010987847	0.1071147592	0.0645689561	-0.0814229786	-0.0098029018	-0.0200563081	-0.0452162417	-0.138057684	-0.0802915442	0.0116819661	-0.0082232885	0.1463176364	0.1846911488	-0.0492772169	0.1819293342	0.2207776395	0.1539535034	-0.1013592621	0.0279435328	-0.1353408679	0.0666298066	0.1370379785	0.0810136962	0.1548554291	-0.1127814358	0.0084116136	-0.0492476238	-0.0115629775	-0.0707348845	-0.0590555509	-0.0807020125	0.0404562871	0.0818897427	0.0130913602	0.114994377	-0.1089455407	0.1276765724	0.0140553169	0.0228356919	0.1633084282	0.0561061861	0.0198126379	-0.0502832759	0.1081416405	0.1650573061	-0.0462551946	0.0780283085	-0.0734872149	0.1114992908	-0.0115895356	0.0269563628	-0.0287875543	0.0698661626	0.1030461291	-0.0054569371	0.0992570537	0.0235265052	-0.063080731	-0.1205247148	0.0010378687288437	0.0008682995180181	1.0771714983116376e-06	7.539440529904648e-07	0.1319037033868682	0.1392426806697954	0.0193885241201106	0.0173985869671709	-0.0542587482271841	-0.0190818886295858	0.0003641184736719	0.0029440117591809	-0.0005309991837048	-0.0006020658962104	2.819601330951639e-07	3.6248334337973604e-07	7.020438569815823e-06	0.0002550013311401	6.502567888323103e-08	4.928655771255764e-11	-7.699814195544609e-05	-0.0006150064087748	3.782328828341331e-07	5.928713864591028e-09	0.0	0.0	0.0	0.0	0.0	0.0	0.0
797.2334097291954	-6.808032148842244	46.34930173966954	635581.1095884391	959.8482875688702	-15.881787496255583	921308.7351488924	252.23117407622016	754.2629049549932	-3.7671879170103466	568912.5297911451	14.191704802068754	839.8388898758857	731.5237486718207	1.071914	35.638596	0.231178323634794	0.1410212306749301	-0.0159360781	0.0030753328	0.0290740143	-0.0119801589	-0.1512636992	-0.0164588281	0.0013396389	0.1958117307	0.1062829542	-0.0036838355	0.0297369768	0.030625542	0.048391298	0.0054490035	-0.0832396422	0.0037605538	0.0656270699	-0.0299342901	-0.0241659571	-0.0171463746	0.0415715282	0.0536889552	0.0868766322	-0.006222007	0.0137492517	0.0870199683	0.2077836592	-0.0526120709	0.0459980155	0.0372086774	0.0324539589	0.0686444577	-0.0745323999	-0.1052638979	0.0693222416	-0.1156476201	0.147490615	0.0678497415	-0.0342558845	0.0492737906	-0.0674734872	-0.1503383401	0.0377331329	-0.1452021771	0.1088971708	0.0881095512	-0.0536560362	-0.1613155034	-0.1865041357	-0.0316948862	0.0400462953	-0.0952749791	-0.0361999401	-0.0206653066	-0.093536937	-0.0148339192	-0.0001688087	0.0824891015	0.0720403018	-0.0196164811	0.0763828655	-0.0785743886	0.0391793645	0.0781092513	-0.0137625918	0.0606457115	0.0486790255	0.0019641324	-0.1628121751	0.0114670061	0.0450951807	0.0100473415	-0.0781160523	0.13140806	0.1550210345	-0.0945423026	0.0295769193	0.0023813214	0.0054268421	0.0246884019	-0.0693358458	-0.1573035796	0.0802103673	-0.1674639	-0.0596658518	0.0999192079	0.0721861962	0.1000174226	0.1712253249	-0.111732085	0.0260477801	0.0403279518	0.0345136604	0.0752972477	0.0324345606	0.0185825597	0.1547675494	0.0854740149	-0.0439493073	0.1002414455	0.0196032508	-0.0679041771	0.2045085047	0.0268479751	0.0017170535	0.0115407425	-0.0680383547	-0.0353250671	-0.0341359401	0.0980684331	-0.0630131939	0.0265221274	0.0984660814	0.0170337991	0.0970621018	0.016850859	-0.0717238087	-0.124700488	-0.0048019984028115	-0.0058398671316552	2.30591886606042e-05	3.410404811538673e-05	-0.0071285265862144	-0.1390322299730826	0.0193299609712881	5.0815891290365535e-05	-0.0286026935109475	0.0256560547162366	0.0006582331436025	0.0008181140760811	0.0001100082539538	0.0006410074376586	1.2101815937963753e-08	4.1089053513364404e-07	-3.897530372642954e-05	-4.599574229624536e-05	2.1156083093826143e-09	1.519074300567432e-09	0.0004490021143661	0.0005260002563215	2.766762696503323e-07	2.0160289870522842e-07	0.0	0.0	0.0	0.0	0.0	0.0	0.0
797.3840047857994	0.150595056604061	0.0226788710735803	635821.2510882398	952.4193970700528	-7.428890498817395	907102.7079152828	55.18841404341937	753.344934953962	-0.9179700010312216	567528.5910207892	0.8426689227932612	837.0410394802465	711.8516615760669	0.973655	32.371704	0.0764701555131828	0.046045722840582	0.0287484693	0.0284834114	-0.0780607389	-0.0846255272	0.0603713744	0.0392160046	0.0184813597	0.0552699497	-0.1216854698	-0.0220686574	-0.0018771495	-0.0580882428	-0.0397442876	-0.008113044	0.0036841084	-0.0435129207	-0.0352888081	-0.1301941626	-0.0425781558	-0.0580496772	-0.0202622504	-0.0609695536	-0.0176096644	-0.1517514433	0.0305187781	-0.0342408977	-0.0860342375	-0.0255195753	0.0153272081	0.0243854115	0.1768534061	0.0828659729	-0.1065994135	-0.1150271148	-0.0566121215	0.0032999106	0.1019736887	-0.165851261	0.0016824825	-0.0684380796	0.0729818646	0.0937112465	0.0100431355	0.0238658215	-0.1777129849	-0.0495190523	0.0944188604	-0.093457891	0.0017174528	0.0383757247	-0.1696024599	-0.0354459025	0.0888473738	0.1257489555	0.0884572842	0.0120032587	0.0453065912	-0.0863327404	0.036090481	-0.1002246352	-0.0090481667	-0.0803444023	-0.0377787358	0.0684789896	-0.0286661894	-0.0335181094	0.0597591247	-0.0837078988	0.0518787546	-0.02071595	-0.0050231941	0.0715034248	0.046590908	-0.0242485413	0.0708779943	-0.0464439698	0.0454020231	-0.1286202056	-0.0303332521	-0.086758537	-0.0394354587	-0.0790010488	-0.0097296512	0.1694438412	-0.0103509018	0.0800161106	-0.1007902968	-0.1930221237	-0.0294936736	0.008740253	0.0366006811	0.0796339477	0.0105908239	0.1024733499	0.0469891478	-0.0411988176	-0.0116746484	0.0553386448	0.059891703	-0.0487170733	-0.0222894359	0.0088720645	0.1801881284	0.0671227763	0.0123486485	0.0305797054	0.0007663442	0.026548832	-0.1398796443	0.0050996191	-0.1007834295	-0.0388037787	0.0302543357	0.0333402021	0.0948006283	0.0101290257	-0.0799246852	-0.1275100165	-0.006856958940645	-0.0020549605378334	4.70178859136914e-05	4.222862812052946e-06	0.0317505909558377	0.0388791175420521	0.0015115857808487	0.0010081000260449	-0.0235685702083756	0.0050341233025719	2.5342397425497445e-05	0.0005554775016671	7.599658782957197e-05	-3.4011666124228026e-05	5.775481361737847e-09	1.1567934325459603e-09	-7.500345778255202e-05	-3.602815405612248e-05	1.2980278846916946e-09	5.625518679339063e-09	-9.099714806805652e-05	-0.0005399992624341	2.9159920342943306e-07	8.280480956519803e-09	0.0	0.0	0.0	0.0	0.0	0.0	0.0
797.6600693885146	0.2760646027151097	0.0762116648722513	636261.5862968898	952.0968724108756	-0.3225246591772475	906488.454454571	0.1040221557773996	753.7905232873762	0.4455883334142072	568200.1529978565	0.1985489628748507	837.6070261949081	723.9440825977626	0.907873	30.184635	0.0391665705275214	0.0205640093204868	-0.0040981362	0.0235649576	-0.004153054	-0.0076326235	-0.0436574231	0.0070930436	0.0431520425	0.0295879271	-0.0311964348	0.0119365935	0.0148039387	0.0326504361	-0.0716867327	0.0192196907	-0.0474682694	-0.0387205893	0.0171295726	-0.0915825987	-0.0568387425	0.0181658029	-0.0503115188	-0.0271350645	0.06657166	-0.0356485276	0.0138664151	0.0822529459	0.0558539612	0.0564774772	-0.0563754866	0.0003113519	0.0275069491	-0.0417743747	0.0437793785	0.0572486557	-0.0679232551	0.0945478243	0.0579770136	-0.0703668669	-0.0592220231	0.2091819699	-0.0854097064	-0.2134067037	0.0040209786	-0.037848462	-0.0082439618	-0.0416585221	-0.1663655488	0.0675290109	0.1213507898	-0.0560509137	-0.0519935108	0.0631935983	-0.0249607109	0.0967815702	0.0404257261	0.0335985094	0.0502407386	-0.0598507502	0.0260555348	-0.0683260494	-7.21623e-05	-0.0472991134	0.0547006977	0.0183797504	-0.0089860574	0.053791207	0.0579042105	0.0306762373	-0.0140873762	0.0258874124	0.0313812531	-0.0052556282	0.0160866456	0.1436578525	-0.0082987066	0.0007623658	-0.0936056459	-0.0150641146	-0.0103781253	0.0152432771	-0.1037792427	-0.1210483951	-0.1293666602	-0.0625398948	0.0084427302	-0.1481221342	-0.0161401938	-0.08784151	0.1543065375	0.0341681219	0.0413073881	0.0475752528	0.002816309	0.0626984495	0.0417138052	-0.025076815	0.094367426	0.0663260658	0.0530436809	0.0245549093	0.0338034077	-0.0609022363	0.1216429715	-0.0173469835	-0.0387494464	-0.0057981891	0.0029380949	-0.0232086879	-0.0531653929	0.0344807179	-0.0657811886	-0.080764416	0.0750311773	0.0685596963	0.0924741833	0.0033794295	-0.0876327994	-0.1289225186	-0.0068929609458052	-3.600200516019978e-05	4.7512910600395714e-05	1.2961443755550514e-09	0.0396071660288583	0.0078565750730205	6.172577187800855e-05	0.0015687276008375	-0.0374926435858213	-0.0139240733774457	0.0001938798194204	0.0014056983230534	0.0001279984155687	5.200182773912802e-05	1.638359438809762e-08	2.704190088209944e-09	9.600211145999182e-05	0.0001710055692425	2.9242904711966455e-08	9.216405404776692e-09	3.2993856388169615e-05	0.0001239910044562	1.5373769186063888e-08	1.088594559363161e-09	0.0	0.0	0.0	0.0	0.0	0.0	0.0
796.307360374638	-1.352709013876506	1.8298216762227493	634105.4121868237	950.39654814267	-1.700324268205577	903253.5987215023	2.891102617048831	755.5132581248787	1.7227348375024576	570800.2832024696	2.967815320344619	838.8208120111256	713.7452235111382	0.975405	32.429901	0.0720609642857867	0.0415825273625799	0.0428873195	0.0582474811	-0.064623637	0.1378668261	-0.0743590295	0.0627141472	0.0602122658	-0.0403770523	0.0169082893	0.0700067957	0.0031018054	0.0064523037	0.078684152	0.1192750732	-0.1082853298	-0.0870474238	-0.0264313277	0.0764533682	-0.1177188428	-0.0804495865	-0.1389652159	0.1086024713	0.0871389748	-0.0228827683	-0.0515617196	0.0491445219	0.0931249678	-0.1295230434	-0.1852248843	-0.0654830688	-0.042657279	0.1044779971	-0.0800953999	0.0214714184	0.0941404901	-0.0858267164	-0.065685024	0.1181017031	-0.0630398569	0.1584357455	0.0490609096	0.0907674461	0.1011513025	-0.054113214	-0.1406283974	-0.2019126893	-0.1056553036	0.0691602573	0.0005456463	-0.060244982	-0.1087523359	0.0023313893	-0.0814644222	0.013531292	0.0027112784	0.0173120883	0.0640975113	0.013052897	0.0019880814	0.0685680305	-0.0383824393	-0.1064482774	-0.0181122324	-0.1101102751	0.0558785259	0.0123897618	-0.0228638745	0.22115097	-0.0340721763	0.1152374288	-0.0015834182	0.2149521755	-0.0832101234	-0.1471573143	-0.0158817548	0.0790264318	0.0405771842	0.128904312	0.0444481479	-0.0539852938	0.0789078524	0.0177234652	-0.2494154563	-0.1812896172	-0.0623274811	0.0812813749	0.0715183865	0.0152442654	0.0469009753	-0.1057147059	0.0406633266	-0.0832029558	-0.1382197535	-0.0888122476	-0.0640622548	-0.0776048582	0.0421787535	0.139895786	0.1198006619	-0.0380603296	0.2922594415	-0.001709439	0.0486751711	-0.1225143994	-0.1303368183	-0.0491413287	0.0678583411	0.1011682693	-0.3418004779	0.1458175775	0.2085985026	0.0027573113	-0.0643208087	0.2308886052	0.090084361	-0.0033794295	-0.0948006283	-0.1289225186	-0.0168593414727098	-0.0099663805269045	0.0002842373948934	9.932874080706318e-05	0.0636249655487688	0.0240177995199105	0.0005768546937786	0.004048136241082	-0.005215872051032	0.0322767715347893	0.0010417899807089	2.720532125273676e-05	7.599736110087988e-05	-5.200105446782011e-05	5.775598894297529e-09	2.704109665765194e-09	0.0001600012485944	6.399913713440818e-05	4.095889553948784e-09	2.5600399551766992e-08	3.299391886958886e-05	6.248141924230762e-11	3.903927750533009e-21	1.0885986823730115e-09	0.0	0.0	0.0	0.0	0.0	0.0	0.0
798.3343772380092	2.027016863371159	4.1087973643910525	637337.77788	956.1872557579204	5.790707615250426	914294.0680738628	33.53229468531928	755.5647821461932	0.0515240213145489	570878.1400196245	0.002654724772422	839.9451716342703	716.4698396917844	0.961761	31.976276	0.0917717968811476	0.0509659668077567	0.012332929	0.0673748213	0.0115345039	0.1239402894	0.1006655575	-0.0131453131	0.0846912875	-0.1812540027	0.0275377723	-0.0137887649	0.0788316377	-0.0049372969	0.0181721951	-0.1278704974	-0.1340038402	0.0010751944	0.008396427	0.051761146	-0.0400139816	-0.0147197335	-0.0372103871	-0.0272506544	-0.0940149851	-0.025975011	-0.0612157107	-0.0163778565	-0.0853201816	-0.011266473	-0.0253343246	0.031865808	0.1451418321	-0.037585994	0.0327428717	0.059223349	-0.1074224317	-0.0777041657	0.0129832397	0.0253919088	0.0440789931	-0.0616713396	0.0724784932	0.3191375526	-0.1123688999	0.0468063361	0.0584539663	0.1980424484	-0.0570395611	0.0962836176	0.2322581423	-0.102045771	-0.1548394354	0.0562221736	0.1731600723	-0.1880452032	0.1010761007	0.0533586001	0.0270355002	0.0077391384	-0.0888102611	0.1650600283	-0.0589325323	0.0446858576	0.0050840683	0.0227024332	-0.1005260021	-0.0307946597	0.0362483234	0.0868409958	0.0699321196	0.1726210049	-0.017473291	-0.0654877414	-0.0704413914	-0.1372702405	-0.117931993	-0.075334295	0.0402798653	0.0498246409	-0.0264096069	-0.0511581586	0.0558787471	0.0065900359	-0.045038021	0.0611199438	-0.1080799648	0.1705127289	-0.0432493582	-0.0498073513	-0.074807551	-0.1271940152	0.0131521626	-0.1657272046	-0.2401539298	-0.2105897614	-0.0603414012	-0.0213680579	0.1078046495	0.0878480451	0.074661564	-0.1145135131	0.1271887276	0.0737653242	-0.0735654745	0.0946889499	-0.012562044	0.0032372197	0.1463070305	0.0853920502	-0.1939825705	-0.0200372391	0.0512272823	0.1490401841	-0.0179218296	-0.0822369932	0.0876327994	-0.0101290257	-0.1013839798	-0.1275100165	-0.0397189606878356	-0.0228596192151258	0.0015775958381218	0.0005225621906605	0.03180389101135	-0.0318210745374188	0.0010125807847159	0.0010114874834618	-0.014308918861893	-0.009093046810861	8.26835003045094e-05	0.0002047451589962	2.2037839398528257e-05	-5.395952170235162e-05	4.856663653553243e-10	2.911629982346556e-09	0.0001599947916033	-6.4569911000043195e-09	4.1692734065534994e-17	2.55983333401834e-08	-0.0004730012287918	-0.0005059951476613	2.560310894568707e-07	2.2373016243855275e-07	0.0	0.0	0.0	0.0	0.0	0.0	0.0
797.7693198142895	-0.5650574237197361	0.3192898921007854	636435.8876369541	964.268486834587	8.08123107666654	929813.714702264	65.30629571448105	754.8345688719187	-0.7302132742745471	569775.2263640554	0.533211425926755	841.3682913275568	728.3614165807235	0.969974	32.249317	0.0112962994766319	0.0072748052446701	-0.0176995811	0.0592814099	0.0208763202	-0.0608541082	0.0935600585	-0.0196124332	0.0381246265	0.0471904246	0.0230080926	0.028409925	-0.0471709622	-0.0265669469	0.0893804867	-0.1489209761	0.0993019778	0.0891010019	0.0460575489	0.0005813582	-0.0372919453	-0.1465044613	-0.0444899526	-0.1451634648	0.0005083751	0.1541051096	-0.0680700126	0.0737751736	0.0169168303	0.044941482	0.0845645125	-0.1054713638	-0.0364681205	0.0309047676	-0.0147258231	0.1078259462	0.0020218591	-0.0378687795	-0.1375806978	-0.0421674154	-0.0579882701	-0.142805429	0.0679705907	0.1547327668	0.0253993786	-0.1165187736	0.0588892634	0.0944365083	0.0251446204	-0.0474889613	0.0054139291	0.0039172597	0.2558581626	0.1564163174	0.0319559638	0.0735339823	0.0286958177	0.0218196007	0.013080233	0.004446101	0.0705136934	0.1033124277	0.0981689428	0.0147954229	-0.0413529452	0.1947890294	0.004893935	-0.1408266139	0.0124251908	0.079404755	0.022527293	0.0893699848	0.0914856656	0.0838551298	-0.0368884712	-0.0430127647	-0.0529711527	0.0844221453	0.1841691728	-0.0017566695	-0.0790592807	-0.1308672286	0.2106422436	0.0465972607	0.1119444971	0.0412155463	-0.0205870539	0.0012152129	-0.0544812755	-0.0779138841	-0.0877506654	0.1994862274	0.0417632821	-0.1130976065	-0.2520690279	-0.1370392754	0.0083575336	-0.000761259	0.103368473	-0.0709504994	0.0067318413	-0.0464630063	-0.1676145283	-0.0257398326	0.1009950782	0.1141857935	-0.1678318781	0.0981466796	-0.0753216149	-0.1113818947	0.0200359383	-0.0421905825	0.0262556869	0.0519413951	0.130596136	-0.1362364189	0.0851211787	-0.016850859	-0.1073422654	-0.124700488	-0.0421199333570569	-0.0024009726692213	0.0017740887860029	5.764669758347676e-06	0.0317663598892608	-3.753112208920023e-05	1.4085851252744535e-09	0.001009101620614	-0.0177149644104659	-0.0034060455485729	1.1601146278953271e-05	0.000313819964064	0.0001310378416309	0.0001090000022323	1.7170915939284832e-08	1.1881000486657046e-08	0.0001599690204472	-2.5771156100009825e-08	6.641524867310736e-16	2.5590087502836693e-08	-0.0004730104581383	-9.229346499995284e-09	8.518083681697521e-17	2.2373889350820447e-07	0.0	0.0	0.0	0.0	0.0	0.0	0.0
798.7012028975495	0.9318830832600042	0.868406080866172	637923.6115099925	953.0479959257952	-11.220490908791705	908300.4825381746	125.89941623427724	755.5745250630823	0.7399561911636283	570892.8629243025	0.5475351648413841	838.9507713330745	714.303892147994	0.946954	31.483973	0.1032273852651903	0.0612576737106893	0.0012672407	0.0744628738	-0.0574338826	-0.0626148081	0.112254394	0.0208774001	0.0540967363	0.050319684	-0.0726980552	-0.0917658284	0.0023106415	0.0787130605	-0.0616326619	-0.0134278378	0.0167561083	0.1033044136	-0.0735330619	-0.0910762139	-0.0203871414	-0.0565450833	0.0462103698	-0.0061938647	-0.0107236534	0.3042530494	-0.034087992	0.1741704284	-0.0318912058	-0.0542032529	-0.0246016755	-0.1769605067	-0.1482739323	-0.0363846899	0.0153665402	-0.0186729203	-0.0290874625	0.0436680832	0.0647881611	0.1434888447	-0.1278085308	0.0336742032	0.153036713	0.108967145	-0.0276582256	0.1177510778	0.0754013033	0.0390290502	-0.0982715975	-0.123976347	0.0893359799	0.0674861795	0.042165178	-0.0018672952	0.1387650119	-0.0291116269	0.0053411533	0.0585002635	0.0382168038	0.0158341604	-0.0676747995	-0.1175438129	0.1012541029	0.0339442487	0.0512227787	0.1704988212	0.1119807454	-0.0517144763	0.1648690702	0.0270857443	0.0050656345	0.1826002749	0.130229712	-0.1642594975	-0.0756801138	-0.055920168	-0.0904835351	0.0022328104	0.1519187745	0.0714654074	0.0112554373	-0.1630651441	-0.0214932267	0.0097774398	0.0126756796	-0.0791086683	0.0756433462	-0.0574060816	0.0164608045	0.0745586877	0.1247828714	0.0364714083	0.0348458594	-0.1264713674	-0.266054441	-0.1570081782	-0.1320520085	0.0432545145	0.0887392587	-0.0663830947	-0.0740524319	-0.1488104062	-0.2898655432	0.1291961369	0.0053914954	-0.0110613366	-0.136457313	0.0118348845	-0.0412144949	-0.1065799759	-0.0866285624	-0.1750547249	0.122732229	-0.0398364569	-0.1287766021	0.0499093671	0.0825512202	-0.0235265052	-0.1126387502	-0.1205247148	-0.0591179566929724	-0.0169980233359154	0.0034949328035521	0.0002889327973283	0.0770877892603039	0.045321429371043	0.0020540319602344	0.005942527253041	-0.055872026933109	-0.0381570625226431	0.0014559614203568	0.003121683393614	7.603784108742599e-05	-5.500000054347402e-05	5.781753277236648e-09	3.025000059782142e-09	0.0001599820205926	1.3000145400010165e-08	1.6900378042140542e-16	2.559424691289109e-08	-0.0004730060581154	4.400022899958729e-09	1.9360201520161224e-17	2.2373473101386923e-07	0.0	0.0	0.0	0.0	0.0	0.0	0.0
804.3810141896839	5.6798112921344455	32.26025631425796	647028.8159888245	967.5508295559714	14.502833630176156	936154.6077744483	210.33218330456847	756.750845280049	1.176320216966701	572671.8418320687	1.3837292528445868	843.4500546295751	748.6393190760431	0.985373	32.761311	0.1155459422551383	0.0565971384246073	-0.1348785109	0.0444592831	0.0503283681	-0.0847516418	0.1541829616	-0.1147379525	0.0077697302	0.0826509489	-0.0994894698	-0.0448119021	0.0244716257	0.1258912222	-0.111409192	0.0264864491	0.0777696893	0.0156726186	-0.0655135103	0.0079540948	-0.0438971056	-0.1976540924	0.091519027	-0.0259563711	0.0184770843	0.0523323245	0.1059467746	-0.1726990387	-0.1673797955	0.0782429824	-0.0031965506	0.0489612003	-0.0184280627	-0.1080475297	0.0123613904	0.1301856189	0.135974165	-0.0918973544	-0.0956795096	0.0651988849	0.0571946809	0.0448630066	0.27752998	0.0002925884	-0.0632228773	-0.0062561935	0.1401437824	0.1254466554	0.0043844035	0.0798009686	-0.0393298079	0.0076622559	-0.2579784781	-0.1345889441	-0.0834324211	0.2005684738	0.0476185797	0.1190036977	-0.0576112659	-0.0589513335	-0.02761129	-0.0660560966	0.0835169006	0.0164488346	-0.0515844689	0.0875887145	0.230568437	0.1063077472	-0.0094042501	0.0405057603	0.0420214095	-0.0521964725	0.0087543121	-0.1565976095	-0.1464270707	-0.0117495547	-0.1620289284	-0.0803449128	-0.1045637512	-0.2135646417	0.0977980885	0.0047415952	0.0914536854	0.1032167442	-0.0870730122	0.0848032615	-0.095204847	-0.0987211968	0.1134848899	0.1063310575	-0.0347615677	0.1305929152	0.0332375039	-0.1209239316	-0.2392214338	-0.0942187195	-0.0049163504	0.1122500397	-0.0296918648	-0.087846867	-0.1109529854	-0.0952604559	-0.306474443	0.0694080167	-0.1091873111	0.0582049941	-0.0420012016	0.0413355816	-0.188434271	-0.0275438817	0.1572141375	-0.1753201506	-0.0173515383	0.0189296406	0.006842029	-0.0443417682	0.0799246852	-0.0301376669	-0.1172407796	-0.1150284477	-0.0515747865866984	0.0075431701062739	0.0026599586114634	5.689941525218568e-05	0.0316017588457242	-0.0454860304145796	0.002068978962876	0.0009986711621433	-0.073312975966445	-0.0174409490333359	0.0003041867031834	0.0053747924450565	0.000598459772896	0.0005224219318085	3.5815409977473186e-07	2.729246748346024e-07	-0.0001491623555045	-0.0003091443760971	9.557024527246521e-08	2.2249408299650843e-08	-0.0005429556042287	-6.994954611329996e-05	4.892939001456677e-09	2.948007881633527e-07	0.0	0.0	0.0	0.0	0.0	0.0	0.0
801.517989259793	-2.863024929890912	8.196911749176861	642431.0871070616	966.041147881366	-1.5096816746054174	933235.4993999472	2.279138758639417	756.7220739139533	-0.0287713660957251	572628.2971486346	0.0008277915070142	842.1101845500278	742.6359259788364	0.984233	32.723427	0.1133468360434814	0.0516036922691756	-0.106529528	0.0337073768	0.0501250101	-0.0317901824	-0.0643640755	-0.0802988066	0.0386077436	0.1311293479	0.0283227848	0.1170635739	0.035105865	-0.0136696218	-0.047862982	0.1062222424	0.0121658584	-0.1196189693	-0.0287199602	-0.0666291432	-0.0105939353	0.1251073446	-0.004389293	-0.0088894109	0.1510396704	0.0399425311	0.1382152942	-0.1631136116	0.0606758114	0.0266872178	-0.0075372523	-0.0708822232	-0.1628352987	-0.0113845967	-0.1262502262	-0.1067045705	-0.0651098378	-0.0814492272	-0.1129034203	0.0355590488	0.1423206855	-0.0826789969	-0.1120281267	-0.0096360133	-0.0841597809	0.1455519454	0.1562944409	0.0407468425	0.1146964146	-0.0864850925	0.0585949871	0.0783951704	0.0688365685	0.005293946	-0.0769783433	-0.0012514351	0.0166358731	0.0545185933	-0.0498788998	-0.0429838616	0.1152738525	0.0007225167	0.0237089974	-0.0477585826	-0.0856572308	0.0444059507	0.0257698764	0.0771591526	0.0605006861	0.102951244	-0.0782775816	-0.143569128	0.0098176877	0.0111182254	0.0629633749	0.1074047938	0.0671902454	-0.0465789747	-0.1521348817	0.0027846254	0.2222393461	-0.1420562725	0.010371788	-0.202626396	0.0410052896	0.0180398663	0.0840504693	0.0177218538	-0.0383485301	0.0705811583	-0.1184569264	-0.0183145354	0.0668097675	-0.0041587304	0.0039314291	0.0707246625	0.0809800374	0.0884349151	-0.1260480581	-0.0160307287	-0.0560819	0.1057055117	-0.102955957	-0.1129503215	-0.1028021501	-0.0864813576	0.0194400926	-0.0161689151	-0.0623491847	0.0377584279	-0.0261960266	-0.0053754022	-0.1361678249	-0.1010537541	0.0494984584	-0.0370096196	0.0772433738	-0.0366662233	-0.1211199807	-0.1082719048	-0.0205771473336113	0.0309976392530871	0.0004234189923891	0.0009608536392645	0.0495010111861802	0.017899252340456	0.0003203832343473	0.0024503501084543	-0.061741410366352	0.0115715656000929	0.0001339011304372	0.0038120017540262	0.000279000341094	-0.000319459431802	7.784119033056836e-08	1.0205432856725669e-07	5.799827645280864e-05	0.0002071606319573	4.291552743295149e-08	3.363800071496417e-09	-1.2008090991102224e-05	0.0005309475132375	2.819052618131891e-07	1.4419424925059035e-10	0.0	0.0	0.0	0.0	0.0	0.0	0.0
801.9855187677027	0.4675295079097168	0.2185838407663019	643180.7723131012	958.690705116759	-7.35044276460701	919087.8680772684	54.02900883576354	756.2618537855444	-0.4602201284088778	571931.9914911481	0.2118025665926839	840.7089109873926	734.8819869627436	0.899297	29.899487	0.0407835977733048	0.0191454095548608	-0.0904602399	0.0513571432	-0.0289889769	-0.0067086032	0.0086038406	-0.0431038097	0.0321292155	0.0053733955	-0.0255392862	0.1083365871	-0.0899169504	0.0640280906	-0.0408605427	0.0740723008	0.0559905189	-0.0658945032	-0.026424272	0.0130996168	-0.036306424	-0.2035127298	0.1286344457	-0.0064577096	0.0740080012	-0.0785774623	-0.0311704785	0.0795653027	0.1241316557	-0.0665990517	-0.1191107608	-0.0465781316	0.0715769074	-0.0720215678	0.0028307186	0.0991217248	0.0892607145	0.0407048104	0.0537216986	-0.0694435904	0.0556483479	-0.0348307193	-0.1256999831	-0.1426948332	-0.206180806	0.1054930084	0.0535943756	0.0217562933	-0.0502505177	-0.0527247953	-0.1187338913	-0.0643635565	0.1359320396	-0.0943038935	-0.1549748274	-0.0620666176	-0.114780162	0.0801989108	-0.0213592733	-0.0195557854	0.0754177163	-0.036965886	0.0366085058	-0.1273805029	-0.1452761539	-0.0745800828	0.061627857	0.0047220616	0.0093653854	0.0392886907	0.1039078208	0.0234662199	-0.0499857794	-0.140052404	0.0714653273	0.1333359429	-0.1074142876	-0.0449279231	0.0115166932	0.07003462	-0.0251913514	-0.042932422	-0.2539823103	0.018225092	0.0135952919	0.0090445589	0.012002972	-0.0448442822	0.1061927845	0.0140960865	-0.0292040323	0.0891498871	0.0662433587	0.00227894	-0.015547491	0.0949050698	0.0473560318	0.0429813574	-0.1464425486	-0.0434634614	-0.0826661176	0.0823103342	-0.0166452587	-0.0354244579	-0.0611374936	-0.1420273832	-0.0303457	-0.0434429155	-0.0085138395	-0.0035265208	-0.0956357753	0.0605327362	-0.0379579523	-0.1077788476	-0.0403631521	0.007155216	0.0745091236	-0.0430942802	-0.1242524367	-0.1003291122	-0.0098888013892093	0.010688345944402	9.778839291522776e-05	0.0001142407390272	0.0588818035830485	0.0093807923968683	8.799926599314213e-05	0.0034670667931927	-0.068056907850547	-0.0063154974841949	3.9885508472873285e-05	0.0046317427061778	0.0004389983006936	0.0001599979595996	1.927195080118685e-07	2.559934707603524e-08	0.0001520048283452	9.400655189239136e-05	8.837231798696872e-09	2.3105467840253723e-08	2.196663647369791e-05	3.3974727464800133e-05	1.1542821063074442e-09	4.825331179675952e-10	0.0	0.0	0.0	0.0	0.0	0.0	0.0
799.3239694086983	-2.661549359004425	7.083844990416867	638918.8080712777	961.166775818412	2.476070701653043	923841.5709371616	6.130926119584593	756.6601440429688	0.398290257424378	572534.5735831263	0.1586351291591773	841.9473112921993	731.6220387166247	0.952718	31.6756	0.087593402608967	0.0491637128983646	-0.0515014337	0.0531945948	0.0368691729	0.1213626663	-0.0794925824	-0.0430253466	0.0312310254	-0.0878723168	0.0490695367	0.1094169527	-0.0318682714	-0.0072414242	0.0473044392	0.1091033941	-0.0082740284	-0.111410077	-0.0257022988	-0.057946408	-0.0445601963	-0.0290897002	0.0642054242	-0.0408047519	-0.0859115982	-0.1379505379	0.016439764	0.0266628504	-0.1035835288	-0.0176224793	-0.1028894007	0.1939101234	-0.0127429502	-0.0370571699	-0.0454928222	-0.0376032423	-0.0737820492	0.05069112	0.1610807089	0.1225400247	0.0252194188	-0.1675253395	-0.0428789015	-0.0244872156	0.1751395914	-0.0388565737	-0.01000687	-0.0035364541	-0.1585668257	0.0683151041	-0.0370612348	0.1076481443	-0.0129006179	-0.061583855	0.0807994827	0.0402878215	0.0907053177	0.0559023186	0.0076735289	-0.0443754586	0.0176052235	0.0551017976	-0.0531557429	-0.1196293628	-0.0992385629	-0.1134164113	0.01465255	0.0649246189	0.0846760977	0.1086998899	-0.045090655	0.0809018134	-0.1081444133	-0.023005655	0.0471122565	0.0084210608	-0.0391220516	-0.1659254412	-0.1380347	0.1004319081	0.0146784624	0.1898439363	0.0357262912	0.0084024839	0.0965027308	-0.0280983019	0.079789762	-0.0261637498	-0.1513656239	0.0383222943	-0.1575921036	0.1026722704	0.0794397422	-0.00707364	0.0123370118	0.04951668	0.0823195066	0.0496623879	-0.0563994679	-0.0228237819	-0.0822707298	0.1349506975	0.0299573373	-0.0752953556	-0.1715180039	-0.1037936174	0.0400535268	-0.0545802237	0.0354323406	-0.0004612764	-0.1327061029	0.0122727517	-0.0805149047	-0.0638400929	-0.0988017133	-0.0196531001	0.0717238087	-0.0494042187	-0.1266188352	-0.0912870929	-0.0033111608811822	0.006577640508027	1.0963786381071283e-05	4.326535465283899e-05	0.0316588561160386	-0.0272229474670099	0.0007410888687915	0.001002283170576	-0.0339131892038295	0.0341437186467174	0.0011657935230262	0.0011501044019747	0.0001570067667467	-0.0002819915339469	2.4651124804252655e-08	7.951922521772567e-08	0.000151993012879	-1.1815466200001871e-08	1.396052415233866e-16	2.3101875964035865e-08	-8.901193385745386e-05	-0.0001109785703311	1.23162430727464e-08	7.92312436904374e-09	0.0	0.0	0.0	0.0	0.0	0.0	0.0
799.7867154436984	0.4627460350001229	0.2141338929083349	639658.7902002195	954.446731986729	-6.720043831683029	910968.5642001468	45.15898909974112	756.3329832467973	-0.3271607961714835	572039.5815470002	0.107034186551559	840.6151370116495	720.2624574931713	0.927794	30.846941	0.045785971032062	0.0249882419484921	-0.0176025339	0.0875374264	-0.0857523785	0.1686372048	0.0437579893	0.0228776406	0.1026888343	-0.1757240503	0.0454936725	0.056315482	-0.0142770026	-0.0048379405	-0.0502465479	0.0070226665	0.0231577867	0.0264579054	-0.0366981665	-0.0704592583	-0.0899474697	0.1479119492	-0.111287817	-0.0935439453	-0.0468846456	-0.0635305473	-0.0869797065	-0.0119105761	-0.0573564856	-0.1139577079	-0.0946664106	-0.004408482	0.0449186058	0.033281929	-0.0425386319	0.0877296697	0.0232687248	-0.0899649068	0.0662417452	-0.0692474856	-0.1491039189	-0.002759246	0.0561341771	0.1008068492	-0.0796395853	0.0051041419	0.0256985127	-0.1240922661	0.152534964	0.1192632776	0.0176452476	-0.0789583828	0.0747373953	0.0722273327	-0.1368818013	0.0041600761	0.0903979049	0.0735791687	0.0639802998	-0.0061936539	-0.1016191697	0.0610691716	-0.1417750396	-0.1023269232	-0.0442334805	-0.0221070162	0.0200093798	-0.1169544645	0.0137635136	-0.0375840339	0.0224017821	0.1664743623	-0.052811675	0.05768626	0.0127987544	-0.0097163165	-0.0333905611	-0.0892283189	-0.089670717	0.1128514488	-0.0189295212	0.029013069	0.0191680833	0.0426111303	0.0114331098	0.0852882977	0.0077714019	0.186377574	-0.1385758791	0.0925183173	-0.0025780318	-0.0429878655	0.0911170708	0.0074038896	-0.0189172829	0.0757801874	0.0671669799	-0.0375125675	-0.1532436586	-0.0319771374	-0.1014436676	0.00914812	0.0348430061	0.00281816	-0.1879236769	-0.1651046791	0.0324485921	-0.0987487589	0.0493073017	0.0368137604	-0.0794764802	-0.0026883403	-0.0141027788	0.0164264277	-0.0221034557	-0.0148433776	0.0688893378	-0.0555787436	-0.1282045865	-0.0812449131	-0.0205453399086223	-0.0172341790274401	0.0004221109919608	0.0002970169267498	0.0472090722974201	0.0155502161813814	0.0002418092232876	0.002228696507183	-0.0335111788123327	0.0004020103914968	1.6161235487141166e-07	0.0011229991053921	-5.299004431472612e-05	-0.0002099968110614	2.8079447964766382e-09	4.4098660655968295e-08	0.0001520034708528	1.0457973799991341e-08	1.0936921600130531e-16	2.3105055151298023e-08	-0.0001309959734571	-4.1984039599646136e-05	1.7626595811046546e-09	1.7159945061973247e-08	0.0	0.0	0.0	0.0	0.0	0.0	0.0
802.3194999005369	2.532784456838499	6.414997104802691	643716.5799206477	961.7555762622374	7.308844275508363	924973.7884715084	53.419204643631375	757.3939797727218	1.0609965259244518	573645.6405959621	1.125713628023756	841.9939428161082	727.3460205898338	0.9778	32.509525	0.0569657522992485	0.0273606795392355	-0.0762930354	0.065956489	-0.0085145705	-0.0399096447	0.1019328751	-0.0595172989	0.0161011494	-0.118662563	-0.0382618558	0.082459204	-0.1095420437	-0.0131661748	-0.0671238582	-0.1363385242	0.0313181178	0.0148705298	-0.0850133315	-0.0908593417	-0.0015046918	-0.0103468972	-0.0347519886	-0.2176045899	0.1036617838	0.0806258866	-0.0316193892	-0.1480470265	0.0077428894	0.0872137642	0.0055066485	0.0687934458	0.0012593435	-0.0042531349	-0.0903488706	0.0069081763	-0.0026507793	-0.0914193289	0.0262867778	0.0185610124	-0.0466041482	0.031228356	-0.0583040485	0.0250127415	-0.0097402821	-0.035089966	-0.093034674	-0.0584663632	0.123302813	0.1659400329	-0.0841475505	-0.0062729812	0.1577143737	0.0484626113	0.0379069533	0.0433879138	-0.0681093661	0.0877510684	-0.0193977184	-0.0955018968	0.0178074142	0.027020567	-0.0148451735	-0.0263565055	-0.1280441594	0.0764722885	-0.0753101302	-0.0395139121	0.0019007903	-0.0942669519	0.0909055472	0.1074581944	0.0494143774	-0.0543382681	-0.0086475863	0.0496588203	0.0662747941	-0.0835354269	-0.0959204189	-0.0448115238	0.1509210633	-0.0248133618	0.0083532199	0.0105857184	-0.0881686395	0.2077328221	-0.0203560151	-0.0923245915	0.0336748415	-0.0745631929	-0.0140754846	0.0933991199	0.0872460939	-0.0203948151	-0.0086918536	0.041813403	0.0587497492	0.037817326	-0.1267051485	-0.0335644214	-0.0242070346	0.0845521755	-0.0978259807	-0.0921242318	-0.0766415129	-0.0725060416	0.1307309138	-0.1118657573	0.078674518	0.0739941791	0.0830165121	-0.0323113643	0.0412649361	0.0687890109	-0.2050333295	0.057396335	0.0660076536	-0.0616009311	-0.1289999139	-0.0703125971	-0.0041889925848295	0.0163563473237928	1.7547658875756536e-05	0.0002675300977765	0.0609788942210087	0.0137698219235886	0.0001896079958073	0.0037184255404169	-0.0499507059011605	-0.0164395270888278	0.0002702580509043	0.0024950730200242	-0.0001399968276835	-8.700678336877389e-05	1.9599111761443598e-08	7.570180352180749e-09	4.401007846088767e-05	-0.0001079933923919	1.1662572800313549e-08	1.9368870061334886e-09	-0.0001439969169572	-1.3000943500100006e-05	1.690245318927926e-10	2.0735112093178752e-08	0.0	0.0	0.0	0.0	0.0	0.0	0.0
802.7806532187107	0.4611533181737286	0.2126623828626402	644456.7771822598	966.1728993070886	4.417323044851287	933490.0713554656	19.512742882574244	758.5337669988596	1.1397872261378552	575373.4756774802	1.2991149208670263	844.4122243411598	741.0111288613363	0.950334	31.596344	0.028314160594031	0.0135342902716522	-0.1171075692	0.0517567676	-0.0082601618	-0.1130852246	0.0615057724	-0.0784766249	0.0501041827	0.0700026415	-0.0676641839	0.0268229242	-0.1722036621	0.0868066061	-0.0185024008	-0.0859940927	0.0891504678	-0.0617058296	-0.0146551512	0.0926406407	0.0195740374	-0.0882497634	0.1098162247	-0.0102167297	0.033038645	-0.1476489051	0.0774038497	-0.0029392887	-0.0189686987	0.0872308435	-0.0526007197	0.0268156142	0.1119135163	-0.0275221846	-0.0296039724	-0.0970118975	0.0082733784	0.0479852655	-0.0531744262	-0.0071750221	-0.0099938792	-0.1317169132	-0.0102107159	0.0253616525	-0.069903866	-0.1512307429	-0.049123608	0.124321167	0.0501490611	-0.0012418009	0.033907785	0.20473784	0.0619555395	0.0100349334	0.0592373109	0.0910804954	-0.1037203431	0.0741462367	-0.0388723081	-0.0187025309	0.0632345242	-0.0330861675	0.1327397999	0.0008207776	-0.1606992698	0.0208581407	0.0153233608	-0.0206124139	0.0285980069	-0.0288515296	0.0472466265	-0.0721124861	-0.2129880184	-0.0301287708	0.0253153676	-0.0677878851	0.0103844987	-0.0197053478	0.0219701963	-0.0844681845	0.0088920096	0.0538690551	0.1113244313	0.0893326688	-0.013119731	-0.025792582	-0.0638096884	-0.004303086	0.0593665813	-0.0241217129	0.0618704174	-0.0163570793	0.0962823335	-0.0300202495	-0.0415882062	0.090838179	0.0661721053	0.0500543846	-0.1477780325	-0.0961100748	-0.0986008757	0.1694815253	-0.0672096499	-0.018344261	-0.0052504222	-0.0159676559	0.0820295639	0.0131054341	0.03164261	-0.0040704529	0.0279567077	0.1125483385	0.0718425159	0.0019735465	0.0438114881	0.0049964544	0.063080731	-0.0674542747	-0.1289999139	-0.0586099215	0.0001765080427986	0.0043655006276281	3.1155089172592415e-08	1.9057595729821336e-05	0.0546982106310167	-0.006280683589992	3.944698635759482e-05	0.002991894246235	-0.0529191621571527	-0.0029684562559922	8.811732543739234e-06	0.002800437723415	5.900591597516198e-05	0.0001990027436586	3.481698120067875e-09	3.9602091983675136e-08	5.0993155028100645e-05	6.983076567212976e-06	4.876335834355896e-11	2.600301859719906e-09	-0.0002320014991397	-8.80045821825e-05	7.744806485116396e-09	5.382469560306821e-08	0.0	0.0	0.0	0.0	0.0	0.0	0.0
798.9084114318725	-3.872241786838117	14.994256455735254	638254.6498565981	958.6119150202323	-7.560984286856296	918936.8036187572	57.16848338608781	756.6428592279091	-1.890907770950548	572508.4164205855	3.575532198241171	841.7582780022343	723.7503729989066	0.973409	32.363541	0.0254424746686446	0.0117945198045801	-0.0306757892	0.0367470475	-0.0007810489	-0.1606099041	-0.0227329249	0.0013406857	-0.021860901	0.1843710945	-0.0358029074	0.1374292847	0.0381555635	-0.0406912262	-0.1020970396	0.0020718155	0.0022888636	-0.0151983107	0.0151806869	-0.054924851	-0.0512216679	-0.1603163823	-0.0713595673	-0.0290087833	-0.0257252605	-0.1485814312	-0.0424884553	-0.0194184475	0.0909667679	0.1249489371	0.025266741	-0.1139068849	-0.1538927781	-0.2304059655	-0.0075899859	0.0470744215	-0.1991072813	0.0636376867	0.0918830515	0.1210258392	-0.0739356461	-0.1026021398	-0.0858812293	0.0008250601	-0.117295812	0.1580360035	-0.0800933562	0.064675228	-0.1551282661	-0.0642725315	-0.0799179823	0.0231585817	-0.0235326041	-0.0763254275	-0.0144848563	-0.0125869657	-0.0952378608	0.0062677559	0.0206440325	-0.1181373824	0.2117853847	-0.0274383604	0.0496459506	0.0094846185	-0.0838263081	-0.0348594742	0.0952838388	-0.0138125861	0.1085145704	0.0193954915	-0.1450549506	-0.0128459314	-0.0743373877	-0.0785435235	0.1114071488	-0.1107893802	0.004237598	-0.1301083353	0.0939688228	0.0783788487	0.0511029242	0.0432084758	-0.0518897555	0.0737017796	0.0018223252	0.0973978809	-0.0158653005	0.0133307922	-0.0554398086	-0.0525684109	-0.0028038465	-0.1322328598	0.07666597	-0.0358806463	0.0056214511	0.0311943934	0.108514202	0.0259401121	-0.1086093352	-0.0517473176	0.0328530719	0.1865658736	-0.1061057997	-0.1657897387	-0.0505484793	0.0133559047	0.1374952882	-0.1082215238	0.1720499547	-0.0043465567	-0.0098399421	0.0070984905	0.053376046	0.0623098232	-0.0468413553	0.0004438018	0.0601105761	-0.0731227308	-0.1282045865	-0.0462651033	-0.0014082629453469	-0.0015847709881455	1.983204523237125e-06	2.5114990848676646e-06	0.0546290618087681	-6.914882224860058e-05	4.781559618368559e-09	0.0029843343941062	-0.045580192419699	0.0073389697374536	5.386047680726117e-05	0.0020775539410167	0.0001440123908137	8.500647483853803e-05	2.0739568707877865e-08	7.226100764474999e-09	0.0001919907091962	0.000140997554168	1.9880310281386115e-08	3.686043241765984e-08	-0.0001290138257304	0.0001029876734093	1.0606460874260638e-08	1.664456722959402e-08	0.0	0.0	0.0	0.0	0.0	0.0	0.0
804.595057445286	5.686646013413451	32.3379428818711	647373.2064653831	960.8471222870738	2.235207266841485	923227.192407351	4.996151525740981	759.3752607073103	2.732401479401233	576650.7865742955	7.466017844634045	844.9227913430134	726.116081750426	1.232224	40.968506	0.2435380220442392	0.165538713970272	-0.0728359648	0.1064933076	-0.1749130254	-0.0293119776	0.0634583699	0.0034462583	0.1440540667	0.0406050396	-0.1866432219	-0.1491001351	-0.1667777181	-0.0415262014	0.2188294779	0.2354117593	0.281259952	-0.0191843882	-0.1958525256	-0.0775043383	-0.0237960304	0.0848992276	-0.0592320536	-0.1267160502	0.0288819912	-0.0963684656	0.1484710634	0.0981557047	0.0014877749	-0.0140038754	-0.1133581083	0.0424396374	0.0717846942	0.1180328364	0.073786481	-0.1931339693	0.0087112951	-0.0081660911	-0.1957635513	-0.0870208014	-0.1373568123	0.0527548049	-0.0790672041	0.0165497639	0.0152030042	-0.0702009449	0.1223884978	0.0547612374	0.1507709578	-0.0378364015	-0.0737117741	-0.1047710066	-0.0524468302	0.0665922572	0.0512575281	-0.0139569895	0.1557192054	0.1317264068	0.0057666736	0.1150156334	-0.1304013626	-0.2271116883	0.0545905355	0.017517877	-0.1419007745	-0.2147099783	-0.0071149007	-0.2677071833	0.1273175123	-0.1001756013	0.1940896032	-0.0837224115	-0.1983293928	0.1998118699	-0.0711708027	0.0607741901	0.0556249144	0.1641588521	0.093212271	-0.222270405	0.0410017238	-0.0153096714	0.0251604493	-0.0317607644	0.1425470494	-0.0115854673	0.070713806	0.0076175554	-0.0501388581	0.1715138772	0.0815970146	0.0224747082	0.1438595972	0.0189582024	0.0021406182	0.1021576043	-0.2296802948	0.0768918647	-0.3887324653	-0.28790792	-0.0044663305	-0.1474054576	0.2129406379	0.1865557625	0.0622763525	-0.0226353806	0.1533803026	0.2243943992	-0.0473140597	-0.1861170768	0.1536974379	0.209090148	0.1510073568	-0.103560119	0.1666391591	-0.0099758523	0.0570992244	-0.0785907625	-0.1266188352	-0.033413395	0.0022715269552548	0.0036797899006017	5.159834708449142e-06	1.3540853712570273e-05	0.205424519344973	0.1507954575362048	0.0227392700135533	0.0421992331481131	-0.0814413424089366	-0.0358611499892376	0.0012860220785505	0.0066326922533696	0.0006329544819868	0.0004889420911731	4.006313762671783e-07	2.390643685207241e-07	0.0002131345086833	2.114379948709997e-05	4.4706025675068905e-10	4.542631879167168e-08	0.0004249327759733	0.0005539466017036	3.068568375390776e-07	1.8056786409637482e-07	0.0	0.0	0.0	0.0	0.0	0.0	0.0
807.6396474375105	3.044589992224473	9.26952822075342	652281.8001129862	980.401838654322	19.554716367248147	961187.7652367752	382.3869322035226	761.1360613141741	1.7608006068637678	579328.1038328542	3.100418777131813	848.6468000061826	763.4643124128736	1.587662	52.785999	0.6564235519169396	0.3405174187970159	-0.2506758293	0.2196363575	-0.0929917601	-0.0326669122	-0.313059089	-0.2055401343	0.4302167289	0.0340848697	0.300206633	-0.2870616481	0.0445833416	-0.3183647419	-0.104928992	-0.069131056	-0.1783046768	0.0158215523	-0.2608440327	0.2036746834	-0.0533268439	0.043633733	-0.3194917017	-0.0583066145	8.46115e-05	0.2624184719	0.0886786313	-0.0276266593	0.1127855864	0.0026045444	0.1630200658	0.1731161681	0.1519510278	-0.0433070591	0.1441898376	0.0340822639	0.0710284848	0.1109231793	0.0233773003	0.059091623	0.0454671946	-0.088724055	0.0376579079	-0.1779190651	-0.0771773958	-0.0796624086	-0.1579951962	0.0872106346	-0.0834313481	-0.0946143761	0.0182931322	-0.0065346816	0.0020776811	0.0733955813	-0.1210118254	0.0921653432	0.1219515606	0.3520379274	0.0136219308	0.4819511469	0.1412726658	-0.0398610892	-0.3038298064	0.2655550945	0.201754233	0.1520794807	-0.1486730684	0.1547623728	-0.0866643044	0.0065755331	-0.0334316816	-0.0614749001	-0.0010066629	0.1099648417	0.0076306166	0.0929001405	-0.0878586451	-0.0589751725	0.1386306162	0.0239174752	0.0438489508	-0.0199200201	-0.0236882449	0.1777346362	-0.010268765	-0.0095901388	0.0422021483	-0.0859166622	-0.1156576606	-0.0183651575	-0.0186315356	-0.0359488583	0.2583698731	-0.3648565455	0.4039690522	-0.0378688782	-0.2366334183	-0.1302849315	-0.0110352127	0.3677308358	-0.0281943969	0.0850354005	0.0052563288	0.2230511911	-0.0803030543	0.1970638446	-0.1363721336	-0.1712144838	0.0175039577	-0.3185186772	0.1579980072	0.0788960663	-0.1907155884	-0.0123215145	-0.0928347152	0.0021804982	0.0540487397	-0.0838433825	-0.1242524367	-0.0201956026	0.0007223510833114	-0.0015491758719434	5.217910875611531e-07	2.3999458822115942e-06	0.0558680597974756	-0.1495564595474974	0.0223671345923822	0.0031212401055343	0.1421383686535122	0.2235797110624488	0.049987887198768	0.0202033158434817	-0.0019740382946055	-0.0026069927765923	3.896827188568992e-06	6.796411337204431e-06	-0.0003198826574537	-0.000533017166137	2.841072993967182e-07	1.0232491453964117e-07	0.002919686941945	0.0024947541659717	6.223798348633153e-06	8.524571838964147e-06	1.0	0.0	0.0	0.0	0.0	0.0	0.0
803.0256275248094	-4.61401991270111	21.28917975480236	644850.1584616138	985.1821638337263	4.780325179404372	970583.8959361032	22.85150882084744	758.8404023164547	-2.295658997719329	575838.7561877989	5.270050233809714	849.7185542846087	762.9300459330561	1.970299	65.507751	1.2675824856002325	0.6819002405118728	-0.1232913453	-0.3994488282	-0.0154466069	-0.2698893815	-0.3841406152	-0.2027938635	-0.304306358	0.153501407	0.0118025194	0.0208646218	0.1532824589	-0.3052945505	0.0887010563	0.1725686625	-0.1238946555	0.5408126589	-0.0323994128	0.065708206	0.3012189751	-0.1306454997	-0.3971902763	0.08292863	-0.1595149136	0.1170716784	-0.1118419562	0.0342847682	-0.0760085013	-0.0941484998	-0.0447220436	0.0018955522	-0.0917437747	-0.0361769624	0.0501140424	0.0957426903	-0.0617211333	-0.1811298773	0.0236902186	0.0297124141	0.0695875804	0.0971491374	-0.1549012831	-0.0375830363	0.0922322591	0.0358847193	-0.0483293884	-0.0360397291	0.0206996062	-0.1040724128	0.0520757618	0.0119341891	-0.0010268488	0.0314545992	-0.0927698605	-0.0685915148	-0.065167447	-0.1842577722	-0.3376194338	0.1184181167	0.2642674412	-0.0845534641	-0.1316215734	0.0248717469	0.4610702911	-0.1844500455	0.1045074443	-0.2818423799	0.1241880686	-0.0232621091	-0.1948269485	0.0990792193	0.1580816364	-0.1478586418	-0.116997097	-0.1292004596	0.0706808858	0.0581421714	-0.1685783414	-0.0563198674	0.0416839623	-0.0599044209	-0.0603573718	0.0650636542	0.0077280024	0.0954800691	-0.0375763221	-0.0400989071	0.0737785373	0.0219539769	-0.0108657073	0.0456192567	-0.3020950396	-0.428570749	0.4420087532	0.01680007	0.0730447833	0.1708091105	0.3038932098	-0.2699572192	0.1450533162	-0.260061569	-0.0992178549	-0.2305312669	-0.1155856275	-0.0333359306	0.2099236324	-0.0366584509	-0.065250955	-0.006074768	-0.0705408348	0.04653418	0.1139989007	-0.010511103	0.0935789075	0.0541773934	0.0509612127	-0.0888661936	-0.1211199807	-0.0067565429	0.0936660177986539	0.0929436667153425	0.0087733228902577	0.0086385251824926	-0.1191840125433287	-0.1750520723408042	0.0306432280308101	0.0142048288459283	-0.3819127638936237	-0.524051132547136	0.2746295895239359	0.1458573592248667	0.0046582104737097	0.0066322487683152	2.169892481737875e-05	4.3986723724818487e-05	-0.0029461407149298	-0.0026262580574761	6.897231384458138e-06	8.679745112167073e-06	0.0031718923960927	0.0002522054541476	6.360759110184742e-08	1.0060901372390688e-05	0.0	1.0	0.0	0.0	0.0	0.0	0.0
798.1295320469569	-4.896095477852441	23.97175092824712	637010.7499254944	951.6626547684906	-33.51950906523575	905661.8084810112	1123.5574879744215	754.7612517362796	-4.07915058017511	569664.5471225156	16.639469455742937	838.3718852471584	700.5982362254005	1.581321	52.575161	0.3172776214435605	0.1859217156995262	0.0956387307	-0.1728791207	-0.0035715091	-0.0881136082	-0.0416701544	0.0650752586	-0.1462240711	0.1123912485	-0.0246420154	0.1021324626	-0.0294836804	-0.0079019505	-0.1159324821	0.0401845008	-0.0848971826	-0.0303963786	0.125867513	-0.1541078608	0.1388309234	-0.0427176471	0.0215687796	0.0049251425	-0.1000543017	0.1258522307	-0.0568717568	-0.190418802	-0.1195325951	-0.0271122842	-0.1078206045	0.0324825928	0.0784167219	0.0678899532	0.0422323894	0.0257396248	-0.0847706279	0.1614385627	0.0082396251	-0.1198915004	0.0841955433	-0.1535376513	-0.1371948859	-0.0735987656	0.0141017731	0.0655803987	0.0265971707	-0.0396918966	0.0497815183	0.0456240825	-0.1645710191	-0.140361667	-0.2110301907	0.0852956105	-0.0727196698	0.1082796604	-0.0602243202	-0.1431507357	-0.0270413641	-0.0932118932	0.1405229581	-0.1106543452	0.0016382878	-0.0415324976	0.3043705215	0.1008026643	0.0012771686	-0.0160059615	-0.0879790542	0.0001799159	0.4197283086	-0.1246617482	-0.041864898	0.0966690004	0.1068858462	-0.0175545646	-0.0991993169	-0.0374267491	0.0024975764	-0.018378317	-0.1204631215	0.1968875065	-0.0883848277	-0.0593764686	0.032658537	-0.0648282616	0.0775548161	0.1455445494	0.0298221818	-0.0634481229	-0.120609927	0.0933789524	-0.1953492361	-0.0652636063	0.1502040784	-0.023844208	0.2605352125	0.0401940156	-0.1169792976	-0.198283587	-0.0634146729	-0.1292621643	0.1869613737	0.2079977124	0.2774359593	-0.0244314139	-0.3059504221	0.1202462507	-0.01689942	0.112732109	0.0815294493	0.0881733251	-0.0278119567	-0.1883173017	-0.2320942915	-0.259474289	0.0478387595	-0.0936454286	-0.1172407796	0.0067565429	0.094480392679614	0.0008143748809601	0.008926544600894	6.632064467387822e-07	-0.1203279106195935	-0.0011438980762648	1.3085028088823202e-06	0.0144788060740768	-0.2445085712765831	0.1374041926170406	0.0188799121487408	0.0597844414277159	0.0030361031110796	-0.0016221073626301	9.217922101107228e-06	2.6312322958987797e-06	-0.0025259958630543	0.0004201448518755	1.7652169655748596e-07	6.380655100167438e-06	0.0016558414932124	-0.0015160509028802	2.298410340124172e-06	2.74181105064387e-06	0.0	0.0	1.0	0.0	0.0	0.0	0.0
795.7588926775726	-2.370639369384321	5.619931019674891	633232.2152754365	942.4928491335388	-9.169805634951786	888292.7706678555	84.08533538279352	756.5867472204362	1.8254954841565905	572423.5060696002	3.3324337626761045	839.0940391085318	716.8326725999551	1.197276	39.806576	0.5032980005760815	0.2500871512021894	0.0471715322	-0.1061746289	-0.2102780667	-0.0003272008	-0.0254013461	0.13090823	-0.0169069714	-0.0024961882	-0.0217409428	0.1225965319	0.0299187984	-0.003782405	-0.0778282854	-0.0345279454	-0.2174068197	0.1513207042	0.0852583481	-0.02706754	-0.0619599005	0.1468986636	-0.1540230285	-0.0227039549	0.1382242259	-0.0512643212	-0.1061126923	-0.0671297847	-0.2123255646	0.096404173	0.0058456424	-0.0540326869	-0.0624627226	0.1274824849	-0.000337712	-0.0223944114	0.098446043	0.1038599683	0.128487443	0.0009430898	0.1147560293	-0.033945972	-0.0463557451	0.0448022782	-0.0821508739	0.0151572339	0.0682103893	-0.035220326	-0.130445592	-0.032306562	-0.1450620675	-0.0184434386	0.0234854271	-0.0515517456	0.0767454286	-0.163931648	0.0370202405	-0.0686550222	0.1068305119	-0.1109531008	0.0276207262	0.0346013619	-0.0094830595	0.0831312515	0.1739821025	-0.0308491993	0.0121930285	-0.0179799616	-0.1452622176	-0.1380135981	-0.0820103234	0.2054363071	-0.0575922314	0.1691319707	0.3741754364	-0.003599705	-0.21210314	-0.1067373583	-0.0136247693	0.0039857453	0.094229932	0.0532638415	0.0258793999	-0.1405090715	-0.0281727217	-0.1278824761	-0.0031636235	0.0358291045	0.1220199257	0.1887323	0.0211232058	-0.0495250246	-0.0679597298	-0.0670776545	0.1259784626	0.0982797216	0.0910382433	-0.2469611154	-0.0356820883	-0.2593108654	0.0456687413	0.1690976255	0.1103068382	0.0821307413	-0.0549724719	0.0746021684	-0.2463464096	-0.171367443	0.0737132194	0.2104083812	-0.0708160836	-0.2064482275	0.0680759916	0.2852518943	0.0216964285	-0.0825671512	0.0446835199	-0.098167988	-0.1126387502	0.0201956026	0.0703313812882129	-0.0241490113914011	0.0049465031939079	0.000583174751182	0.0514834892880458	0.1718113999076393	0.0295191571382227	0.0026505496692723	-0.092227645355507	0.1522809259210761	0.0231894803993802	0.0085059385678211	0.0012559939320884	-0.0017801091789912	1.57752075744288e-06	3.1687886891287244e-06	-0.0016772582438766	0.0008487376191777	7.203555462074305e-07	2.813195216652016e-06	0.001183555024262	-0.0004722864689504	2.230545087536373e-07	1.4008024954558232e-06	0.0	0.0	0.0	1.0	0.0	0.0	0.0
790.9865885314683	-4.772304146104261	22.77488686292392	625659.7832366504	938.7594414433688	-3.733407690169997	881269.2888990658	13.938332981020476	758.3285669551873	1.741819734751061	575062.215460308	3.033935988368257	839.3838005663251	634.2909392320635	1.683401	55.969074	0.3224228809087117	0.2263241904237386	0.3576664751	0.1234695433	0.4553190709	0.0306607579	-0.2611077429	0.2089552063	-0.0256769922	0.0817256801	0.1635440616	-0.0330342481	-0.0532438485	0.1004172026	0.0675799638	-0.0898037974	0.1839575139	-0.0106064442	0.2777895809	0.3160215458	-0.0835633042	0.0451146828	-0.1097587447	-0.0420322872	0.1163125498	-0.0338272329	0.157347607	0.0272460143	-0.0494890898	-0.198431969	-0.0368981974	-0.02702198	-0.0649202531	-0.1906751786	-0.0234634324	-0.0537468111	0.0397426667	0.1859456563	0.0095171491	0.0106871804	0.0656147501	0.0554086979	0.0174120452	0.0127402947	0.0906565539	-0.1857463724	0.0660620362	-0.0991424647	0.1192531786	0.0561547313	0.017721676	0.0140146337	-0.1205983767	-0.1223391428	0.0638626562	-0.1141947222	0.0526743268	-0.1745605473	0.1681562114	0.2794484807	0.1045695585	0.0855767347	0.160206046	0.1018423533	-0.1045839078	-0.0962364444	0.0654401571	0.0118994396	-0.2182046853	-0.0519117282	0.1000624165	0.0400469994	-0.1457053853	-0.0866902777	-0.1287522867	-0.0157882113	-0.0626421026	0.0447509731	-0.2298209046	-0.0722062248	-0.0508350343	0.0682882626	0.0263109758	0.0231589221	-0.1565769584	-0.1501112694	0.0400538612	-0.0663913749	-0.0387051656	-0.0486018406	0.116312449	-0.1353155029	0.0434720761	0.2453830561	0.1890509282	-0.4498208983	-0.0317940882	0.2054092213	-0.1181468621	-0.0403660421	-0.3774652474	-0.137158903	0.2352460659	-0.3148874537	0.0632185737	0.3298534436	-0.0527623252	-0.0199459361	0.1217582499	0.0508432291	0.0356957183	-0.222695841	-0.0549513229	-0.0195982683	0.0613183835	0.1907662292	0.0414976565	-0.1024214758	-0.1073422654	0.033413395	0.0703108837260089	-2.0497562203999897e-05	0.0049436203703323	4.2015005630684505e-10	0.2692464390445366	0.2177629497564908	0.0474207022866479	0.0724936449381633	-0.0682257365229901	0.0240019088325168	0.0005760916276044	0.0046547511241044	0.0019987730239376	0.0007427790918492	3.995093601220657e-06	5.517207792883222e-07	-0.0020967716228286	-0.000419513378952	1.7599147511972457e-07	4.396451238299282e-06	0.0007330969999132	-0.0004504580243487	2.0291243170022402e-07	5.374312112817343e-07	0.0	0.0	0.0	0.0	1.0	0.0	0.0
788.2455922694451	-2.740996262023259	7.513060508425479	621331.1137322083	928.119464441394	-10.639977001974785	861405.7402749801	113.20911060255231	758.300360259062	-0.0282066961252667	575019.4363690233	0.0007956177063031	836.249033526262	611.007155654384	1.379616	45.868942	0.1041470108260203	0.06336147478996	0.4565187967	0.1720307851	0.3851490702	-0.1714694883	-0.0094903911	0.3308675263	0.0328974058	0.1180912612	0.1671903163	0.0276462561	0.2286089858	0.0792667817	0.053524872	-0.0583147938	0.1913596099	-0.1147195231	0.2488823324	0.1794510725	-0.0555709026	0.1635396275	0.1181815339	-0.0236903871	-0.019671443	0.0821272542	-0.0210057516	-0.0146770637	0.1742215483	-0.2467579358	-0.2399299133	0.127663622	-0.1121713867	-0.0345107053	0.1024505507	0.125174477	-0.1410832833	-0.0882467574	-0.0954186319	0.0821076456	0.0756737869	-0.0835363501	-0.1228947041	-0.0002280531	0.0315711289	-0.1084555574	-0.0975609306	0.0422414398	0.0395155231	0.139467042	0.0821032906	-0.0696213855	0.1225654212	-0.0226516887	0.0085979001	0.0252229166	0.0524072322	-0.2037494444	0.2822696235	0.1033424412	0.0936845966	0.1948681077	0.0533083849	0.2756702698	-0.0899503144	-0.1286390566	-0.0462709297	0.1186101149	-0.0371816876	0.2337205479	0.1979772892	-0.0175955729	0.1978666704	-0.0809013111	-0.0444596939	0.0370210901	0.2332226512	0.0170854785	-0.1842508835	0.1293319151	0.0326660392	0.0044665547	-0.1498890264	0.0761383422	0.0683541184	0.018421368	-0.072553661	0.0825913137	0.0574196277	-0.0826597231	0.092182932	0.1223496712	0.0476814809	0.3460095081	0.2554242641	-0.5764504106	0.0790612446	0.0927304894	0.0164727785	0.1139650878	0.2744144267	0.1489704725	-0.1742502307	0.2086292251	0.0097142038	-0.3100087171	0.1051919782	-0.0234711413	-0.1879724156	-9.35897e-05	-0.070321536	0.0951357971	0.0862519473	0.0448024731	0.0458631911	-0.2012890087	0.0382833527	-0.1063942335	-0.1013839798	0.0462651033	0.0704869433737087	0.0001760596476998	0.0049684091861684	3.099699954817866e-08	0.2588501416791331	-0.0103962973654034	0.0001080829989098	0.0670033958473072	-0.0239537225859081	0.044272013937082	0.0019600112180451	0.0005737808257226	0.0013568959482909	-0.0006418770756467	1.8411666144882608e-06	4.120061802407594e-07	-0.0024400069563508	-0.0003432353335221	1.1781049417809573e-07	5.953633947040295e-06	0.0007321566115654	-9.403883478000452e-07	8.843302446780987e-13	5.36053303858928e-07	0.0	0.0	0.0	0.0	0.0	0.0	0.0
794.1683941561014	5.922801886656316	35.079582188579614	630703.4382764808	932.9297774565136	4.810313015119618	870357.96966506	23.139111303429196	755.5475708386913	-2.752789420370732	570852.1318002472	7.5778495929050305	837.0550658913977	679.8538575830893	1.646512	54.742607	0.3722903911286616	0.256429702376961	0.20712627	-0.0864650874	-0.2985796297	0.1098042221	-0.0064131015	0.270656608	-0.0548463032	-0.0558298122	-0.0077143874	-0.1800762506	0.0446927424	0.0964404803	-0.0135037082	-0.0561237417	-0.0272382098	0.1003783371	0.0925463363	-0.118197173	-0.0323358086	0.1402893521	-0.0628261252	0.0249991467	0.1420184355	-0.1554884978	-0.1384049303	0.0608409011	0.0261040823	-0.0977562936	0.10083895	-0.1740119291	0.0849052665	-0.0784377941	0.0201216963	0.0302388875	0.1157118405	-0.009566579	-0.0109079037	-0.0753996403	-0.0562403603	-0.0504778393	-0.0520064801	-0.0825811821	0.0813821832	-0.0613134021	0.0117189525	-0.0431527675	-0.0551564457	0.0586867716	0.0783771154	0.1592269581	-0.005873348	0.0067862982	0.034381598	0.0541405972	-0.0007565431	-0.2080047262	0.1686517387	0.0910039944	-0.1528464341	-0.0649982775	0.0093958781	-0.0354902852	0.0916860442	0.1024763805	0.0680491029	-0.1508494469	-0.1317057247	0.0092088119	-0.0538706345	0.0372138461	-0.2037771733	-0.0941476904	-0.0383105969	0.0168463885	0.1393180677	0.1521703037	-0.0473135004	0.1539922107	-0.1015075732	-0.1549428316	0.0591269036	-0.0428997105	-0.0987773931	0.199056369	0.0252197383	0.0564299094	-0.0041516544	0.1000508846	-0.0282817706	-0.0657242917	-0.0911529139	0.0771143191	0.0313216761	0.0338484993	-0.027544017	-0.3853402673	0.0709068074	-0.0965001895	-0.1599008086	-0.0706136566	-0.0733532705	0.1822329781	0.0138436341	-0.1452861877	0.1122106201	0.1143949865	-0.1064355098	0.0593333268	-0.0526638235	-0.0083413779	-0.203362285	0.1523947266	0.3317452079	0.1759261185	0.0350428114	-0.1100753719	-0.0948006283	0.0586099215	0.0805355313082287	0.01004858793452	0.0064859718030986	0.0001009741194777	0.0224224312781871	-0.236427710400946	0.0558980622454335	0.000502765424425	-0.1161383517594387	-0.0921846291735306	0.0084980058558613	0.0134881167493991	0.0010422627362473	-0.0003146332120435	1.086311611369709e-06	9.899405812087285e-08	-0.0020831213812024	0.0003568855751484	1.273673137490044e-07	4.339394688822594e-06	0.0007310861263641	-1.07048520129997e-06	1.1459385662022377e-12	5.344869241620647e-07	0.0	0.0	0.0	0.0	0.0	1.0	0.0
799.1859906372888	5.017596481187411	25.176274448024287	638698.2476309047	951.6148593172114	18.685081860697775	905570.840473316	349.1322841409772	757.6100407760335	2.0624699373422573	573972.9738846632	4.253782242440575	840.2482152531009	687.4023540238742	1.146291	38.111462	0.1180186681597957	0.0621251618048	0.1252705018	-0.0441594408	-0.0043897595	0.0283166031	0.1329897685	0.0908072588	-0.0450813446	-0.1067810502	-0.020541629	-0.1051748972	0.0909020364	-0.1089018579	-0.0653601661	0.0286104352	-0.0544691705	0.0552132275	0.0440412696	-0.1157265799	0.0071679046	0.1022580775	-0.0866699872	0.0713324553	-0.0757155878	-0.0565423995	0.0692323356	-0.0096151233	0.0447326492	0.1690084846	-0.0479530339	-0.0324265083	0.087565657	-0.0729644922	0.2294044093	-0.0403628988	0.043303441	0.1315083381	-0.1565696084	0.0163895113	-0.0209481861	0.045469491	-6.60778e-05	0.0977241161	0.1684653401	-0.0537337012	0.0865560354	0.0050274951	0.0114165281	-0.2237159817	-0.0751124664	-0.1174731749	-0.0672571138	-0.0922816761	0.0031306104	-0.1792997542	-0.04318009	-0.0626298868	0.050937321	-0.0940394846	-0.1003499633	-0.0196917636	-0.2048622395	0.1609259512	0.0528029994	-0.0434171731	-0.0186597048	-0.0226085993	-0.0773574674	-0.0174061389	-0.1207747397	-0.0332619593	-0.1235032286	0.0751068545	0.001397197	0.0795801406	-0.0214810494	-0.0174429316	0.0229112483	-0.0550974446	0.0589330719	0.1705586727	0.0386286397	0.0419173798	-0.0463457188	0.0334795099	0.1488949923	-0.0346154056	0.0842687598	-0.1797214478	-0.0485181967	-0.122937758	-0.0862340114	0.1111824491	0.0898716992	-0.0068347702	0.0403489369	-0.1611065376	-0.0320004219	0.0719308243	0.0099606749	-0.0470199829	-0.0389509269	0.12680494	-0.1363599168	0.1020921557	0.0400239137	0.0174395979	0.0004475123	0.0703363869	0.0542717057	-0.1209600635	-0.0655165239	-0.0081281752	0.0335120605	0.0939146893	0.0317782535	-0.1134548014	-0.0876327994	0.0703125971	0.0742109847304561	-0.0063245465777725	0.0055072702546639	3.999988941441503e-05	0.0604264279158286	0.0380039966376414	0.0014443037604338	0.0036513531906668	-0.1584363279629954	-0.0422979762035567	0.0017891187909166	0.0251020700183978	0.0012839223179845	0.0002416595817371	1.6484565186186913e-06	5.8399353445398374e-08	-0.002009233378337	7.388800286539958e-05	5.459436967437296e-09	4.037018768623515e-06	0.0004187907361502	-0.0003122953902139	9.752841074885209e-08	1.7538568068522642e-07	0.0	0.0	0.0	0.0	0.0	0.0	0.0
800.4786415858939	1.2926509486051143	1.6709464749297025	640766.055635198	956.4057210421732	4.790861724961815	914711.9032421992	22.95235606770409	758.9328389232943	1.3227981472607553	575979.053996171	1.7497949383964868	843.3330223596379	715.0532554294138	1.015503	33.763077	0.1163137834487887	0.0657537048768583	0.0220557586	-0.1047970776	-0.0739495916	0.0988073143	0.0001331526	0.0170420892	-0.0726261211	-0.0282672777	0.0384752923	0.0501724911	-0.0055752811	0.0325570308	-0.0036670528	0.0069860217	0.0765155289	0.0187259836	0.0464835415	0.0892244709	0.0985672955	-0.0045338698	0.1464292761	0.1449728662	0.0176787569	-0.0862964167	-0.0494954698	0.046958152	-0.0423648527	-0.084188726	0.0458576604	0.0397263553	-0.0560567219	0.0819948384	0.0289479909	-0.0596638095	0.0530593785	-0.1123630311	-0.077414844	0.0051911031	-0.1303222245	-0.0476621848	0.0617619187	0.0084490741	-0.0100946046	0.1766991521	-0.0636274489	-0.027832524	-0.0366116257	-0.238003404	0.1981631119	0.1771277226	-0.0730076016	-0.2645141229	0.0032583241	0.2325041038	-0.116410379	-0.1056954808	-0.0434459653	-0.0211352842	-0.063991819	0.1106915376	0.0097076263	-0.0642323962	-0.0015689426	-0.0575604723	0.0765475217	-0.0100842335	-0.0545917454	0.0095869026	-0.018761485	-0.1331996813	0.1107332934	0.0160995439	0.1047448167	-0.0776901447	0.1621545096	0.0368848421	0.2063466542	-0.1908284832	-0.0638120514	-0.071710859	0.1856499865	-0.0176436332	0.0093463416	0.1129094527	-0.1110308209	-0.0280541125	0.1853578544	-0.0334252147	-0.0473228893	0.0177823847	-0.0971792924	0.038196885	-0.0774528547	0.0159250354	-0.0680843206	-0.1734367403	-0.0061175609	-0.036131451	0.0547787395	0.0264671044	-0.0038091148	-0.0321099653	-0.1152530363	-0.0198122151	-0.1137764155	0.0909582696	-0.1672821896	0.0421723018	0.2379067357	0.0177245421	-0.0745533273	0.0857519497	-0.0095627775	0.0466607068	0.0284919163	-0.1165232592	-0.0799246852	0.0812449131	0.0682256141278401	-0.005985370602616	0.0046547344231209	3.582466125065985e-05	0.121813312814254	0.0613868848984254	0.0037683496375325	0.0148384831787832	-0.1508985640735431	0.0075377638894522	5.681788445313096e-05	0.0227703766394571	0.0008442813705956	-0.0004396409473888	7.128110327347849e-07	1.9328416262100946e-07	-0.0017118675168481	0.0002973658614889	8.842645557903574e-08	2.93049039523968e-06	0.0003277222638621	-9.10684722881e-05	8.293466644888435e-09	1.0740188223089989e-07	0.0	0.0	0.0	0.0	0.0	0.0	0.0
798.3298918111174	-2.1487497747765474	4.617125594602263	637330.6161591504	953.9782294381596	-2.427491604013653	910074.4622419658	5.892715487556779	758.0192077257618	-0.9136311975324816	574593.1192811916	0.8347219651046364	841.9082136633072	706.7000305946499	0.9556420000000002	31.772837	0.1155520182735008	0.0657374230624472	0.0599898116	-0.0630571749	0.0036919679	0.1035626537	-0.0697081386	0.0600958069	-0.0498171042	-0.0576929783	0.104670733	0.1163587314	-0.0326687424	0.0555750595	0.0734164982	-0.0828561372	-0.1339859699	0.0283246134	0.1849394803	0.0708703065	-0.0059713169	-0.1033157529	-0.0112805858	0.1234720315	-0.02016535	-0.0287267263	-0.0158155101	0.0059336035	-0.066951118	0.131961651	0.0850689271	0.0024512515	0.1279347968	0.0754119965	-0.0051869794	-0.0221091039	-0.0526316734	0.0916390008	-0.0115446057	0.0842271398	-0.1022544533	0.1093402982	0.2028682975	-0.0934845576	-0.1153044098	0.0358439847	-0.078545435	0.1890029871	0.0054589633	0.0386107024	0.0478966593	0.0804445181	0.0964398136	0.1503176011	0.0101112845	-0.1557847163	-0.0963048389	-0.09680247	0.0176217639	0.0206044651	0.0459765983	0.10208083	0.0449600368	-0.1209915482	-0.0100970813	0.0218015726	-0.0837809735	0.1315493709	-0.0116326868	-0.0323032294	-0.0767587676	-0.0763135425	0.065070094	-0.0860476701	0.0352068565	-0.015510305	-0.2414922181	0.0390711114	0.1985631244	-0.0532709505	0.0711646221	0.0252123343	0.0598022654	-0.0066206908	-0.0437521091	0.0568497416	0.0753380958	-0.0455405364	0.0027696984	-0.0854317563	0.0949591033	-0.2328270792	-0.1099685459	-0.0236396783	-0.1214618864	-0.1234068444	-0.0320223543	-0.1419513727	0.0817009621	0.0432059092	-0.0083722531	0.0834355613	0.0260744106	-0.1560113889	-0.033224738	-0.0784434602	-0.1295672305	0.0402660749	-0.1082087394	-0.0136548738	0.2609738135	0.1373556197	0.1407464493	-0.0623724994	-0.1076139263	0.250190517	0.0251860523	-0.1192723348	-0.0717238087	0.0912870929	0.05819223811541	-0.0100333760124301	0.0033863365768805	0.0001006686342068	0.0606688594061921	-0.0611444534080619	0.0037386441825706	0.0036807105016483	-0.1452029760440893	0.0056955880294538	3.243972300125744e-05	0.0210839042520603	0.0013188321322405	0.0004745507616449	1.7393181930300238e-06	2.2519842537775479e-07	-0.0020097852875593	-0.0002979177707112	8.875499810553122e-08	4.039236902089819e-06	0.0003288257479771	1.1034841150000063e-06	1.2176771920573477e-12	1.0812637253269928e-07	0.0	0.0	0.0	0.0	0.0	0.0	0.0
796.0430297400575	-2.286862071059886	5.229738132052312	633684.50519773	948.0647929238936	-5.913436514265982	898826.8515818253	34.96873140825421	755.7293649235127	-2.2898428022491544	571126.8730076958	5.24338005901226	838.8197737059377	698.200833537161	0.957517	31.835165	0.0991559907995337	0.0547128743131605	0.0882710696	-0.0629128022	-0.1067087611	0.1034065195	-0.0441754742	0.1068333692	-0.0412923382	-0.0820025837	0.1168979955	0.1269360888	0.0150551384	-0.0825936724	-0.0188983179	0.0974919347	-0.0190244931	-0.1383716957	0.1188889491	-0.0471154575	0.0077813669	-0.1044331072	-0.0044151553	0.0772769281	0.1074841371	-0.0386634007	0.0466684881	0.15125249	0.0355280506	0.0709998463	-0.0538603223	-0.0619267882	-0.0988190337	0.0938093755	0.0704120223	0.2166217325	0.0601134748	-0.1253755876	-0.0747105618	-0.0964845179	-0.0460709292	-0.1500082821	0.1354433386	-0.1679649597	0.1046189575	0.1209927876	-0.1050539612	0.0971623392	0.1190426335	0.0897271576	0.0024437241	-0.0555504901	0.0232320218	0.0011237473	0.1563395715	0.0217272048	0.1060142993	-0.1234753551	0.064383877	-0.0085045592	0.0269327565	0.0322998994	-0.1546834428	-0.1462382176	-0.0941245254	-0.044869466	0.0077318063	0.0999881732	0.0709438053	-0.0001455451	0.0105474505	-0.0173534101	-0.0062845001	0.0134619892	0.0915991977	0.1600565766	-0.0533279923	0.0754516896	-0.0205140452	0.0012208951	-0.0407792596	-0.072416579	0.073721743	0.0671890458	0.066556011	0.0856902237	0.1341463444	-0.0776310521	0.1483073543	-0.0987197011	0.1316160921	0.1396816652	-0.0735777958	0.0934400627	0.0094670044	0.087316534	0.0119460882	-0.1869961935	-0.0129506537	0.0334100659	0.029217423	0.0244046348	0.0165176087	-0.0956188572	-0.0369951176	-0.0034586237	-0.0629606599	0.1083039185	-0.0452352711	-0.1012079984	-0.0510053812	-0.0924140744	-0.0305888881	-0.0087851997	0.0004696926	-0.0469003849	0.0218629269	-0.1216944932	-0.063080731	0.1003291122	0.065951496817405	0.007759258701995	0.0043495999324561	6.020609560448517e-05	0.1029703992646347	0.0423015398584425	0.0017894202743954	0.0106029031247182	-0.1221132313241781	0.0230897447199111	0.0005331363112306	0.0149116412644322	0.0007998306769662	-0.0005190014552743	6.397291118162098e-07	2.693625105768413e-07	-0.0020098711794225	-8.589186319997445e-08	7.377412163963123e-15	4.039582157873192e-06	0.0003278041447309	-1.0216032461999845e-06	1.0436731926463457e-12	1.0745555730275685e-07	0.0	0.0	0.0	0.0	0.0	0.0	0.0
798.1508363256768	2.1078065856193007	4.442848602380094	637044.7575273772	950.7011881483362	2.6363952244425946	903832.749146658	6.950579779463719	756.4584410104692	0.7290760869565247	572229.3729759895	0.531551940571838	840.1191931512392	692.8841075384584	0.937405	31.166485	0.0474277982645689	0.0278053858576894	0.0972061394	-0.0413150155	-0.0513074959	-0.0431294876	0.0702027413	0.0979409553	-0.0530172107	-0.0689767328	-0.0876297783	0.0364608463	-0.1316302947	-0.1266992588	-0.0226626787	-0.0861880456	-0.019119135	-0.0667761484	0.0812992022	-0.103155579	-0.026494497	0.1149202582	0.0336282834	0.028141256	0.0805504474	0.0317467727	0.0575644591	-0.0420116482	0.0032721857	0.0095244103	0.1236488788	0.1256988501	-0.0794537987	-0.0592505629	-0.0763398756	-0.1100507952	-0.1227799746	0.0927591544	0.0611691437	-0.1334715779	-0.0765447603	-0.0020668944	-0.042413868	0.0389539217	0.0902866213	0.1786867234	-0.1548721709	-0.0388489752	0.1006847219	-0.0298324384	-0.0061585481	-0.0618731138	0.0070692216	-0.0734499167	-0.0368137979	-0.0684731937	0.0388408389	-0.093787334	0.0599067904	-0.0796804135	-0.014209264	-0.0997151086	-0.0572677592	0.0532869973	-0.1235964699	-0.0128883161	-0.1891367571	-0.0446207742	0.0242144363	-0.0756150524	-0.0746387927	-0.1058359205	0.0506458907	-0.0273369696	0.0709680876	-0.0313567193	0.1193427333	-0.0817420393	-0.0755741396	-0.041297075	0.0764620506	-0.0161724274	-0.0200556207	-0.0918972635	-0.0064714641	-0.1327627673	0.0366632905	-0.1950369984	-0.0468371477	-0.0154162134	-0.1678195585	-0.0745253574	-0.0643657845	0.070149399	-0.0337166861	-0.0223173407	-0.0724380737	-0.1490923631	0.025687383	0.0182543508	0.0709046066	0.0443364472	-0.1032493798	-0.117118007	0.0722004662	0.0995745574	0.0461780676	0.0346787984	-0.0090639205	-0.0412801629	0.0446696616	0.0127833639	0.0669452456	-0.0554992158	-0.0296220713	0.058100441	0.0185248178	-0.1237830955	-0.0540487397	0.1082719048	0.0623084145274077	-0.0036430822899973	0.0038823385209192	1.3272048571691991e-05	0.1285326962623685	0.0255622969977337	0.0006534310278003	0.0165206540084742	-0.131900797826681	-0.0097875665025028	9.579645804091656e-05	0.0173978204673149	0.0006318292653013	-0.0001680014116648	3.992082204911806e-07	2.822447432139918e-08	-0.0020098979725948	-2.679317229973416e-08	7.178740818832418e-16	4.039689860240687e-06	0.0003271353000814	-6.688446495000289e-07	4.4735316516481653e-13	1.0701750455934763e-07	0.0	0.0	0.0	0.0	0.0	0.0	0.0
797.1822865794766	-0.9685497462002104	0.938088610864492	635499.5980360827	947.8247799163169	-2.876408232019344	898371.8134234145	8.273724317228647	757.0556032168939	0.5971622064247413	573133.1863620952	0.3566027007820653	840.3642306935452	698.6890952717496	0.907806	30.182379	0.0544233592681873	0.0367079442035759	0.0790695835	-0.0669718731	-0.0757288909	-0.0751216891	0.0486279063	0.1108758774	-0.0995216667	0.0897993415	-0.0160703426	-0.0559887899	-0.0186906571	0.0842147424	-0.0560371558	-0.063099835	-0.0122972782	-0.0641033489	0.1726523833	-0.0260610446	-0.1097332806	0.0550589779	0.0360250561	0.0336221929	-0.122271323	-0.0409607364	-0.0624292442	-0.0174933928	-0.1083922799	0.05636485	0.1592428358	0.0014419332	-0.0197049329	0.1540489916	-0.1905926385	-0.0605617649	0.0471342107	-0.1168888153	0.1122784565	-0.0452317341	0.151889973	-0.0220118895	0.0120584987	0.1350765471	-0.0134360802	-0.1375817096	-0.0372404404	0.0827185929	-0.1059338887	0.0689371211	-0.023168166	-0.0511144763	0.0594473055	0.0193302828	-0.151233513	-0.0021632703	-0.0419551392	-0.1127124642	0.076028951	0.0105543697	0.0346608052	-0.0625352139	0.1048705088	-0.0069527236	-0.0225239048	0.0421831342	-0.0436000554	0.0979633455	0.0590851716	-0.1481443862	-0.1377747445	-0.0716869922	0.0059808759	-0.0484392076	0.0761995063	-0.0310068668	-0.0722468682	0.0513589862	-0.0396100711	-0.0332534138	-0.0092476477	0.0230476589	-0.0623103379	0.0164207827	0.0495694466	-0.0424061825	-0.1695291442	0.1298776826	-0.1406600074	0.1135068068	-0.1698897683	0.1016361086	-0.073781556	0.0600237191	-0.040213043	0.0392997579	-0.0178229498	-0.1406789567	0.0240755593	0.0074750086	-0.023672725	0.0707658478	-0.0610163194	-0.0571980201	0.0560023718	0.0846355616	0.0183952475	0.1228076666	0.06582297	-0.0499774911	-0.0543671675	0.0829311125	0.0411634197	0.0628962761	-0.0910443494	-0.0547062758	0.0151740128	-0.1255324169	-0.0446835199	0.1150284477	0.0628043651892653	0.0004959506618575	0.0039443882868265	2.4596705899699e-07	0.0932674151566317	-0.0352652811057367	0.0012436400514666	0.0086988107299994	-0.138948599098839	-0.007047801272158	4.967150277183208e-05	0.0193067131915298	0.0007602250228227	0.0001283957575214	5.779420853257748e-07	1.6485470549494145e-08	-0.0020099175230172	-1.955042239990684e-08	3.8221901601477924e-16	4.039768449331596e-06	0.0002232640834565	-0.0001038712166248	1.07892296431369e-08	4.9846850961671e-08	0.0	0.0	0.0	0.0	0.0	0.0	0.0
801.0839254065133	3.901638827036777	15.222785536640917	641735.4555447082	955.792511716802	7.967731800485126	913539.3254539132	63.48475004446195	759.4182797639266	2.36267654703272	576716.1236396015	5.582240465898457	842.4700413615349	697.4655523432748	0.954457	31.733444	0.0602731688690642	0.0307424184871215	0.0748014096	-0.0374991009	-0.062472278	0.0365040643	0.1214081179	0.0802094309	-0.0289803059	-0.04341622	-0.113409305	-0.1393754331	0.1987165072	-0.0725974482	0.0255887773	0.093613587	0.0528090758	-0.0141920205	-0.0446474531	0.0210944053	0.0499379516	-0.0744869555	0.1810349977	0.1496612819	-0.0353611074	-0.0380843553	0.0489668554	0.0548900137	-0.0076694703	0.1168961933	0.1657343878	0.0842396479	0.0111344795	-0.0103099501	0.0043918817	0.0243148294	-0.0737397086	-0.064896052	-0.0018297815	0.1127461085	0.0267909158	-0.0545430986	-0.2752659865	-0.0178834607	-0.1232418774	-0.1088818266	0.1244123713	-0.0712180286	0.1092764136	-0.1520366898	-0.0639818114	-0.1087233211	0.1178090159	0.0875266652	0.009563486	0.0287542841	0.0747820446	-0.0747017892	0.0144170762	0.0031103114	-0.1294882526	-0.1197935601	-0.0590874527	0.1550923756	-0.0206799311	-0.075010573	0.0960420315	0.0839786431	0.1383524428	-0.0256245862	-0.0603112505	-0.0807981021	0.0382212186	-0.1085179438	0.0337638275	0.1599203958	0.0062280937	0.0355317515	0.163407756	-0.0041318114	-0.053637483	0.1005487935	-0.0306085158	0.0493933239	0.0698126717	0.0174341829	-0.0279439002	0.0619983184	0.0100466082	0.1469259107	-0.0979969723	-0.0186787998	-0.0873293507	0.0552453062	-0.0473752727	0.0088604958	-0.0840880819	-0.1022870545	0.0009714163	0.0824590568	0.0351523867	-0.095330973	-0.0531274404	-0.0211160532	-0.0590981627	0.1190150855	0.1226264682	0.0126158648	0.1223378132	0.0731521445	-0.0401468117	0.0506018594	-0.0139773529	-0.040471421	-0.1453808115	-0.0479362538	0.0118128082	-0.1269376627	-0.0350428114	0.1205247148	0.0740570843324519	0.0112527191431865	0.0054844517398238	0.0001266236881154	0.1111581322126227	0.017890717055991	0.0003200777567775	0.0123561303569989	-0.1602619085048857	-0.0213133094060467	0.0004542571578378	0.0256838793176283	0.0006678293900828	-9.239563273989996e-05	4.459960942583647e-07	8.536952949406476e-09	-0.0020098920867785	2.5436238699962785e-08	6.470022392014843e-16	4.039666200494833e-06	0.0003271714797547	0.0001039073962982	1.079674700547119e-08	1.0704117716488009e-07	0.0	0.0	0.0	0.0	0.0	0.0	0.0
803.491741296867	2.4078158903536178	5.797577361839385	645598.9783322713	966.4819777536054	10.689466036803424	934087.4133225206	114.2646841519739	757.289041876941	-2.1292378869856066	573486.6929468954	4.533653979374931	843.8295849868082	728.5938614782523	0.983157	32.687622	0.0986470087382325	0.0513729278236991	-0.0545934791	-0.1083629622	0.0479924395	0.1363284011	0.1280640859	-0.0696439427	-0.0659416116	-0.0991352008	0.0649615685	-0.0398297055	0.0764802755	0.0434856528	-0.0246913615	-0.0561787343	-0.0189183147	-0.0014572038	0.0254698283	-0.0289777966	-0.0303309668	-0.0819180723	0.0721589538	-0.0145213568	-0.124205842	0.0730846168	-0.0349602119	-0.037835294	0.0465600179	0.0051282136	-0.0130255309	0.1680326886	-0.1298505119	-0.0684710106	0.0006057768	-0.0826110123	0.1858981104	0.0803036335	-0.1053132305	0.0555979706	0.0104974193	-0.0836624296	0.147785084	0.0143495909	-0.128141355	0.0566559501	0.0903358042	-0.1235816085	0.1699277695	-0.023870883	-0.007265492	0.0361774029	-0.0862280122	0.0094496164	0.0266054823	0.0492045169	-0.0059443715	-0.0052984803	-0.0659792826	-0.0122406238	-0.1419760412	0.1084220728	-0.037347286	0.0580006125	-0.007464597	0.1062710964	-0.0210956927	0.0109251708	0.1523772457	0.0123830714	0.032514505	-0.1550983839	-0.0302634874	-0.0368299336	0.0306385729	-0.0333044814	0.0444894877	-0.1116113511	0.0283853246	0.0503272162	-0.1142458012	0.0918611437	0.0476527202	0.1105797416	-0.1467046873	-0.0267682144	-0.0222925281	-0.2283214219	0.0989536812	0.0367446059	-0.0091905802	0.1508281359	-0.1166300806	0.0357407948	-0.0470059555	0.0612933868	0.0065645501	-0.0001130895	0.0800508863	0.0751838883	0.0122664754	0.1003062979	0.0466562436	0.0170144148	-0.1126294218	0.1147069562	-0.0060027646	0.1825591943	0.005816293	-0.0096270708	-0.0364928923	0.0226131324	0.0175281076	-0.0629334124	-0.0902461845	-0.0584424062	0.0084435077	-0.1279949812	-0.0251860523	0.124700488	0.058514505384835	-0.0155425789476168	0.0034239473404318	0.0002415717603429	0.0688985526922039	-0.0422595795204188	0.0017858720612426	0.0047470105630803	-0.1788635989286575	-0.0186016904237718	0.0003460228866218	0.0319921870217116	0.0010413419830371	0.0003735125929542	1.0843931256356397e-06	1.3951165709544453e-07	-0.0020803304994365	-7.043841265800014e-05	4.9615699777787154e-09	4.327774986885718e-06	0.0003280836710709	9.12191316199964e-07	8.320929973506225e-13	1.0763889522335849e-07	0.0	0.0	0.0	0.0	0.0	0.0	0.0
800.6477687650345	-2.843972531832492	8.088179761817713	641036.8496284281	958.0606721377542	-8.421305615851225	917880.2514970452	70.91838827556737	758.0904494007182	0.8014075237771294	574701.1294725828	0.6422540191665903	842.8556532324261	711.8685552121534	0.921367	30.633253	0.0756356458667574	0.0585941060937675	0.0170291133	-0.0671074465	0.0594635774	0.0763144874	0.0429170356	0.0127163213	-0.0604492336	-0.0361280293	0.0837118263	-0.0038942236	0.009608159	-0.0878381269	0.001743154	0.0438853435	0.0540426379	0.1455842979	-0.0253455921	-0.0476935405	0.0431043423	0.145640611	-0.0894349133	-0.0938936914	-0.1123337055	-0.1400110119	0.0209310962	0.2344238702	0.0764272314	0.0451023424	0.0890980294	0.0219235194	-0.0019038092	0.0914725696	0.1357295696	0.0499295186	0.1406933479	0.1121017833	0.0741885183	0.0370610527	0.0674970583	0.0792529847	0.0259635792	-0.0761971074	-0.1017771747	0.122564959	0.187976763	-0.0271917083	-0.0972206279	0.1194694203	0.0028030686	-0.0126870337	-0.0338039107	-0.0354169192	0.1037174286	-0.0059165164	-0.0033424671	-0.0960132992	-0.0466488965	0.0268039404	-0.1058497924	0.0873175188	-0.0641248153	0.0523381205	-0.0406710616	0.0363940476	-0.0721283686	-0.1262549834	0.1194641228	-0.0589921026	-0.1024891081	-0.0523712766	0.0145642799	0.1525277392	-0.0082904317	0.0619187304	-0.1165917289	-0.108258326	-0.0025537473	0.1091388596	-0.1755872363	-0.1722337945	-0.0773296853	-0.0096703718	0.0209849679	0.0104352844	-0.0159349363	0.0110012265	0.018633898	0.018304019	0.0157632253	0.0569612717	-0.1001032901	0.0446964892	-0.0446665825	0.0207133842	-0.0923102123	0.0164931885	0.0355815712	0.066689978	0.0137016871	0.0020118426	-0.0072084973	-0.0630150184	-0.0230827601	0.0960087834	0.0314514441	0.0794311232	0.0824629291	0.0286283225	-0.0529650267	0.0886318585	0.0577424191	-0.0633909226	-0.0775393934	-0.0328843171	0.0050684204	-0.1287014744	-0.0151740128	0.1275100165	0.0601908374609223	0.0016763320760872	0.0036229369142471	2.8100892293191533e-06	0.127481481692584	0.0585829290003801	0.0034319595702635	0.0162515281745366	-0.1827542223596125	-0.003890623430955	1.5136950681496085e-05	0.0333991057902666	0.0008463482268505	-0.0001949937561865	7.163053210929854e-07	3.802256495175919e-08	-0.002114863319431	-3.453281999450013e-05	1.192515656772548e-09	4.472646859874708e-06	0.0003278950200653	-1.88651005599992e-07	3.5589201913888216e-14	1.075151441836235e-07	0.0	0.0	0.0	0.0	0.0	0.0	0.0
804.0508062647962	3.4030374997616946	11.580664224784323	646497.6990550688	967.2170163147838	9.15634417702961	935508.7566488727	83.83863868822404	758.3084540894313	0.2180046887131084	575031.7115435031	0.0475260443008992	845.1573502852643	726.3676033621038	0.933981	31.052652	0.0441789556968003	0.0278363820341356	-0.0186015183	-0.1311833564	-0.0033355237	0.160626973	0.0188477888	-0.0338997916	-0.1247442211	-0.0779127642	0.0545730578	-0.0962403554	-0.0183517286	0.0167907389	-0.0758879495	0.0774723084	-0.0016292019	0.0055313193	-0.0081340849	-0.047263122	0.1397536107	-0.0524501057	0.0312231623	0.0730053737	0.087731408	-0.1480203194	0.1069633414	0.1329696205	-0.058186945	-0.0360115148	-0.1104134243	-0.0478611331	0.0184307393	0.0126187502	-0.0955485583	0.0423669497	0.0531286346	0.0280183272	0.0598236352	-0.0763384674	-0.0991735428	0.0464837887	0.0420172669	0.0591726161	0.1269198228	0.0480890977	-0.0091271198	-0.0158918351	0.0275035799	0.1362660721	0.0651454492	-0.1394605521	-0.0505673006	0.1917859251	-0.155462796	0.0813071024	-0.2092374637	-0.0988299535	-0.111506258	0.0018852326	-0.1444578347	0.0381491114	-0.0613565608	-0.1554417294	-0.0495330027	0.0561366397	0.1293158991	-0.0133226079	-0.0279039292	0.0955658724	-0.0483436708	-0.0795545537	0.0015893096	0.1040424001	0.0110593368	0.0225782549	-0.0378038319	-0.0629041588	-0.0827585536	0.0189878406	-0.123990957	-0.0376916774	0.1224310216	0.0282193384	-0.071246243	-0.0373211495	0.1241788795	0.0161348366	0.0290076346	-0.1428877612	0.0448198752	-0.0611831041	-0.12013178	0.0387395267	-0.0560239915	0.0813106102	-0.0654312312	-0.0152410265	0.0337202367	0.1048673341	-0.0438193087	-0.0198877572	0.0177563338	-0.0634960968	-0.0717251385	-0.07395976	0.0021912652	0.0936195282	0.0102405711	-0.068299685	-0.0804791744	0.0056363579	-0.0616996136	-0.1252155026	-0.0669593707	-0.1283879496	0.0016898595	-0.1290552057	-0.0050684204	0.1289225186	0.0559440128565	-0.0042468246044223	0.0031297325744882	1.8035519220726627e-05	0.1026907460755381	-0.0247907356170458	0.0006145805724342	0.0105453893295506	-0.1850361074523547	-0.0022818850927421	5.206999576479016e-06	0.0342383610611193	0.0006943302949066	-0.0001520179319439	4.820945584250861e-07	2.3109451632500224e-08	-0.0020098884470272	0.0001049748724038	1.1019723836194112e-08	4.03965156949341e-06	0.0003276976167612	-1.974033040999805e-07	3.896806446958938e-14	1.0738572803097033e-07	0.0	0.0	0.0	0.0	0.0	0.0	0.0
804.1030930925542	0.0522868277580528	0.0027339123570002	646581.7843210129	964.8351578340464	-2.381858480737378	930906.8817926492	5.673249822260571	760.4000434449	2.0915893554687277	578208.2260710058	4.374746031910086	845.764548981164	721.1489483653892	0.986407	32.7957	0.0680650216250955	0.0406138910442621	-0.0265485891	-0.0994009179	0.0180334361	-0.0265198489	0.096428486	-0.0240015914	-0.0755848319	-0.0408573182	-0.0218749991	0.0062849921	-0.1320342387	-0.0829391321	-0.0725261432	-0.1807503809	0.0689502411	0.004898538	-0.0179698196	0.0134467287	0.1296600838	0.0880214389	-0.0058115961	-0.0228064493	0.1314832593	-0.0254305812	-0.0088217902	0.0830797844	0.1711201421	0.0233777975	0.0570695096	0.096790434	0.105544978	0.0292260803	0.0312885795	-0.0352354926	-0.0774864092	-0.0775055756	-0.0958469616	0.0645986404	-0.0425463348	-0.0689832134	0.2299416651	0.0380655616	0.0261361593	0.044766321	-0.0455029325	-0.1521197212	-0.0506284146	0.002135715	-0.0173604126	-0.0132737155	0.0839484421	-0.0401355734	0.1093357523	0.0947688895	-0.1476088577	-0.0398064902	-0.0775851615	-0.0301910668	-0.0052143317	-0.0140214569	-0.0349976336	-0.018071097	-0.1311497898	0.0628083726	-0.1762921191	0.0086134799	0.056079491	-0.1027665991	-0.0097597412	0.0311800523	0.2818025453	-0.0089560032	0.0184508917	-0.0269489254	0.0160135156	0.0717303592	0.0085244004	-0.0005002621	0.0319722217	-0.0404084957	-0.030814473	-0.0378125465	-0.1293797547	0.1193716928	-0.0050661091	-0.0149187899	0.0358549639	0.0652476698	0.027155834	-0.1340823276	-0.1185607922	0.012935497	-0.0561896304	0.0270943559	-0.0244461093	0.0581470521	0.0315644383	0.0627828461	0.0020690782	0.0695171412	-0.0598333685	-0.0722673538	0.0520301898	-0.0179626862	-0.0264645012	0.0329429452	0.0860219903	-0.0331190141	0.0216532498	0.0132612253	0.0500860885	-0.1149322073	-0.0693729054	0.0264975025	-0.0016898595	-0.1290552057	0.0050684204	0.1289225186	0.0560151576729168	7.114481641680437e-05	0.0031376978891217	5.061584902980797e-09	0.0871461976393135	-0.0155445484362246	0.0002416329860861	0.0075944597629902	-0.1849648963437076	7.121110864707902e-05	5.071021994746093e-09	0.0342120128794385	0.0013840275485744	0.0006896972536678	1.915532255212863e-06	4.7568230171690573e-07	-0.002064984942119	-5.509649509180016e-05	3.035623771400759e-09	4.26416281117821e-06	2.4929020244659605e-05	-0.0003027685965165	9.166882303659565e-08	6.214560503586484e-10	0.0	0.0	0.0	0.0	0.0	0.0	0.0
807.3493371230102	3.246244030455955	10.538100305270923	651812.952152964	976.747835673339	11.912677839292542	954036.334492552	141.91189330277163	761.137661724209	0.7376182793090038	579330.5400949965	0.5440807259707756	848.6459588808839	741.1188533807707	1.058749	35.200897	0.2691371945205543	0.1454156043292681	-0.0909986205	-0.1775586409	0.1033902815	0.0224618362	0.1426461471	-0.1588769913	-0.1820340897	0.0124145928	-0.0062911223	-0.1190424583	0.0708254152	0.1144501872	-0.0297393498	0.1768516488	0.0215930835	-0.1892259567	0.004144852	-5.42904e-05	0.1718966829	-0.0308530786	0.1603083127	-0.0111569845	0.0027159039	0.0605073269	0.1517354715	0.0109709554	0.0894426074	0.0679316724	-0.0389911672	-0.0041932928	-0.0767236029	0.0222365935	-0.0102459139	-0.0177644938	-0.0015811124	-0.0289195406	0.0121677042	0.0797657147	0.0434725804	0.0538557461	-0.0439264456	-0.00817619	-0.1306322552	-0.0655570291	-0.0514051371	0.0163114323	-0.0102084973	0.0056309118	-0.021247021	0.0270242139	-0.0559668739	0.0290772065	-0.0326458566	0.016824277	0.1483833264	-0.0415467494	-0.2031221096	-0.0486072298	-0.068511653	-0.0788194938	0.0609556225	0.059324866	-0.0554393717	-0.0073439836	0.0154662705	0.2503378184	0.1736615939	0.0553000972	0.046963651	0.0363240334	-0.055293926	0.0190531108	-0.1828987611	0.0313257085	0.0216679246	-0.0122042523	0.0151084943	0.0934738839	0.1178510918	0.0759424991	0.0813747713	0.019340703	0.0223486868	-0.0673513083	-0.0064956119	-0.0049616128	-0.0985166253	0.0362387225	0.1057484584	0.129821978	-0.1678555326	0.0481586687	-0.1258402622	0.0837640015	-0.0207291791	0.2589212084	0.0275601723	0.0341942392	-0.0297691961	0.0035425587	-0.0150014664	0.1220428191	-0.0461919881	0.025712708	0.0891030322	-0.0356384731	0.1475148082	-0.3011636983	-0.1504420041	0.0250866871	-0.1770319756	0.0332741654	0.0756758718	-0.1667318493	-0.0050684204	-0.1287014744	0.0151740128	0.1275100165	-0.0067224272262933	-0.0627375848992101	4.519102781280942e-05	0.0039360045589855	0.0870638267751786	-8.23708641349008e-05	6.784959258330287e-09	0.0075801099327383	-0.285723315593259	-0.1007584192495513	0.0101522590496683	0.081637813073605	0.0016797981454644	0.00029577059689	2.821721809505637e-06	8.748024598466688e-08	-0.0013323912819014	0.0007325936602176	5.366934709910205e-07	1.775266528086856e-06	-0.0010578831128009	-0.0010828121330455	1.1724821154706748e-06	1.1191166803493218e-06	0.0	0.0	0.0	0.0	0.0	0.0	0.0
806.2348444304578	-1.1144926925524032	1.2420939617527056	650014.6243738044	973.467047562836	-3.2807881105029537	947638.0926907049	10.76357062601754	761.2391034049277	0.1014416807187217	579484.9725527383	0.010290414587039	847.6260607031458	734.991239751015	0.996311	33.124966	0.1842963094377863	0.0874493550786895	-0.0820448803	-0.1012524504	0.0815991343	0.0469713256	-0.0424645403	-0.1212029518	-0.1419942523	-0.0384283484	0.0689276689	-0.0350832869	-0.0318425723	0.0977973274	0.0545195975	0.08880658	0.0215318002	-0.1296191785	-0.0813641653	0.0138678235	0.2060928361	-0.083693262	0.0350085137	0.0534657768	0.1453265954	-0.0495548915	0.1438923092	-0.0043683469	-0.0131087982	-0.0082912236	0.0495814358	-0.0851882101	-0.0484050766	0.0817055974	0.0869891274	-0.0790959411	-0.1183125978	-0.1247732618	0.1190830711	-0.0347204745	0.1238612148	0.1090121093	-0.0056935341	0.1580251417	0.0223968186	-0.0685755343	0.0753622319	0.0050144729	-0.2526766985	-0.0198931572	0.046023111	0.0835316473	0.0126483525	0.0688958177	-0.0161731129	-0.0980046693	0.1206889066	-0.0386085007	-0.1976988677	-0.0043092191	-0.0699878595	-0.0379711491	0.0175392097	-0.0305621222	-0.0718252928	0.053845515	-0.0094786187	0.2043034227	0.0514996881	0.1588763282	-0.0691656394	0.179240017	0.1232321955	0.1031261688	-0.0552798423	-0.060613246	-0.01386473	0.0143979285	-0.0327436707	-0.1187753673	0.0254633227	-0.0134474516	0.0685758428	-0.1633934303	0.0293557751	-0.1187759918	-0.024535871	0.2082014607	-0.0568571433	-0.0450068079	-0.078217219	-0.0285818852	-0.1193695198	0.0149105717	-0.0822116019	0.069013778	-0.1417395724	0.2153825714	0.0487617293	0.085643846	-0.0391494962	0.0919657128	-0.1064607483	-0.0015654209	0.0759406839	-0.1018787748	-0.0990822867	-0.33399055	0.1024748659	0.065164847	-0.0178687856	0.0458462305	-0.0998322944	-0.1616333657	0.1306325834	0.0918443172	-0.0084435077	-0.1279949812	0.0251860523	0.124700488	0.0263528430632931	0.0330752702895864	0.0006944723375185	0.0010939735047291	0.1216695527150335	0.0346057259398549	0.0011975562678243	0.0148034800578763	-0.250872719300844	0.0348505962924149	0.0012145640619368	0.0629371212894	0.0005730729625645	-0.0011067251828999	3.284126204224528e-07	1.2248406304648169e-06	-0.0014091740747601	-7.678279285869998e-05	5.895597279182029e-09	1.985771572975984e-06	-0.0006060967502409	0.00045178636256	2.0411091739519586e-07	3.673532706525799e-07	0.0	0.0	0.0	0.0	0.0	0.0	0.0
806.9088603813143	0.6740159508565284	0.4542975020090301	651101.9089618714	972.1201261155148	-1.346921447321165	945017.5395988444	1.8141973852537416	759.6943300993546	-1.5447733055731303	577135.4751851072	2.3863245656113365	848.1882481914874	737.7123295498513	1.127517	37.487274	0.4462816079967396	0.2048128153634232	-0.0696619808	-0.2113683301	0.0908645021	-0.0108012281	0.0593865687	-0.1364588159	-0.2486628305	-0.0014661695	0.1148853628	-0.039620966	-0.1988894845	0.1496455552	-0.1792249662	-0.0152729726	0.0013239091	-0.0395133855	0.0465317072	-0.0194040292	0.265815704	0.0598579417	0.0370828708	-0.0232458356	-0.0286166104	0.1557671256	0.2115300276	-0.0898362204	-0.0545757266	0.0011412159	0.0037381396	-0.0949705348	-0.0370549986	0.0225986852	-0.1151812342	0.0062616221	0.0783378987	0.0498195166	0.0365216382	0.1372224966	-0.0126483505	0.0226914972	0.00054063	0.0217404942	-0.1656799333	-0.0110522729	-0.0489313995	-0.0322069492	0.0412913185	0.0764378745	0.0602417105	0.0616095235	-0.0537097651	-0.051195999	-0.0409832118	-0.1550072963	0.1118135083	-0.1277222016	-0.2387994394	0.0132532681	-0.0475204557	-0.0734710568	0.1355216762	-0.006861137	0.038824285	0.1007588441	0.0787086639	0.1320355802	-0.1418816615	-0.105042544	0.2703814164	0.0516205012	0.0218262803	0.2093872475	-0.2398219348	-0.0038484963	-0.0563515598	-0.1621218135	0.0955317513	0.1345500586	0.0757718792	-0.0086375402	-0.1198863797	-0.201309664	-0.0354408623	0.1126409429	-0.0640518022	-0.0272136901	-0.1833178568	0.0561997292	0.1145886822	-0.0219841417	-0.2327698885	0.0033911992	-0.0203951904	0.0945583718	-0.0366242353	0.2885844958	-0.0905528066	0.0820787651	-0.0935635735	-0.1294344322	-0.0263009878	0.2599677562	0.1483443916	-0.1312799882	-0.2552165859	-0.2579876926	0.0263005424	0.0932880346	0.0560149802	0.1102241264	0.0741156378	0.1410657027	0.0660411222	0.1281405397	-0.0118128082	-0.1269376627	0.0350428114	0.1205247148	0.0746932691743182	0.0483404261110251	0.0055790844599471	0.0023367967965954	0.0461898426580518	-0.0754797100569817	0.005697186630286	0.0021335015647755	-0.3666716940168868	-0.1157989747160428	0.0134094025452867	0.1344481311932134	0.003048223897122	0.0024751509345575	9.291668926985633e-06	6.126372148840866e-06	-0.0022702152895266	-0.0008610412147665	7.413919735265701e-07	5.153877460800344e-06	0.0001909610426889	0.0007970577929298	6.35301125270124e-07	3.6466119824831895e-08	0.0	0.0	0.0	0.0	0.0	0.0	0.0
805.8580791931466	-1.0507811881676616	1.104141105407043	649407.2438008678	984.1477963738408	12.027670258325998	968546.8851074869	144.66485184301976	758.3773316187888	-1.3169984805657575	575136.1771132344	1.7344849978125143	847.9925810570948	739.9997819647732	1.212561	40.31477	0.5013072769102641	0.2739298375704748	-0.0676560002	-0.1671842858	0.1235063841	-0.0239167981	0.1049590398	-0.178758173	-0.1449002825	0.0612908432	-0.3036321484	-0.0937785015	0.1600584952	-0.0435843283	0.3797637197	-0.1613593903	-0.0810523251	-0.2157749838	-0.0057961881	-0.1315167545	0.1840063778	-0.005473636	0.0087416343	-0.0327439251	-0.0116099145	0.1065191741	-0.161270965	-0.0879144227	0.0547583243	0.042581251	-0.0942246184	-0.0223145455	0.1305223706	0.0187160683	0.0855548343	0.1247666566	0.0440337432	0.0443395735	-0.0450283087	-0.0567384656	0.0967556179	0.1398462575	-0.0174503284	0.0773208244	-0.0098594755	0.025802734	-0.067590515	0.129823162	-0.0494778401	0.1659290944	-0.0086869571	0.1391389061	0.0273034043	0.0368729215	-0.1098108477	0.0174703932	-0.0688655816	-0.0074039297	-0.1882196684	-0.1684295622	-0.0793345423	-0.0212716858	0.0743337548	0.0459545659	0.0317768036	0.0371049799	-0.1951769468	-0.1186993016	-0.0592619633	0.1925856139	0.0804379182	0.0283033819	-0.0977324814	0.0229258361	-0.0395818149	-0.0111356338	-0.0627702876	0.212411253	-0.0365814324	-0.1157632395	0.1968100221	-0.0270467816	-0.1628881378	0.3965033847	0.0951936601	-0.0899654678	-0.0467689859	-0.009738088	-0.013503872	-0.0098294295	-0.0515516724	-0.0389155727	-0.0759227205	0.0229863489	-0.099551197	0.0615867461	0.0395408967	0.2022693233	-0.1535969177	-0.0111215048	0.1757191615	-0.016133803	0.2405890591	0.0374446419	-0.0710267708	0.0461307826	0.0694256488	-0.0009129963	-0.2585993037	-0.2818890823	-0.1313406057	-0.1868557908	-0.1399762588	0.3231581364	-0.0181063528	0.1681323746	-0.0151740128	-0.1255324169	0.0446835199	0.1150284477	0.0383783343655892	-0.036314934808729	0.0014728965486769	0.0013187744901622	0.1169649549457432	0.0707751122876914	0.0050091165193353	0.0136808006854597	-0.1617535146181481	0.2049181793987387	0.0419914602480936	0.0261641994913234	0.0001747333035207	-0.0028734905936013	3.0531727359257074e-08	8.25694819151515e-06	-0.0018390251403719	0.0004311901491547	1.8592494472805245e-07	3.3820134669198866e-06	-0.0002903392228572	-0.0004813002655461	2.316499456147464e-07	8.429686432932286e-08	0.0	0.0	0.0	0.0	0.0	0.0	1.0
805.9093777887281	0.0512985955814428	0.0026315459086284	649489.9252078148	967.294753149046	-16.853043224794874	935659.1394696736	284.0250659368044	761.57017139885	3.192839780061149	579989.1259644737	10.194225861140929	845.95181834466	716.2514022424112	1.412791	46.971951	0.3943872016434972	0.2380463610206926	-0.0629306635	0.2044700581	-0.0896789796	-0.103884785	-0.0136712975	-0.0488729835	0.2042918509	0.0538737689	-0.0537250936	-0.1578464211	-0.0454749417	-0.1505143456	0.2246045855	-0.1012456746	-0.1380932478	-0.1270850426	-0.2251847031	-0.0259614707	-0.0394578589	0.0323099515	0.0427056805	-0.0565545676	0.0949545967	-0.0655731067	-0.197193347	0.0026824492	-0.0385714997	-0.0468223348	0.1071491236	-0.008246827	0.0144489593	-0.0383931769	0.0193581667	0.017207736	-0.184950839	0.0507786853	-0.1284598732	0.163186969	0.0645130637	-0.0276655227	0.1161888882	-0.0895497516	0.1806510189	-0.0564412285	-0.0506850341	0.0012422488	0.1355895645	0.1810241294	0.0686880234	0.0251844755	0.0179272909	-0.004235468	-0.0604853208	0.0345221828	0.0062843306	0.2223409684	0.0140425173	0.0388595284	-0.0853722685	-0.0316765607	-0.0408233765	0.021268202	-0.0706470696	0.0313995245	-0.2084599625	-0.0753280988	-0.2026285995	0.3377032522	-0.1214764088	0.0159031604	0.0541723365	0.0042302632	0.0379419218	-0.2357888235	0.0338320548	-0.0373791438	-0.1192252703	-0.1403600728	-0.0682798836	-0.0309962903	-0.0137031674	-0.0906290471	0.100641891	0.1058874458	0.0866187517	-0.0430466802	-0.0285164002	0.0212365894	0.1191417025	0.0992097598	0.1912710794	-0.0435646165	-0.0294177934	0.0376872814	-0.1353804114	0.0112505795	0.0340160746	-0.0339038555	0.0351116359	-0.0382227335	0.0545447381	0.0451821323	0.1384513177	0.0306843729	0.1135997767	-0.140765248	-0.062169615	0.0854692091	-0.0185121346	-0.0532465539	0.0785006354	-0.0077898365	-0.0891057835	-0.063249256	-0.0185248178	-0.1237830955	0.0540487397	0.1082719048	0.0250946216616654	-0.0132837127039237	0.0006297400363421	0.0001764570232003	0.1554629101804039	0.0384979552346606	0.0014820925572499	0.0241687164417603	0.0471476199844147	0.2089011346025628	0.043639684038238	0.0022228980701947	-0.0015146760400956	-0.0016894093436163	2.294243506439688e-06	2.8541039302980573e-06	-0.0009372176208193	0.0009018075195526	8.132568023216131e-07	8.783768687741891e-07	-0.0003732103417353	-8.28711188781e-05	6.867622344108183e-09	1.3928595917817942e-07	0.0	0.0	0.0	0.0	0.0	0.0	0.0
805.9220619513472	0.0126841626191662	0.0001608879813494	649510.3699399112	969.5731629243134	2.2784097752673915	940072.1182630572	5.191151104034006	760.3573963236364	-1.2127750752135853	578143.3701440595	1.4708233830593174	845.8057473854163	728.6283464440601	0.994568	33.067024	0.1415880241510947	0.0779711300378963	-0.0919999562	0.1309366427	-0.035407261	-0.0360001014	-0.0613153079	-0.107641449	0.1024770767	0.0074721459	-0.0706704372	-0.0320429948	-0.0315662062	0.0261599283	-0.0878704488	0.0907136775	-0.0796498561	0.0977033099	-0.1408440436	0.0099223705	-0.0294066319	-0.1076811576	0.0869305573	-0.0047449039	-0.026667525	-0.0265920821	-0.195578158	-0.204394936	0.0543935241	-0.1299180667	-0.0398987332	0.0467531027	0.0441299891	-0.0832336021	-0.0654805756	0.0468966839	0.1273588941	0.1296360967	0.067078895	-0.0757726828	-0.1553013522	0.1106431521	0.0052795665	-0.026377016	-0.0158963773	-0.0393345776	0.2493941961	-0.0537413868	0.1459512147	-0.0887901646	0.0615588437	-0.1286249824	0.0776855861	-0.0642801189	0.0721102979	-0.087045665	0.0921034834	0.1745930209	0.0195517925	-0.0595348556	-0.0192349426	-0.0038198904	0.0196897297	-0.0996995635	0.0656568779	-0.0339304683	0.1900586103	-0.0953283025	-0.215230955	0.1222227405	-0.0601220973	0.0635146916	-0.0889371079	-0.0991061396	-0.0400208871	0.0063572785	0.1344168478	-0.1046293771	0.1833501794	-0.0460981849	-0.1587093642	0.0561593429	-0.0929306545	-0.0593936745	-0.0097732193	-0.027379417	-0.1382296507	-0.1635787411	-0.00117294	-0.0441247309	0.0852387946	0.0193090486	0.1585511544	-0.0657873003	-0.0342340691	0.0392155321	0.00879371	-0.011899299	0.0468282061	0.0572223179	-0.0317299415	-0.0245197641	0.0765157532	-0.0242813421	0.0919391401	-0.0572630727	0.1611779916	-0.0458596438	-0.0789254184	0.05380043	0.0204018322	-0.1144266698	0.0468707762	0.0157071863	-0.0192209481	-0.1433165804	-0.0218629269	-0.1216944932	0.063080731	0.1003291122	0.0430237667332988	0.0179291450716334	0.0018510445039213	0.0003214542429996	0.0835725054387666	-0.0718904047416373	0.0051682302939164	0.0069843636653126	0.0436430740812952	-0.0035045459031195	1.2281841987071677e-05	0.0019047179152654	-0.0013740023424968	0.0001406736975987	1.8878824371866936e-06	1.9789089196118605e-08	-0.0004779947115043	0.000459222909315	2.108856804397327e-07	2.28478944226079e-07	-7.828379955009167e-06	0.0003653819617802	1.3350397799441393e-07	6.128353271998933e-11	0.0	0.0	0.0	0.0	0.0	0.0	0.0
804.1548662481978	-1.7671957031494685	3.1229806532299444	646665.0489106568	960.2182720536036	-9.35489087070971	922019.1299856084	87.51398320288787	760.7756036793963	0.4182073557599324	578779.5191537499	0.1748973924117146	844.344632397975	720.077925663507	0.956197	31.791285	0.0351030747002732	0.0176454195732261	-0.0698402958	0.1483604034	-0.0667987037	-0.1308386956	0.0385979228	-0.0220243706	0.1301042249	-0.0032086448	-0.1462371022	-0.0171427194	-0.1402144058	-0.0100539277	-0.0176242115	-0.1031255266	-0.0247265675	0.1048153059	-0.1336318423	0.0145056246	-0.1986787453	0.000627243	0.0486266897	-0.0711687581	0.0157503188	0.0443752483	-0.0873325615	0.1444880782	0.0510396365	0.054155187	-0.0304236448	-0.11942626	-0.0332545092	-0.104081278	0.0792113826	-0.0710686047	-0.0187828393	-0.1298697106	0.0020684386	-0.1774119317	0.1292086306	0.0216043948	-0.1339759591	-0.0458710097	-0.0849155862	-0.0628711588	0.018453882	0.0094255412	-0.0944910228	0.0216663226	0.1625868413	0.025980649	-0.1304252158	-0.0753811607	0.0157062492	-0.1059878193	0.0261648167	0.1696522036	0.0590714969	-0.0568766519	0.0427681977	-0.1066358094	0.0590414882	-0.0273275938	-0.0599303852	-0.0040723725	0.0197404736	-0.0867653997	-0.0490553934	-0.1268703295	-0.0543771403	0.0954784523	-0.0414042269	-0.1348474059	0.1522758974	-0.0322488097	0.0888673609	0.1277262323	-0.0575179021	0.008268086	-0.0851750399	0.0697784545	-0.007324406	0.0383589371	0.047057062	-0.1098391697	0.0495537323	0.0124366202	-0.080223042	-0.0718882894	0.0563856268	0.029417663	0.1533421446	-0.0464864559	-0.0403464508	0.0303624726	0.0348794769	-0.0054556242	0.0171044565	0.0225730135	0.0096985034	-0.0068505405	-0.0410548903	-0.0648382225	0.1824697841	0.0366373162	0.162439317	-0.0884112735	-0.0281686668	0.1096090739	0.09067822	-0.0418109732	0.1936000674	0.0884543862	0.06025806	-0.056875147	-0.0251860523	-0.1192723348	0.0717238087	0.0912870929	0.0430711649480883	4.73982147894958e-05	0.0018551252499854	2.246590765231178e-09	0.075633378890501	-0.0079391265482656	6.302973034937573e-05	0.005720408002394	0.0380412397456879	-0.0056018343356072	3.1380547923588867e-05	0.0014471359213889	-0.0014889859178733	-0.0001149835753764	2.2170790636249933e-06	1.322122260636322e-08	-0.0007445310177525	-0.0002665363062482	7.104160254843424e-08	5.543264363955735e-07	4.094605045250788e-05	4.8774430407517045e-05	2.378945061577723e-09	1.6765790476593203e-09	0.0	0.0	0.0	0.0	0.0	0.0	0.0
806.473998567543	2.319132319345272	5.37837471463178	650400.3103655215	963.1594172268047	2.941145173201108	927676.062992678	8.650334929844172	760.5639833438471	-0.2116203355492416	578457.5727598597	0.0447831664179736	845.46409892006	729.0369706529506	0.958497	31.867746	0.036053257871103	0.0194707443340045	-0.0919433039	0.1467930978	-0.0053269799	-0.0786219971	0.0886268843	-0.0254694268	0.180588053	0.0356899949	-0.1254935549	0.0111706305	0.1126134741	-0.0248720049	-0.0675842756	0.0867216501	0.111848322	-0.0588692619	-0.0907998255	0.0130613907	-0.1871245078	0.0486243637	-0.0654480219	0.0664461578	0.0427338876	0.1022588393	0.1218676695	-0.1491626582	0.0658595454	0.0709435092	-0.0828327633	-0.0484930208	0.1393285616	0.0107662314	-0.1797746199	0.0505144895	0.0598725219	0.0339523391	-6.23359e-05	0.1131249568	-0.1791491733	-0.0556119053	-0.0716897227	-0.045675729	0.1628578113	-0.0411351229	0.0386750472	0.1754442984	-0.0145246049	0.0128502829	0.0703384958	-0.0403013209	0.0630700665	-0.10272806	-0.0402420989	0.1166902648	-0.0718785886	0.1988182666	0.0779280834	-0.0922918718	0.0698813243	-0.0319521049	-0.0426297287	0.1219278359	0.0562513384	-0.0057801134	0.0894343772	0.0251352025	-0.0022930262	0.0190928947	0.0301745878	-0.0566709259	-0.1222009603	-0.1346860515	-0.0271150618	0.2059813286	-0.0035167747	0.1075514831	0.0506247029	0.1399231718	0.1088915957	-0.0686046737	0.1728020207	-0.2121230067	-0.0208052626	0.0538518256	-0.08454452	0.0474752294	0.0965964538	-0.0370112945	-0.031264636	-0.0135964039	0.1578095334	-0.0656475059	-0.0277570046	0.0113998957	0.0710841057	-0.0064156561	-0.0289458853	0.0732904649	0.0622510241	-0.0714803538	-0.0057535354	0.0519138319	-0.004602455	0.1414848524	0.0623988857	0.0306133632	-0.0222964861	0.1832331301	-0.0263812624	0.0016373044	0.0418662674	-0.0235328251	0.0442459843	-0.1102529625	-0.0284919163	-0.1165232592	0.0799246852	0.0812449131	0.0432306954732411	0.0001595305251528	0.0018688930311001	2.544998845552853e-08	0.0754944879516728	-0.0001388909388281	1.9290692888578343e-08	0.0056994177110852	0.0554151809935703	0.0173739412478824	0.0003018538344848	0.0030708422845501	-0.0013239636340924	0.0001650222837808	1.7528797043991544e-06	2.7232354144263878e-08	-0.0006200789896708	0.0001244520280817	1.5488307293648242e-08	3.844979534311601e-07	0.0001190896417747	7.814359132219213e-05	6.106420864729781e-09	1.4182342778026371e-08	0.0	0.0	0.0	0.0	0.0	0.0	0.0
807.4250476292657	0.9510490617226424	0.9044943178035184	651935.207539122	968.1369658395754	4.977548612770647	937289.1846250592	24.775990192494994	761.4493799055585	0.8853965617114454	579805.1581585596	0.7839270714904494	846.8309076548138	739.3831733548055	0.964847	32.078869	0.1236963248832414	0.0562484948278719	-0.1479590255	0.1352003453	0.0180850534	0.0947415796	-0.0323265319	-0.1035367653	0.1935674548	-0.0133537205	-0.0779013926	0.1143163368	0.1123685639	0.0517663485	0.0683974257	0.044680937	0.0616872215	0.0319648503	-0.1637041664	-0.0842459282	-0.0129313847	0.0200202397	-0.0191129896	-0.0815792308	-0.0729077291	0.0460852922	0.0583857992	-0.0500314678	0.0311479852	-0.0318447863	-0.0836801843	-0.0279780312	0.0251749782	0.0945726983	-0.1945010752	-0.0288411834	0.0126785517	-0.1251576712	0.0610539359	-0.0273789083	0.0427620957	0.0285037725	-0.0559515754	0.1019790139	0.0554385051	0.0080847818	0.0144892892	0.002665854	-0.1639068844	-0.0398170894	-0.0095628121	-0.2364574747	0.1187167915	-0.0970362257	0.2096360353	0.0926101724	-0.0136027692	0.1803716545	-0.0170734738	-0.0506032461	-0.0013409844	0.0939108532	-0.0368763895	0.0044860086	0.0574059468	-0.0212830313	0.0045587902	-0.1091497583	0.1324599591	-0.0126294074	0.0603043026	0.0653963662	-0.0660158547	0.0901026387	0.0795918104	0.1301879807	0.206538122	0.0646355075	0.0015939446	0.05909537	0.0313801823	0.056974024	0.0250767666	-0.0492735131	-0.0330763839	-0.0477069947	-0.1439886783	0.2551890218	-0.0047936297	-0.085539666	0.0137214409	0.0431969858	0.1637972176	-0.0668196768	-0.0255323502	0.0323580724	0.0289054839	0.0430765735	0.0046811268	0.0507656981	0.1078831943	-0.0039080009	0.0669810732	0.0186508826	-0.0893764626	0.0777295095	-0.0425340754	-0.0282498633	-0.1181796223	0.1686284317	0.0001208872	-0.0438151524	0.0575226134	-0.1207684638	0.1837906907	0.0342575662	-0.0317782535	-0.1134548014	0.0876327994	0.0703125971	0.026338136632404	-0.0168925588408371	0.0006936974412671	0.0002853585441911	0.114004640906927	0.0385101529552542	0.001483031880637	0.0129970581483173	0.0553672969800302	-4.788401354009764e-05	2.292878752708254e-09	0.0030655375748748	-0.0016257249290623	-0.0003017612949699	2.642981544974621e-06	9.105987914191105e-08	-0.0011761857961518	-0.000556106806481	3.0925478021449645e-07	1.3834130270692438e-06	-0.0003879568382466	-0.0005070464800213	2.5709613290199055e-07	1.5051050834229857e-07	0.0	0.0	0.0	0.0	0.0	0.0	0.0
805.1953303565728	-2.229717272692937	4.971639116145232	648339.5200280304	966.36944290594	-1.767522933635405	933869.9001823368	3.1241373209271086	760.6238745647928	-0.8255053407657442	578548.6785579576	0.6814590676327675	847.1651746160783	729.2323958756639	0.960225	31.925201	0.0587173121959632	0.025496941689381	-0.0878439155	0.1046479311	0.0228696025	0.151364737	-0.0670349957	-0.0684168249	0.0642874218	-0.0721088669	0.0926923141	0.0626581349	0.0093695986	0.1516484295	0.0579149116	-0.0005008714	-0.0499367657	0.1500280084	-0.0159202	-0.0807611676	-0.0591031128	0.0355227366	-0.019491865	-0.1658745696	-0.0856297637	0.037433259	-0.0540302947	0.0477647561	-0.1394521565	-0.0657529249	0.0484547603	0.0395423994	-0.053942465	-0.1054603974	-0.0203480093	0.0712917328	0.1261656888	-0.2201743589	0.055654859	0.1287910308	-0.0734519161	0.0835229989	-0.0284602121	-0.1283774528	0.1175885836	-0.0851806361	-0.0303853717	-0.1086383086	-0.0346655354	-0.1607337396	-0.0850771768	0.0711813228	-0.0516108565	0.0090431147	0.2167328571	0.0393056453	-0.038318282	0.1095146671	-0.008366283	0.0513052351	-0.0384015388	0.1562619771	0.0748161214	-0.1498729856	0.1010614398	0.0424867591	0.012589498	-0.084697951	0.0329392159	-0.1075039975	0.0448360166	0.202635696	0.0021839006	-0.003012979	0.0247320403	0.0918222207	0.0826237681	-0.1202606664	-0.0271242371	-0.0371194345	-0.0301400774	0.0556246432	-0.0533467612	0.1528139723	0.1181115911	0.0072305438	-0.0733386257	0.1340819762	-0.0246174349	0.1088796022	0.1850585766	-0.1079520022	0.1318207408	-0.0450788896	-0.0352071079	0.0114955836	-0.0057163927	0.0215913614	0.0976660668	0.0011274679	-0.0084074888	0.0673139129	0.1201719908	0.0186745647	-0.054694906	-0.0510531219	0.0166984837	-0.0735394387	-0.0958567508	0.038101169	0.0158782427	-0.0684115231	0.0876245489	-0.0588923727	-0.0260118026	-0.0408453254	-0.0350428114	-0.1100753719	0.0948006283	0.0586099215	0.0320857340702929	0.0057475974378889	0.0010294943308295	3.3034876308027074e-05	0.0961236054351246	-0.0178810354718023	0.0003197314295438	0.0092397475218475	0.0481111826483982	-0.007256114331632	5.265119519371532e-05	0.0023146858958275	-0.0014055897058436	0.0002201352232187	1.975682421173498e-06	4.8459516501546886e-08	-0.001058881843136	0.0001173039530157	1.3760217393133012e-08	1.1212307577230926e-06	-0.0001687447153883	0.0002192121228583	4.8053954808042426e-08	2.8474778971478373e-08	0.0	0.0	0.0	0.0	0.0	0.0	0.0
806.606964347288	1.411633990715245	1.9927105237426488	650614.7949335471	967.3009429552876	0.9315000493476192	935671.1142421886	0.8676923419346169	760.9164576180973	0.2925830533044973	578993.8554740737	0.0856048430809823	846.9425113175395	731.7062503330347	0.933984	31.052755	0.0666695370929856	0.0388096027316183	-0.086889121	0.1227921118	-0.006138735	0.1299765493	-0.0781320502	-0.0611220454	0.112966733	-0.0985700174	0.0915229046	0.1070720078	-0.0568953788	-0.0051947242	0.0790014205	0.0535845732	0.0223040014	0.019884842	-0.1163779946	0.0054704851	-0.1228244311	-0.0788865818	-0.0077548065	0.2504125231	-0.0199642703	-0.0735241847	-0.1437446441	-0.1924687091	0.0458925476	0.0472755631	-0.028706208	-0.0172935479	-0.0433557962	0.0373946032	-0.0623609294	-0.093669829	0.0650016049	0.0430933025	0.0949101812	-0.0548906852	0.0149211866	0.1432634148	0.1433536823	-0.0520773785	0.0526510042	-0.131048782	0.1089613335	-0.0121193051	-0.0400910819	-0.0163307481	0.0771441722	0.0230280255	0.001129923	0.2055525695	-0.1001160525	0.1017161379	0.0453720561	0.1343033637	0.0138962188	0.0411380888	-0.0296106712	0.0964240569	-0.0961666646	-0.1944014569	-0.013009386	0.0038605592	0.0066163228	-0.0469208514	-0.1350997674	-0.0018673363	-0.1159859669	0.0041796925	-0.0158985171	-0.0488418029	-0.0527802067	-0.0275985153	-0.0330119719	0.0071613277	0.0840964325	0.0074479888	0.0687984837	-0.0045143391	0.0047303502	-0.0958953794	0.0275526437	-0.2341700267	-0.0817831086	-0.0746876776	0.1153010909	0.0235762456	-0.0424672427	0.1443307956	0.1349957949	-0.0624352631	-0.019635259	0.0353866835	0.006740891	-0.0042822866	-0.0048934335	0.0642312545	-0.0656677031	-0.1197898496	0.0148816129	-0.07857211	0.0476202311	-0.1364624304	-0.0016836975	0.0175511201	-0.0628206981	0.0483481668	-0.0116745291	-0.0378238736	0.0759353519	-0.1184831194	0.1563757401	-0.0555484193	-0.0382833527	-0.1063942335	0.1013839798	0.0462651033	0.0353973965126783	0.0033116624423853	0.0012529756798757	1.0967108132306029e-05	0.0701304303435534	-0.0259931750915712	0.000675645151341	0.0049182772601719	0.076035256278125	0.0279240736297268	0.0007797538880784	0.0057813601972801	-0.0014200069653165	-1.4417259472900056e-05	2.016419781547376e-06	2.0785737070892637e-10	-0.0010409921691871	1.7889673948900042e-05	3.2004043399795277e-10	1.083664696308864e-06	-1.2239130224055756e-05	0.0001565055851642	2.4493998187602512e-08	1.4979630864139508e-10	0.0	0.0	0.0	0.0	0.0	0.0	0.0
805.1770888754005	-1.4298754718874989	2.044543865105497	648310.1444498646	961.6720820623086	-5.628860892978992	924813.1934180557	31.68407495250825	760.3041692319124	-0.6122883861849004	578062.4297514285	0.3748970678569098	845.144720588338	729.4081937137636	0.932315	30.997253	0.0332611341336875	0.0178338641040287	-0.0827504726	0.1009790885	-0.0033148482	0.0366814942	-0.1009415691	-0.0432195561	0.1267184869	-0.1027415749	0.0392923333	0.1908218903	-0.0599141425	-0.0168608555	0.0141810581	0.0577812314	0.0734794824	-0.0102265584	-0.0424663928	0.0645158118	-0.1204110855	-0.0802748179	-0.039492638	0.0507744389	-0.1284204356	-0.0269196329	-0.1556235943	0.1001982274	-0.0056449717	-0.021880528	-0.0865842601	0.0613688224	0.1242369137	-0.1360871798	-0.1850539893	0.0142793625	-0.1730170654	0.0249629789	-0.0045555691	-0.1297712891	0.085228783	6.37397e-05	-0.0041618574	-0.1242903534	0.0682285531	0.1952625119	-0.0017590757	0.0786546341	-0.0145918224	-0.0840549098	-0.0056693144	0.2004737819	0.1389074644	0.0966143594	0.0357309492	-0.1538732197	0.1257618985	0.1056642032	0.0441946372	-0.0543821569	0.1301692219	0.0710832494	-0.0951200916	-0.2126330017	-0.0121955486	-0.1474705924	-0.0151470597	0.0285942558	-0.0237431036	-0.0142083254	-0.0117807356	-0.0269299497	0.0399200069	-0.1703759659	-0.0107788559	0.087498376	-0.049717062	0.0874334742	0.1151892782	0.0875480719	-0.1063160168	-0.0658753278	-0.1065488665	-0.0201281835	0.0588116794	0.0352593244	-0.0041706424	-0.0734960927	-0.087318783	-0.0315853667	0.0705478029	0.0423475427	0.1308296951	-0.0504113631	-0.0171700833	0.0242823688	0.1114738885	0.0002866273	-0.0286281372	0.0275071396	0.0610582596	-0.0415276223	0.0344581313	-0.1160290989	0.0091327529	-0.1035825619	-0.0710816196	0.036517169	-0.0020285808	-0.0498575287	0.0358902871	-0.0360350524	-0.0317943495	-0.1021516577	-0.0063890022	-0.0082158763	-0.0414976565	-0.1024214758	0.1073422654	0.033413395	0.0357053880857733	0.000307991573095	0.0012748747383556	9.485880909753429e-08	0.0784440691376602	0.0083136387941067	6.911658999887744e-05	0.006153471982874	0.0759923781705538	-4.287810757119814e-05	1.8385321088872398e-09	0.0057748415400164	-0.0015550292135361	-0.0001350222482195	2.4181158549507016e-06	1.8231007514275242e-08	-0.0007589328585044	0.0002820593106827	7.95574547427999e-08	5.759790837176596e-07	-8.709008450004689e-05	-7.485095427599113e-05	5.602665356026515e-09	7.584682818225306e-09	0.0	0.0	0.0	0.0	0.0	0.0	0.0
804.0631465454508	-1.1139423299497366	1.240867514453848	646517.543632571	962.9713961080456	1.2993140457369918	927313.9097222784	1.6882169894494297	762.2940743203488	1.989905088436444	581092.2557439175	3.9597222609852527	846.2383780366143	719.6326811978727	0.953393	31.698059	0.0423011865414345	0.0207961039258064	-0.0300748763	0.0841990951	-0.0568007447	-0.0174694786	-0.087789414	0.0109916784	0.0774185372	-0.0557145526	0.0338351786	0.0366364063	-0.192969175	0.0097115818	0.157997343	-0.0114573805	-0.124600094	-0.0263151248	-0.0009228632	0.0922348232	-0.1037402254	0.0169257109	0.0054213704	-0.0305192653	-0.1200529318	-0.0262458593	-0.0194699263	-0.0073962787	0.0398757769	-0.095716251	0.0423305356	-0.1585134355	0.1170505998	-0.0606669226	0.0721890688	-0.0813048465	0.0122134961	0.0911818787	-0.0492034307	0.0093911511	-0.1457031529	0.025813691	-0.007797372	0.1710394314	-0.1027012131	-0.062905052	-0.1095611259	-0.2011037411	-0.0456622822	-0.0933348792	-0.2302056194	0.0617111824	-0.0873542553	0.1374483828	-0.0195733408	-0.0025868269	-0.0101006486	0.0562713364	0.0586408638	0.0524703336	0.0438155996	-0.0178883966	0.1182287162	-0.1137637192	-0.0148602519	-0.0718319455	-0.1198515523	-0.013363109	-0.0159344887	-0.1063020478	0.0095125892	0.0557601063	-0.0717257279	0.0245223071	-0.0898322553	-0.2162126202	-0.0286879928	-0.0311597896	0.0597788021	0.1215544668	-0.0164702328	-0.0758090438	-0.0788395893	0.0783281364	-0.0578461989	-0.0388879628	0.0417980025	-0.0240430548	0.0417415275	0.1130400361	-0.0938686422	-0.0776103415	0.1080751752	-0.0362906294	-0.0011856995	0.0070778375	-0.009731748	-0.0024611071	0.0631352098	-0.0659205017	-0.0392167362	0.0401207569	-0.0063156003	-0.0452000074	0.0883869337	-0.0584847056	0.0205170925	0.0192475619	0.0249186978	0.0468109002	0.0255231503	-0.0340788206	-0.0280996508	0.0030443439	-0.0077545401	-0.0083374886	-0.0446835199	-0.098167988	0.1126387502	0.0201956026	0.0355562903384338	-0.0001490977473395	0.001264249782631	2.223013826171445e-08	0.0847863583420718	0.0063422892044116	4.022463235239592e-05	0.0071887265609102	0.0671387623848573	-0.0088536157856965	7.838651248073431e-05	0.0045076134145703	-0.0013069837625793	0.0002480454509568	1.7082065556459437e-06	6.15265457403623e-08	-0.0009250254807209	-0.0001660926222165	2.758675915475301e-08	8.556721399829323e-07	3.789551840639261e-05	0.0001249856029064	1.5621400933886177e-08	1.4360703152892411e-09	0.0	0.0	0.0	0.0	0.0	0.0	0.0
803.023217482171	-1.039929063279715	1.0814524566538248	644846.2878154182	964.9374819140062	1.9660858059605744	931104.344002543	3.8654933963996414	761.716888048634	-0.5771862717148224	580212.6175384952	0.3331439922560568	847.8411761813236	720.5129306782607	0.966192	32.1236	0.1502591879445526	0.0778645660094154	-0.0045778755	0.0034211136	0.0450133622	-0.0871855615	-0.0084389022	-0.0156779474	-0.0880188652	0.0699110161	-0.0307955606	0.0880006059	-0.0872715685	-0.0100946938	-0.1053241856	-0.0515256341	0.0157493774	-0.0013085862	0.0795728765	0.0605455858	0.0634719188	-0.0178795001	0.06459682	-0.1206723017	-0.0771598208	-0.0748037967	-0.0578761436	-0.1072203818	0.0146927	-0.1212225147	0.1538604972	0.0733880141	-0.0338610106	0.0430886745	0.0008452048	0.0997127384	-0.0670267479	0.0440388822	0.0603473197	-0.1507780987	0.0020369845	-0.0084430796	0.0242400449	-0.1125467226	-0.0653012265	0.029035447	-0.0141910443	0.078978747	-0.0293900455	-0.087957591	-0.084256358	-0.1447451479	-0.0747511971	-0.035325064	0.0171753003	-0.0068175673	0.0710316577	-0.0520293692	-0.0176913344	-0.0548360476	0.1475002509	-0.0215587797	0.0649857517	0.0230877072	0.0107481839	-0.0380702415	0.006711649	0.0826195555	-0.0696518456	-0.1788483817	-0.0938300822	0.0239741546	-0.0370910743	-0.0026733567	-0.090657769	0.0089000029	-0.03665762	-0.0965347316	-0.0618438946	-0.0232547758	-0.1430437261	-0.0392642003	-0.0597964824	0.0074944862	0.0467164734	0.0602166082	-0.128801895	-0.0352146004	-0.0852296982	-0.0141353663	-0.1089271077	0.0054667295	0.0155199276	-0.0058087582	-0.014598496	0.0112631751	0.0957175052	-0.0118462977	-0.0169024885	-0.0188957777	0.0025728038	0.0179994306	-0.0410539152	-0.0967140133	0.0590639737	0.0937163583	0.0031245823	-0.046432253	0.0417621237	-0.0076909733	0.0009586701	0.0399842888	-0.0394814689	0.0360619692	0.0295669808	-0.0285536977	-0.0478387595	-0.0936454286	0.1172407796	0.0067565429	0.053678335668934	0.0181220453305002	0.0028813637201867	0.0003284085269607	0.0519992194651024	-0.0327871388769693	0.0010749964757376	0.0027039188249798	0.0043764099431982	-0.0627623524416591	0.003939112884011	1.915296399092407e-05	-0.0008570416697632	0.000449942092816	7.34520423710494e-07	2.024478868877319e-07	-0.001092972557303	-0.000167947076582	2.8206220532473738e-08	1.1945890110174597e-06	-7.596833810388613e-05	-0.0001138638565102	1.2964977819393346e-08	5.771188394266357e-09	0.0	0.0	0.0	0.0	0.0	0.0	0.0
799.8355588684241	-3.187658613746976	10.16116743779529	639736.9212303642	952.215185381842	-12.722296532164137	906713.7592717758	161.85682905231562	760.0952801627402	-1.621607885893809	577744.8349256745	2.6296121355929887	843.303870668679	695.8851264515224	0.993239	33.022831	0.1715210153974783	0.0914411431388587	0.0788831469	0.0738424566	-0.1093949543	-0.0965186519	-0.1120471555	0.1156352715	0.0633653162	0.1328257612	-0.036107427	0.0829184638	-0.0379283641	-0.0466436101	0.0399357898	-0.0095337545	-0.109267659	0.030523776	0.0776804532	-0.032722317	-0.1504472484	-0.0955252217	0.015126586	-0.0278198846	0.1316720061	0.1733722923	-0.0483789271	-0.1880494021	-0.0992926133	0.0890261095	0.0808749075	0.0816877246	0.0116758473	0.05994747	0.1319953512	0.0045785936	-0.2221780765	-0.1161782431	-0.1097945139	-0.0288360217	-0.0853293943	0.1554788367	-0.0854095605	0.0690102308	-0.0494167854	-0.0050368525	0.0088264183	-0.164957036	-0.0271797513	0.065041887	-0.0452586458	0.0915176296	-0.1268680119	0.0235512156	0.0537917675	0.0099240066	-0.1082909998	0.0161717272	0.1436109165	-0.0257566387	0.1102161979	-0.0846719552	0.0754178585	-0.1043965618	0.0512371292	0.023682949	-0.1326817244	-0.0213862982	-0.0146543586	0.0169956897	0.0633078458	-0.067758612	0.1156763943	-0.0155767992	0.0007418017	-0.1382897803	0.0790014665	0.0395640358	0.0506977499	-0.1169157351	0.1441515211	0.0965224588	0.0414754742	0.0312093804	-0.0708094304	-0.0983828839	0.1173934273	0.0767336729	0.0702655903	0.078487338	-0.0549690114	-0.0609135324	0.0878463598	-0.0070904958	0.008925312	-0.0165578635	0.0151164189	-0.0471655735	0.0384724574	-0.1275766173	0.0506105024	0.0408159215	-0.0080271652	-0.0591458768	0.1311499208	-0.0373415204	-0.0333692088	-0.0150167572	0.0122687272	-0.0919995311	-0.0349135209	-0.0065301482	-0.0215611655	-0.0797036813	-0.0146717044	0.0844189889	-0.0509612127	-0.0888661936	0.1211199807	-0.0067565429	0.0420215780369517	-0.0116567576319822	0.0017658130207156	0.0001358799984907	0.1015205773494614	0.049521357884359	0.0024523648867107	0.0103064276253679	0.0759793251840861	0.0716029152408879	0.0051269774709937	0.005772857855429	-0.0012909841812512	-0.000433942511488	1.6666401562408314e-06	1.8830610327651305e-07	-0.0008660247119125	0.0002269478453904	5.1505324527390256e-08	7.499988016431287e-07	3.7940997822597314e-05	0.0001139093359264	1.2975336811212452e-08	1.439519315774334e-09	0.0	0.0	0.0	0.0	0.0	0.0	0.0
802.4217602030611	2.586201334637053	6.688437343278475	643880.6812473789	946.9384784698486	-5.276706911993415	896692.482006792	27.84363583507908	761.2876864794619	1.1924063167216443	579558.9415852514	1.421832824157679	843.291947572844	693.2700871104328	0.969643	32.238327	0.0802913496284254	0.045532452349966	0.0744558456	0.1419653264	-0.0995709594	-0.1389628228	0.0519253982	0.1302801225	0.1255850688	0.0316995547	-0.1165465101	-0.0314242742	-0.0019778084	0.0382259041	0.0145231674	-0.0268187539	-0.0139934419	0.0443053825	0.0099374605	0.076141318	-0.1379991255	0.0182203506	0.0529179222	-0.0076418391	-0.107146296	0.0980576578	0.1560248415	0.0702159181	-0.0442531112	0.0187725365	-0.0097350299	-0.1877891648	0.1416886216	-0.0865611562	0.0598192573	-0.0183142602	0.0700978689	0.02587316	0.1483782256	-0.0758334251	0.2250346459	-0.0922675021	0.1126432468	0.0891657581	-0.1021310952	-0.0258053666	-0.0813829509	-0.0256179229	0.0236605739	0.0034631078	0.0566693198	-0.0839523225	0.1070846777	-0.004615853	-0.0023938272	0.1150297466	-0.1907073601	0.0918023694	0.1693589715	-0.0387301136	0.0183121657	-0.1084032967	0.058968784	0.1215234476	0.0313066085	0.0333648873	0.0467248916	0.0529449553	-0.0396995451	-0.0252342399	-0.024647229	0.1199286746	0.0639807191	-0.0927271072	-0.1974396585	-0.048662823	-0.1335140778	0.1093735694	0.0003585912	0.0916860671	0.0173556066	0.0498419591	0.0834615858	-0.0563250073	0.0661538607	0.0314656263	0.0279593793	-0.0187883388	0.0095136176	0.0529772168	-0.1961429802	0.1531217652	0.1191798962	-0.0057879002	-0.0019252833	-0.0410940726	0.041841762	-0.0579901319	0.0405921238	-0.1042565984	0.0186374809	-0.0753011749	-0.0152202986	0.0811698997	0.1090531109	0.0445197562	0.084763058	-0.0265321977	0.0892742167	-0.034050446	0.0033522504	-0.0141613741	-0.1085700851	0.1243858119	0.0120953606	-0.0097533771	-0.0540487397	-0.0838433825	0.1242524367	-0.0201956026	0.0314588597195921	-0.0105627183173596	0.0009896598548569	0.0001115710182518	0.0716443460637066	-0.0298762312857548	0.0008925891958399	0.0051329123228961	0.1091304592832074	0.0331511340991213	0.0010989976920579	0.0119094571433637	-0.0011879830532811	0.0001030011279701	1.4113037348830847e-06	1.0609232363112948e-08	-0.0008970227362821	-3.099802436959994e-05	9.60877514818312e-10	8.046497894070259e-07	3.796716400669188e-05	2.6166184094564456e-08	6.846691900706378e-16	1.441505542711039e-09	0.0	0.0	0.0	0.0	0.0	0.0	0.0
802.9243982600717	0.5026380570105857	0.2526450163553768	644687.5893212983	959.781071696721	12.842593226872395	921179.7055873064	164.93220079090872	762.5350519594939	1.2473654800320446	581459.705466868	1.555920640775573	846.1318910075573	708.1638718075616	0.944139	31.390387	0.0534638768173784	0.0323570134579452	0.0175798939	0.0867220414	-8.09211e-05	-0.1138932765	-0.0511683092	0.0192797494	0.0891767815	0.1618334292	0.02876331	0.0023054809	-0.0005355738	0.0496998621	-0.1478693351	-0.0592115694	0.0034813411	-0.0466046763	-0.0007835429	0.0612691152	0.0235367886	0.11531517	-0.0768439407	0.0649218142	0.1316776217	0.0816764078	-0.1001833204	0.0407359289	-0.0890332977	0.1032100133	0.0049561339	-0.0663711608	-0.036672191	-0.1805755415	-0.090997118	0.0581678705	-0.0107805619	-0.1018109536	-0.0789210617	-0.0718979034	-0.1208017617	0.0635146676	-0.0722278414	0.1014734807	-0.072767975	0.0420333358	-0.2002810712	-0.0731098454	0.1121325666	-0.0606836156	-0.256647272	0.015671254	-0.0762899079	-0.003052512	0.0251143792	0.085353274	0.0353208143	0.0216681983	0.0639696953	0.0648315657	0.0928849204	-0.0582440932	0.1187659922	0.0048495715	0.0204896783	0.0511669367	0.099758021	-0.0090754091	-0.0888726551	-0.1045812014	0.0220516993	-0.0281754208	0.023615026	0.0688587335	0.1169050378	-0.0016215317	0.0543173011	0.0939413809	-0.0276647658	-0.0271083242	0.2074070943	-0.2070121098	0.0872673732	0.1274235848	-0.074747096	0.0159596348	0.0675997178	-0.0076800337	-0.1546343114	-0.1670392928	0.0531305819	0.0154091692	0.0917515522	-0.0097500037	0.0030384289	-0.0130541152	0.0654018327	-0.0213686146	0.0432128839	-0.0522135247	-0.0343765216	0.0118861081	-0.0295153188	-0.0025586965	0.066055075	-0.020850579	0.0024823565	-0.0054498868	0.0626529021	0.0137192106	0.0226928652	0.0543862159	-0.0096866993	0.1278016414	0.0939238976	0.0794709096	-0.0570992244	-0.0785907625	0.1266188352	-0.033413395	0.0315823533570807	0.0001234936374885	0.0009974450435715	1.5250678500165486e-08	0.0715446786750249	-9.966738868169568e-05	9.933588366628198e-09	0.0051186410467125	0.0839054030634542	-0.0252250562197531	0.0006363034612897	0.0070401166632407	-0.0009870279705012	0.0002009550827798	9.742242145517175e-07	4.038294529507645e-08	-0.0006609579544802	0.0002360647818019	5.572658120717868e-08	4.368654175906501e-07	-8.532616284060796e-05	-0.0001232933268472	1.520124444507511e-08	7.280554065101945e-09	0.0	0.0	0.0	0.0	0.0	0.0	0.0
801.1116583406769	-1.8127399193948577	3.2860260153676752	641779.8891293494	955.164176169862	-4.616895526859025	912338.6034382512	21.315724305930875	761.0697458207977	-1.465306138696178	579227.1580037336	2.147122080100703	846.1422782757885	698.2899245897635	0.935127	31.090738	0.036637966056584	0.0183777173856145	0.0849567882	0.078863061	-0.0332130854	-0.1657524664	-0.0072960086	0.1032319474	0.0221094149	0.164783154	0.0007033567	0.0684986373	0.0568588419	-0.0540326409	-0.0800811379	0.0219085628	0.0067082604	-0.0747104024	0.0822393655	0.0244799569	-0.0806754263	-0.0533131696	-0.0394691955	-0.0594191579	-0.0532234844	-0.0273311566	0.0826831217	0.0394274218	-0.0269651631	0.0414961071	-0.0579358455	-0.1170010648	-0.0401391434	0.2196151803	-0.0902242727	-0.0663931879	-0.2007853389	0.0759096892	-0.0440974265	0.1646594867	-0.0176327431	-0.1835727182	0.1540790633	-0.0682763294	0.1215310026	-0.1290129508	0.1071393342	-0.0538199862	-0.0769864933	0.0103618691	-0.0854553013	0.0709089983	0.0696828598	-0.1192076609	-0.0454427784	-0.0774686428	0.1775153594	-0.0115720251	0.1072580093	-0.0232100495	0.2057741734	-0.0254259316	0.044850107	0.0983768675	-0.0485111203	-0.0430437376	0.098049538	0.0956001305	0.0492827075	4.12854e-05	-0.070527128	-0.0065710867	-0.020017086	0.1076595734	-0.1339958614	-0.0251892438	0.0090505394	0.025669113	0.0642510566	0.0013723079	-0.0989570202	0.0771889152	0.0501429102	-0.1583561814	0.0745348404	0.0324640808	0.2628704927	0.1123475152	-0.0724487688	-0.0005782539	0.0167646464	-0.0182675617	0.0798809223	0.0103834445	0.0027211659	-0.0339920065	0.1032318481	-0.0448585059	-0.0231212429	-0.0698793304	0.0582700452	-0.0691873799	-0.066010665	0.0106959908	0.0182144057	0.0380024915	0.0104511901	-0.0019008336	0.1247835681	-0.1349425991	-0.0376469828	0.0161052247	-0.0016309643	0.0330894196	0.0387281783	0.0251309817	-0.0601105761	-0.0731227308	0.1282045865	-0.0462651033	0.0373530187260229	0.0057706653689422	0.0013952480079466	3.3300578800308866e-05	0.0850246441056015	0.0134799654305765	0.0001817094680095	0.0072291901052841	0.0824255878406674	-0.0014798152227867	2.189853093591541e-06	0.0067939775308795	-0.001119036521026	-0.0001320085505248	1.2522427353899733e-06	1.74262574116587e-08	-0.0008469520970071	-0.0001859941425269	3.4593821054316826e-08	7.173278546247242e-07	-8.547387047447709e-05	-1.4770763386912818e-07	2.1817545103216412e-14	7.305782533887686e-09	0.0	0.0	0.0	0.0	0.0	0.0	0.0
803.0451271408812	1.9334688002043092	3.738301601363492	644881.476224714	955.7949610365198	0.6307848666577911	913544.0075428024	0.3978895480044873	761.7602671747622	0.6905213539645274	580278.7046461651	0.4768197402810041	845.0880290087047	703.1361235405583	0.955858	31.779999	0.0587553486029064	0.0291851286254858	0.055236675	0.0674162772	-0.0456084102	-0.0211018347	0.0277558015	0.0770395509	0.0880738893	0.0991896215	-0.0568508781	-0.0608633934	0.0394057382	0.0810968818	-0.0104439171	0.0214042703	0.0504141035	0.0131722704	-0.0316150661	0.1033627442	-0.1531734701	-0.0134017426	-0.0088344142	0.0151800906	0.1179488729	0.1059685477	0.0239488115	0.1347506458	-0.1176643389	-0.1843169285	0.0076659737	-0.1618752174	-0.0350513058	0.1661249001	0.1087265407	0.0377961946	0.0614073205	0.143528054	0.0644337771	-0.1044843546	-0.0356217958	-0.0809469278	-0.0867646529	0.0465815566	-0.0349621826	0.0424846274	0.0047888693	0.1196241633	0.0849060679	-0.0579189286	-0.0366061547	0.1265221361	-0.090229203	0.0018125002	-0.1727947449	-0.0673768465	-0.0722833454	0.0101743565	0.0960411352	0.0649055865	-0.028967296	-0.0558765617	0.0807015333	0.0659800763	0.0710803945	-0.062661063	0.0669474884	0.0230971877	0.0803324753	0.0401842757	0.1018187019	-0.0105196418	0.0442175751	0.0122726493	0.0531177485	-0.0419256148	-0.1693478894	0.1264446598	-0.0544188309	0.0009958514	-0.0521356645	-0.1982830812	0.0687937565	-0.0808080943	0.1089531499	0.0094854572	0.1326736534	-0.0355022155	0.0735185958	0.0323724284	-0.0039565252	-0.0725572877	0.0657932522	0.0231437289	0.0079618168	-0.023225759	-0.022455175	-0.0220756255	0.0706145497	-0.1240583769	0.0497194295	0.0007590113	-0.0203491881	0.1002587401	-0.0365398849	-0.0079300656	-0.0239236949	-0.0071854909	0.1596890552	0.042166525	0.0427483398	0.0593674104	-0.0606910555	-0.0327251678	-0.0264490462	0.0243286313	-0.063080731	-0.0674542747	0.1289999139	-0.0586099215	0.0463094157182268	0.0089563969922038	0.0021445619841635	8.021704708195896e-05	0.1062665480547195	0.021241903949118	0.0004512184833835	0.011292579235466	0.0706479267458348	-0.0117776610948326	0.0001387133008647	0.0049911295534848	-0.0010929924725937	2.604404843230008e-05	1.19463254514649e-06	6.78292458743992e-10	-0.0006610210038893	0.0001859310931178	3.4570371387980014e-08	4.369487675828181e-07	3.813871931046238e-05	0.0001236125897849	1.5280072353339723e-08	1.4545619106422363e-09	0.0	0.0	0.0	0.0	0.0	0.0	0.0
802.8893744559957	-0.1557526848854422	0.0242588988490238	644631.3476143401	956.0017081051008	0.2067470685809667	913939.2658998704	0.0427443503668229	761.4381635772515	-0.3221035975107043	579788.0769518972	0.1037507275293377	844.9691994566124	705.2265410613306	0.927221	30.827892	0.1341593920555027	0.0803281005443593	0.026425264	0.0623101516	0.0136661688	0.1105715906	-0.000563004	0.0238813862	0.0472679463	-0.0378754221	0.015776917	0.025449215	0.1003490789	0.114250208	-0.1294890621	-0.0087356837	-0.0331125553	0.0400492626	-0.0092888192	-0.0385332383	-0.070349804	0.0341747434	0.067378194	-0.0129316042	-0.137087738	0.0621932032	0.005703163	-0.074319542	0.2172160163	-0.2011358	-0.0590586334	0.028840056	-0.2373560033	0.020784668	0.1344840033	-0.0244918311	0.0329174882	-0.0320903025	-0.099067668	-0.0288062362	0.0237977969	0.0393920228	-0.0598232183	0.0694072372	0.0959733658	0.0749123119	0.0302603902	0.1894845183	-0.0624841589	0.0064544831	-0.0218100526	0.0598533802	-0.0042553395	0.0262423656	-0.0016827491	0.0254408091	-0.0716431574	0.0043023212	0.0553225025	0.0088337375	-0.0148454193	0.0783030556	0.0249800465	-0.0245118491	0.109078929	-0.0237223354	0.1102400692	-0.0080673983	0.1193336222	0.0818888687	-0.0264236742	-0.0682809261	0.0488129219	0.1376984895	-0.02154319	0.0065255304	0.1833010586	-0.1084365771	-0.0595004565	0.0024450611	0.0865121922	-0.0795923017	-0.1380530286	0.0038301298	0.0497857516	-0.0256764848	-0.0381485649	-0.0706521441	0.0678760437	-0.0229364488	-0.1076734833	0.0132241294	0.0533716068	0.0102116984	0.0190912674	-0.0245059256	0.0994081775	-0.0080940069	0.0772280371	-0.014634041	-0.0479952892	-0.0244357131	0.0509514144	0.0602130643	-0.1283366217	-0.0290861446	-0.033235046	0.0436892046	0.0265263219	-0.0833660937	-0.0266451642	0.0298817191	-0.0214733369	-0.0809674853	0.0506988122	-0.02897728	-0.0660076536	-0.0616009311	0.1289999139	-0.0703125971	0.031647720957892	-0.0146616947603347	0.0010015782418285	0.0002149652932452	0.0306811388687862	-0.0755854091859332	0.0057131540818049	0.0009413322822857	0.0846524587232266	0.0140045319773918	0.0001961269159057	0.0071660387678875	-0.000926979405747	0.0001660130668466	8.592908186790612e-07	2.7560338363846866e-08	-0.0010930177304806	-0.0004319967265912	1.8662117178559841e-07	1.1946877591449616e-06	3.799339011160551e-05	-1.4532919885687414e-07	2.1120576040380868e-14	1.4434976921726431e-09	0.0	0.0	0.0	0.0	0.0	0.0	0.0
801.3475549081845	-1.5418195478112011	2.377207518012737	642157.9037573258	954.1051218289856	-1.8965862761151584	910316.5835003034	3.597039502748364	761.2046499311554	-0.2335136460961848	579432.5190768128	0.0545286229131342	844.706147200088	705.3705078528036	0.895776	29.782415	0.0848967491233799	0.0610080520123352	0.0374156105	0.0532170788	-0.0083121714	0.1479841804	0.0346948918	0.0682519971	0.0459339476	-0.060929244	0.0231745931	0.1391940766	0.1523567765	0.0407557924	0.0504513077	0.0188054997	0.0221652055	0.0870986954	0.068370181	0.0367768797	-0.0457842552	-0.0380956736	-0.0730008848	-0.112086334	-0.1519185524	-0.0145973893	-0.0162202222	0.0204168409	-0.1501794836	0.0811853568	-0.0898495467	0.0481893995	-0.0509024773	0.0487512955	0.0670749459	-0.2424221734	-0.0310373333	-0.1457096851	0.0017825435	-0.0278778921	0.1171275718	0.1475638404	0.0774416802	-0.0551638106	0.1003062526	0.0999764263	0.0068562266	0.0871742681	0.1123964932	0.0249312309	-0.0934091515	-0.0608553631	0.0921778608	-0.1700698563	0.0838655491	0.064587278	-0.0099232575	0.0076458214	0.105797863	-0.0250060586	-0.0340739387	0.1676288963	-0.0268106247	-0.0012487002	0.0717240475	-0.0309704197	0.0002565587	-0.0551207264	0.154887277	-0.1003225923	0.039576132	0.0798090044	0.0327067537	0.0308516806	0.0321628341	-0.0214602219	-0.0070140054	0.0208586772	-0.0769850341	-0.1141608357	0.0313431124	0.1644178071	0.1015231253	-0.0128655099	-0.0922366441	0.005261005	-0.0360063147	-0.026237659	-0.1610869088	-0.0994619242	-0.0201435805	0.0092224969	0.0437001282	0.0304922263	0.021899451	-0.0219146274	0.0762933941	-0.0174576912	0.09649305	-0.0593225758	-0.0006965826	0.0577085191	0.0419495341	0.0440885025	-0.1365798983	-0.0670485133	-0.1419033102	0.0730749223	0.1098189686	-0.0646438664	-0.0648760204	-0.0402434672	-0.0176163075	-0.0443270032	0.0191735678	0.0518958643	-0.0688893378	-0.0555787436	0.1282045865	-0.0812449131	0.0338211028756632	0.0021733819177712	0.0011438669997261	4.7235889604948245e-06	0.0877920348724075	0.0571108960036213	0.0032616544423364	0.007707441387038	0.0971077893479588	0.0124553306247321	0.0001551352609713	0.0094299227520475	-0.0006679793928897	0.0002590000128573	4.461964693252922e-07	6.708100666008155e-08	-0.0010890177875786	3.999942901999941e-06	1.599954321925971e-11	1.185959741662589e-06	3.813624589741032e-05	1.4285578580481e-07	2.040777553790976e-14	1.4543732511477452e-09	0.0	0.0	0.0	0.0	0.0	0.0	0.0
799.830024652933	-1.5175302552514722	2.3028980756035984	639728.0683363115	948.5231226116208	-5.581999217364796	899696.1141288999	31.1587152626612	759.4653017411321	-1.7393481900232928	576787.5445487488	3.0253321261373047	842.3684193959247	688.8611877519185	0.942229	31.326881	0.0843333934054071	0.0438067113027403	0.0926617737	0.0901354616	-0.035382472	0.0967575135	-0.037149973	0.1179559282	0.043281167	-0.0850989331	0.0447758947	0.040565475	-0.0104620161	0.0244682244	0.032958132	0.0061765845	0.0144428777	0.0591048958	0.0798570123	-0.0956748254	-0.0915259867	-0.051461542	0.004393128	0.0725060342	-0.1550343385	0.0301643823	0.0474149818	0.0535077916	0.0716704516	-0.0187931053	0.0864849219	0.096090511	-0.0744995761	0.0698899771	-0.0471036238	0.0679869905	0.0596253872	0.0120272929	-0.0224535054	0.0175336853	0.0642649719	-0.0439948401	-0.0069859227	0.0027712622	0.0074380881	0.0476411347	-0.0245522782	-0.1054642114	0.0307396984	-0.0104856147	0.1747247846	-0.0559140126	0.0091073505	0.0244645641	-0.0984942836	-0.0652496876	-0.0351064232	-0.0411898598	0.1294357267	0.0260325977	-0.0468603499	0.0799288559	-0.0603789893	-0.0630797527	0.0001433392	0.067570427	0.0907808439	-0.0680724772	0.0866534895	0.0236571119	-0.0654076934	-0.1105334922	-0.0100935325	0.0599969842	-0.184884053	-0.059651023	0.0167648113	-0.0814204072	-0.0339876777	0.0435328971	-0.0366662479	-0.0211681518	-0.1335795388	0.0765492502	-0.0543301815	-0.0277604278	0.124701966	-0.0248342976	-0.0307248149	0.104943346	-0.1965413563	0.0277865789	0.0773711895	0.0350216378	0.0335251666	-0.0310827347	0.0158287171	-0.0395314716	0.062084382	-0.051680203	-0.0366574877	-0.1446381489	0.0360632146	-0.0615799036	-0.0829347219	-0.0727214893	-0.0715806554	0.0584262	0.0742755915	-0.0795119602	-0.0654953449	0.0971210057	0.0191359404	0.0445133956	-0.0002839508	-0.0937090194	-0.0717238087	-0.0494042187	0.1266188352	-0.0912870929	0.0338142660797444	-6.8367959187992655e-06	0.0011434045905117	4.6741778435310296e-11	0.107682371783639	0.0198903369112315	0.0003956255024422	0.0115954931929498	0.1206002043689551	0.0234924150209963	0.0005518935635187	0.0145444092938337	-0.0012450626710453	-0.0005770832781555	1.5501810548304568e-06	3.330251099268136e-07	-0.001187934703992	-9.891691641339992e-05	9.784556352735544e-09	1.4111888609485606e-06	-0.0001047396530788	-0.0001428758989762	2.0413522508260254e-08	1.0970394927067378e-08	0.0	0.0	0.0	0.0	0.0	0.0	0.0
807.004270651589	7.17424599865592	51.46980564923047	651255.8928499031	964.54221864795	16.019096036329188	930341.6915543098	256.6114378211375	764.8196855438422	5.354383802710117	584949.1513953817	28.669425906724456	847.786833235821	703.7360666361642	1.060677	35.264984	0.1231995467371595	0.0664821270769375	0.0253298607	0.0495269173	-0.0573986765	-0.0592718186	0.215366311	0.003380747	0.0689247089	-0.1296582126	-0.1399643561	-0.101337024	-0.0441348343	-0.0627882599	-0.0938026154	0.004348837	0.0985561191	0.0409059098	-0.1065546352	-0.0066308364	-0.0940034232	0.0137356726	-0.0109845534	0.0577674776	-0.0110848629	-0.128373029	0.2399205841	-0.1104220942	0.1075165671	0.1052941397	0.0190275569	0.1261297154	-0.1128259081	-0.0135575361	0.0331411637	0.0951700727	0.0951056843	0.0504718792	0.1254599043	0.0682604449	-0.0530583337	0.0227024945	-0.0233270154	0.1042250028	-0.0655090013	0.1326342572	-0.2035388121	0.0009172005	0.0369001493	-0.0465812603	0.0260571803	-0.0497107096	0.0821747109	0.0799909673	0.0022033797	-0.0111817141	0.0624841974	0.0816830653	0.0557391463	-0.0576160162	-0.0839299559	-0.0697949808	-0.0968418028	0.0851941037	-0.0261836018	0.021929024	0.0507614607	0.0183686119	0.0048594863	-0.0216141158	0.0812869472	-0.2141009791	0.0428125637	0.0388271691	-0.0977527455	-0.1556979266	0.0122229663	-0.1425176386	-0.0591682523	0.0963060563	0.1145033783	-0.0093366092	0.021541996	0.0191506092	0.0807364614	0.0668927089	-0.2529068934	0.071680059	0.1402336465	-0.0374386504	0.0466656591	-0.2574199828	0.0321259647	0.0413876437	0.0268360572	-0.0054171287	0.0274595525	-0.0248867311	-0.0315548237	-0.0194517894	0.0361115182	-0.1602824434	-0.1061796673	0.093151598	-0.0098093958	-0.0470939487	0.0114266386	0.0705214986	0.1340929402	0.0566685136	-0.0100942371	0.0431664985	-0.1292361713	-0.0625048705	-0.1197500611	0.1208201932	-0.0745091236	-0.0430942802	0.1242524367	-0.1003291122	0.0502774640600449	0.0164631979803005	0.0025278233923091	0.0002710368877385	0.0878136912771196	-0.0198686805065193	0.0003947644650701	0.0077112443757132	0.0636697187198933	-0.0569304856490618	0.003241080196238	0.0040538330818703	-0.001074987963022	0.0001700747080233	1.1555991206421888e-06	2.8925406309210757e-08	-0.0009020205703476	0.0002859141336444	8.174689181762781e-08	8.136411093302096e-07	3.801515727905682e-05	0.0001427548103578	2.0378935880307663e-08	1.4451521829514262e-09	0.0	0.0	0.0	0.0	0.0	0.0	0.0
809.8391804680267	2.834909816437744	8.036713667335082	655839.4982211251	976.5746701693704	12.032451521420398	953698.0864164146	144.77988961533205	766.1208102966688	1.3011247528265812	586941.0959696244	1.6929256224180322	851.6911643689446	745.8038286256834	1.073299	35.684647	0.0772420968659612	0.0419294984698393	-0.1474514082	0.0131287245	0.1670087285	0.0110570768	0.092804816	-0.1851626104	0.0264922033	-0.0073350442	-0.0356564531	0.1068907373	0.1143765864	0.1696657526	-0.0837087967	-0.0034579364	-0.0603866236	0.048409534	-0.140219167	0.1659944826	0.0544706666	0.0782696561	0.0662023687	-0.1901680324	-0.0300474435	-0.2299169621	-0.0215099678	-0.0306831418	-0.2187007768	0.0279968253	0.0221230238	0.0010719262	-0.1116795349	-0.1287665975	0.0122089965	0.0562190298	-0.0147985272	0.1241471535	-0.0979607559	0.0140349444	-0.0022420363	0.0318855277	-0.0586825051	-0.057785161	-0.0648610682	-0.0683022084	-0.0190224488	0.0326721943	-0.0900266138	0.2319136622	0.0005622898	0.1420449632	0.0525519956	-0.0687738678	-0.1240962641	0.0582890898	0.017340997	0.1235564224	-0.0931203176	-0.0652149698	-0.0408810859	0.1524657142	0.1276090154	0.0861389901	0.0772503095	-0.1223678973	-0.0299025331	0.1124571321	0.0252366807	-0.1254058975	0.0777595449	-0.0775285122	-0.0186874407	-0.0116032967	0.1592155474	-0.1002491844	-0.1129084017	-0.0235681682	-0.1979097983	-0.0971334786	-0.0800108279	-0.0792321146	0.0469039516	0.0502644947	-0.0145341726	0.0931808524	-0.105467037	-0.080896354	-0.0503573444	-0.1071919431	0.1260942207	-0.0023837321	0.0270196683	0.0214468677	0.0024799064	0.0152110559	0.0744455802	0.1332716371	0.1406526931	-0.0298101928	-0.0225966438	0.1101826783	-0.0194148938	0.0937709922	-0.0894565736	0.0442817523	-0.0222343759	0.0729227291	-0.0186844564	0.0663466356	0.1982434604	0.0384974236	0.0196435065	0.1206225369	-0.1389987395	0.1305577312	-0.0772433738	-0.0366662233	0.1211199807	-0.1082719048	0.0504709985205238	0.0001935344604789	0.0025473216916587	3.7455587392858995e-08	0.0552540046339942	-0.0325596866431254	0.0010601331942985	0.0030530050280934	0.0444169303235	-0.0192527883963933	0.0003706698610362	0.0019728636993626	-0.0008119875046941	0.0002630004583278	6.593237077793511e-07	6.916924108068542e-08	-0.0006610157359581	0.0002410048343895	5.8083330199110345e-08	4.369418031842285e-07	3.873161188092952e-05	7.164546018727046e-07	5.133071965445756e-13	1.5001377588949606e-09	0.0	0.0	0.0	0.0	0.0	0.0	0.0
806.023443358643	-3.81573710938369	14.559849687927798	649673.7912437236	971.3277761310552	-5.24689403831519	943477.6486837012	27.52989704930749	762.8564892502305	-3.2643210464382264	581950.0231911871	10.655791894219558	849.7628729307369	730.4461483146661	0.965462	32.099312	0.0778790457651702	0.0453619305636111	-0.0587697078	0.0072085502	0.1559331176	0.0087039405	0.0269114472	-0.0939807121	0.0269993258	0.0477192519	0.059044605	0.0481976449	0.1099335071	0.0172349388	-0.0263625069	-0.1737141577	0.089884669	0.0718841363	0.1049812024	0.1227404583	-0.0453474825	0.097864904	-0.0103438916	0.0260474302	-0.0346771593	0.0979758576	-0.0589528559	0.0084268756	0.0118670981	0.0430996436	-0.0785935417	0.0215211596	0.0821970683	0.1459255038	0.1251049691	-0.0965189688	-0.0490218301	-0.0104498916	-0.052481052	0.0808817222	0.010529345	-0.0946911159	-0.1239333781	-0.0922964549	0.0262871971	0.1800465429	0.0713087041	-0.0519156879	-0.1054274779	0.0443389198	-0.0103300551	-0.024767001	0.0087066865	0.1289847675	0.0659082154	0.2143501484	-0.0516815258	0.022917726	-0.0371862994	0.0425245065	0.0589805737	0.2203493483	0.0521553244	0.0787355608	0.0179216953	0.075085477	-0.0715831159	-0.0373330953	0.136075148	-0.128692707	0.0207602351	-0.1190726632	0.0170968355	-0.0219101819	0.0776674573	-0.021111664	-0.0181171225	0.0825780486	0.0029885811	0.0088667901	0.1144147637	-0.0543925737	-0.0774191829	-0.0702603809	0.0659947254	-0.0794590143	0.1046341069	0.0609360129	0.1563041288	-0.0652931405	-0.0168533378	0.0180954256	0.0177765423	0.0369711544	0.0221039793	0.0180983383	0.094820201	0.084918742	0.0514448081	0.0377302299	-0.0117411406	0.0365391337	-0.0243008415	0.0162953002	-0.093823572	0.0628888176	-0.0348713894	0.1500298605	0.0225558962	0.0177226101	0.1070968848	0.1328812158	0.0638478492	0.1615315011	-0.0783083442	0.0546900207	-0.0799246852	-0.0301376669	0.1172407796	-0.1150284477	0.0264357462527442	-0.0240352522677796	0.0006988486799394	0.0005776933515758	0.055372051795004	0.0001180471610097	1.3935132222473372e-08	0.0030660641199886	0.0810949673112944	0.0366780369877944	0.001345278397278	0.0065763937232199	-0.0006770480425564	0.0001349394621377	4.583940519294529e-07	1.8208658442011774e-08	-0.000642449972767	1.8565763191099957e-05	3.4468756286800193e-10	4.1274196750831915e-07	-0.000148717349762	-0.0001874489616429	3.513711322101246e-08	2.2116850120233042e-08	0.0	0.0	0.0	0.0	0.0	0.0	0.0
804.4224114122271	-1.601031946415901	2.5633032934442888	647095.4159822623	963.7387509718008	-7.589025159254447	928792.3801246866	57.59330286779699	762.4258038064708	-0.4306854437597849	581293.106309943	0.1854899514665628	847.2589820466341	719.0980454905372	0.928555	30.872236	0.0709937057921687	0.0359536581407132	-0.0239591503	0.0180463692	0.1096510787	0.0917610516	0.0188647064	-0.0205738255	0.0287484806	0.0831405374	0.0454685695	0.0428743265	0.1941552482	0.1720303488	0.0677225787	-0.0084544269	-0.0294362025	0.132571343	0.0415789458	0.0392286683	0.026346589	-0.0134952359	0.1471014029	-0.0614395801	-0.0002154147	0.1495985017	-0.0407348161	0.0514964346	-0.1109499232	0.0548114135	-0.192134069	0.0415652113	0.1010653264	-0.0077637999	-0.0869550984	-0.0821205853	0.0944986415	0.1153710444	-0.0779682915	-0.026194775	-0.1737226314	-0.1549623341	0.0161220261	-0.1082251698	0.0380400802	0.0843241888	-0.0736613789	-0.0352281237	-0.0018132203	-0.1112335721	0.1285678033	-0.0827927952	-0.0781001669	0.0351203951	-0.0880266316	-0.1603318999	-0.0326278829	0.0075096565	0.0188290016	-0.0289453452	-0.0447018693	0.1366065282	0.1146832458	0.0468399186	0.1279994499	0.0279904546	0.0621340261	-0.0174545748	0.1089992659	0.0340663461	0.0870343254	-0.0965774134	0.0629192314	-0.0603403469	0.0178652199	0.0901391438	0.0361095049	0.0236578331	0.0821594824	-0.0037884186	-0.1306179434	0.0666072672	-0.0930739645	-0.0209842314	-0.1427258622	-0.0169926526	0.157450502	-0.1155484259	-0.0598766889	0.2086277665	0.1437802567	-0.085424948	0.0128449707	0.0535359796	0.0091297533	-0.0251370765	0.0735267261	0.0865355846	0.1114914813	-0.0515715339	-0.0296872606	0.1161101801	0.0291882079	0.046752803	-0.1897868367	-0.0191108068	-0.1061214564	0.0974422623	-0.0269926241	0.0256878355	0.0564501181	0.0413602534	-0.0848356349	-0.0525110657	0.0090589131	0.1352830916	-0.0825512202	-0.0235265052	0.1126387502	-0.1205247148	0.0427318468806987	0.0162961006279545	0.0018260107378354	0.0002655628956764	0.0789170367919638	0.0235449849969597	0.000554366318507	0.0062278986960241	0.0775674175961	-0.0035275497151943	1.2443606993168056e-05	0.0060167042725277	-0.0005876174978412	8.943054471519996e-05	3.452943237691527e-07	7.99782232805738e-09	-0.0010239370252598	-0.0003814870524928	1.4553237121964438e-07	1.0484470316978885e-06	-0.0002303011615952	-8.158381183320001e-05	6.655918353234986e-09	5.3038625032098425e-08	0.0	0.0	0.0	0.0	0.0	0.0	0.0
804.7838875440247	0.3614761317975308	0.1306649938593058	647677.1056504733	962.6090573791072	-1.1296935926935705	926616.1973482931	1.2762076133729063	761.4782027155716	-0.947601090899184	579849.0532109371	0.8979478274733234	848.2234354781281	716.3700352298429	0.9977	33.171162	0.1364789845684609	0.0774176209345021	0.0075459534	-0.0298707811	0.0565061115	0.0983748815	-0.0059341763	0.0077362642	-0.0581616382	-0.1046733796	0.1259326114	-0.0684286383	-0.0506772609	0.0059739503	-0.0103730748	-0.0499758719	0.1303967001	-0.0237832601	-0.0130748334	-0.1081777372	-0.1144328705	-0.0363585753	0.0614851674	0.0413249597	0.1277391251	-0.1720107329	0.1332002568	0.1246209274	-0.0123323948	0.0105862594	-0.0419886878	-0.0015888646	-0.0486428952	-0.0766807355	0.0430662198	0.0518525556	-0.0124985057	-0.1554943972	0.036020756	0.0039889307	0.0988609472	-0.0902975543	0.0676266937	0.0195381337	-0.0589206263	0.1328952246	-0.0799732313	0.0229770537	0.0539805485	-0.0335674651	-0.0815867139	-0.068408675	-0.1092492144	0.08915599	-0.0968805058	-0.0674018306	0.069861606	-0.0689583168	-0.0303494245	0.0680164219	-0.1192889571	0.0431993615	-0.0597026848	-0.0827186181	-0.1373227195	0.0779606001	0.1482686389	-0.0722248517	-0.0075668891	-0.0234206504	-0.0158537905	-0.0287659637	0.0741948949	0.0521136271	0.0503189478	-0.0328538201	-0.0249337935	-0.0815001115	-0.1312729264	0.1104161515	0.0795576341	0.097950043	-0.0490934332	0.1259822423	0.0206627685	0.103602057	0.1061954702	0.0663527218	-0.035206911	-0.1084590765	-0.0571578411	0.0176619592	-0.0322008957	0.0875811999	0.0414442119	0.0286050581	-0.0898269065	0.0500020093	-0.0113236897	0.0267231662	-0.0507559275	-0.0863510668	-0.0668052615	-0.0847082394	-0.0921857179	-0.1378495906	-0.0782240586	0.0508688754	0.0975713449	0.0367663902	0.0219640874	-0.0119352676	-0.018420879	0.1615466785	-0.0717597095	-0.0168809809	-0.0851211787	-0.016850859	0.1073422654	-0.124700488	0.0502042428340274	0.0074723959533287	0.0025204659985379	5.583670128332314e-05	0.1453884957562792	0.0664714589643154	0.0044184548568446	0.0211378146982736	0.0398589050156132	-0.0377085125804868	0.0014219319210327	0.0015887323090436	-0.0008220946137858	-0.0002344771159445	6.758395540156236e-07	5.497951790169735e-08	-0.0007753999792734	0.0002485370459864	6.177066322764595e-08	6.01245127857189e-07	-0.0002438193410708	-1.3518179475600006e-05	1.8274117633453328e-10	5.9447871080199104e-08	0.0	0.0	0.0	0.0	0.0	0.0	0.0
810.6587297934204	5.874842249395783	34.513771455285706	657167.5761902819	973.2965604768576	10.687503097750437	947306.1946360812	114.22272246442516	765.5207966869663	4.042593971394695	586022.0901602475	16.342566017556727	853.1635138324218	734.6990547710486	1.04352	34.694569	0.144338394496372	0.0934927751071781	-0.0891517918	-0.0348908179	0.0974403043	-0.0091291793	-0.0588656127	-0.0930821292	-0.0943191373	-0.0427161148	0.0320100761	-0.1078207901	-0.0459628401	-0.0494116468	-0.0995230946	0.1954481294	0.1903935001	-0.0611108157	-0.0921405843	0.0945826955	-0.0105038299	-0.0459417808	-0.0443644951	0.1495522265	0.2480142842	-0.0360599434	0.0344536574	0.0517343039	0.0050529558	0.0221731923	0.074071938	0.0454742675	-0.0714672307	0.0163892409	-0.0822223729	0.1093274095	-0.2321961689	-0.0251586188	-0.0798408481	-0.0948138826	0.117085884	0.1100525607	-0.0078854271	0.0585991049	-0.0046034523	-0.0952918685	0.0783078554	0.1649737734	0.0783880652	-0.0430402934	0.0391446945	-0.1232092059	0.0442437193	-0.0410717147	-0.0075078356	0.0212176907	-0.0761651415	0.0072623711	-0.1607711982	0.0655936124	-0.0493760559	-0.1032916828	-0.07263271	0.0514565212	-0.2095828739	-0.1651533982	0.1898990278	-0.046351059	-0.0990797752	0.0309649398	-0.1913774323	-0.0269220946	0.1603907783	-0.0626998462	0.0440141849	0.1154565301	-0.1690730388	0.0521631067	-0.1125003904	-0.0981925948	0.040609941	0.066033474	-0.0818168671	-0.0162664739	-0.08779871	-0.0183679402	-0.0211772822	0.0676013948	-0.095632847	-0.0338073537	0.0230126076	-0.0847878456	-0.0202939547	0.0705153168	0.0697552896	0.0465652197	-0.2326457151	0.095360372	-0.1124539858	0.0463075199	0.0297676097	-0.2117814501	-0.0883648439	-0.1958276302	-0.1275878515	-0.0359343318	-0.0556490615	0.0398697935	-0.188016136	0.1179323913	-0.0240473682	0.0558615344	-0.1777634347	0.0466666917	-0.1411875513	-0.1159395227	-0.0876327994	-0.0101290257	0.1013839798	-0.1275100165	0.0503519089855615	0.0001476661515341	0.0025353147384902	2.180529230889249e-08	0.2316653968946695	0.0862769011383902	0.0074437036700435	0.0536688561183647	0.0341646947362406	-0.0056942102793726	3.2424030705712576e-05	0.0011672263664205	-0.0012138870988127	-0.0003917924850269	1.473521888663914e-06	1.5350135132355374e-07	-0.0006936985993091	8.170137996429993e-05	6.6751154880709106e-09	4.812177466834073e-07	0.0003270791324795	0.0005708984735503	3.259250671020626e-07	1.0698075890354233e-07	0.0	0.0	0.0	0.0	0.0	0.0	0.0
810.0061977593448	-0.652532034075648	0.4257980554949026	656110.0404085508	974.0387586093118	0.7421981324541775	948751.5032731692	0.5508580678184689	765.9758432329071	0.4550465459408315	586718.9924163631	0.2070673589726812	853.970997546713	739.3711777157647	1.146358	38.113689	0.2822849289529687	0.1372373492118961	-0.100331501	-0.1509573458	-0.0539521373	0.0089994967	-0.2215721857	-0.1008740782	-0.0173870153	-0.0008384009	0.2618639839	-0.0729506619	-0.1326396222	-0.2500625996	0.1141965296	0.2393241478	0.1573988175	-0.0507204377	-0.1585482358	0.0848849095	0.2026491415	-0.0483213174	-0.2081280881	0.1270604303	0.0921608434	0.0020113108	0.0841249874	0.0213381606	-0.0363672537	-0.0416623342	0.0975351569	0.1886808578	0.0364958199	0.0210224397	-0.1022379428	-0.0835756334	0.0754009813	-0.0258149839	-0.068418439	-0.0494508041	-0.1558325487	-0.1895702893	-0.0746284439	-0.0650523808	-0.0441898193	0.0873588475	0.1530268432	-0.0363986274	0.0787505528	0.2206221864	0.0882907821	0.012855032	0.0494936722	-0.0424266303	0.1467651868	-0.2175527327	-0.0527415465	-0.0235909103	-0.2024010403	0.3259495392	0.1022003231	-0.1049347208	-0.2393601344	-0.1106563146	-0.1621474923	-0.0369495528	-0.0370348768	-0.0475335039	-0.0255758813	0.0386174054	0.1354582323	-0.1829295794	-0.0019825937	-0.1019095897	0.119745052	0.0015829447	-0.0361057484	0.0316923751	-0.0266381109	-0.005560623	-0.1326740756	0.0578865417	0.0387174645	-0.1636648488	-0.1033691864	0.077290055	-0.0728418913	0.1148552205	0.0219366855	0.1166073554	0.0450023627	-0.0073756425	-0.0912167847	-0.1436533384	0.2073990645	0.0449273546	-0.2705143866	0.0130070336	-0.2366943858	0.2350750389	-0.0424122687	0.0983178841	-0.0671366278	-0.0992853043	0.0962313608	-0.2057625461	-0.0905240352	0.3510910021	0.0630758617	0.0538548266	-0.060572932	-0.1351901616	0.2609497623	0.1795892709	0.1291855981	0.0218387122	-0.090084361	-0.0033794295	0.0948006283	-0.1289225186	0.0719040187983353	0.0215521098127738	0.0051701879193513	0.0004644934373818	0.1264235101529607	-0.1052418867417088	0.0110758547249546	0.0159829039193957	0.0227314956284345	-0.011433199107806	0.0001307180418387	0.0005167208935055	0.0002938585413743	0.001507745640187	8.63528423386312e-08	2.273296915502907e-06	-0.0004812814695382	0.0002124171297709	4.512103702010738e-08	2.3163185292084934e-07	0.0014880710283352	0.0011609918958557	1.3479021822426126e-06	2.21435538537058e-06	0.0	0.0	0.0	0.0	0.0	0.0	0.0
807.4521396778642	-2.554058081480548	6.523212683576098	651978.9578703612	975.0610802697796	1.02232166046781	950744.1102568696	1.0451415774616604	762.9197141280085	-3.0561291048985595	582046.4902051623	9.33992510580807	852.5922072289057	739.9288511514885	1.231185	40.933968	0.3339354923931101	0.2336229389704461	-0.0635097008	-0.2981459978	-0.0207614422	-0.0768548553	0.043648395	-0.1058575747	-0.165332144	-0.0479997436	-0.0380050177	-0.0018749343	-0.0605851868	-0.1187250567	0.0218564746	-0.0040299982	-0.056947582	-0.019972953	-0.1129829932	-0.1516616893	0.289967028	-0.0787078253	-0.0274472317	0.1437544048	0.0125358611	0.0906837822	-0.1397439914	0.065088295	0.090663851	-0.0277177855	-0.2141263335	-0.0216180459	0.0396945275	-0.1419202145	0.0620221374	-0.2438167763	0.0342242476	0.0282229953	0.1091971655	0.1136791339	0.1143358673	-0.1166316008	0.0111157324	0.1214924105	-0.0207505609	-0.0591302446	0.05295363	0.0265659822	0.0605379697	0.1010844771	-0.1850320649	0.1130671958	-0.0725264957	-0.0840387518	0.0180390666	0.0533153241	-0.0029857267	-0.0690226253	-0.2248418745	-0.0260992591	0.0277627477	-0.1540182462	-0.0968529684	0.0371880478	-0.0069128683	0.0005210163	-0.082430472	-0.0583236504	0.0815078922	0.1629066857	0.2278050118	0.1085455225	-0.0716312484	-0.1319984593	0.165705576	-0.15139518	0.0783047594	0.0567768891	0.0628615747	0.3304582362	0.0147102159	0.1501072436	0.1268773655	-0.0728557118	-0.0169297487	-0.0959812493	0.0996702145	-0.1820455486	-0.0080116097	-0.037000618	-0.0404847188	0.0274074353	-0.2763128854	-0.3392969397	-0.0935304205	-0.2189990783	0.0090475793	0.0303222114	-0.1624674294	0.1155604354	0.0590949183	0.2696170485	0.1315087542	0.0731450372	0.1347380813	-0.0835745552	0.2388399881	0.1935514249	0.1847761155	0.1123233491	0.0717759369	-0.2944731878	-0.2118037558	-0.0991789284	0.0138572391	-0.0536251757	-0.0924741833	0.0033794295	0.0876327994	-0.1289225186	0.0050208038340571	-0.0668832149642782	2.520847114008248e-05	0.0044733644439578	-0.0941930340759	-0.2206165442288606	0.0486716595874848	0.0088723276684236	-0.0132543793810668	-0.0359858750095013	0.0012949832001994	0.0001756785727772	0.0003878300265027	9.39714851284e-05	1.50412129457085e-07	8.830640017237103e-09	-0.0004792334553738	2.0480141644000044e-06	4.194362017583048e-12	2.2966470474951198e-07	0.0013750933638186	-0.0001129776645165	1.2763952679625407e-08	1.8908817592179528e-06	0.0	0.0	0.0	0.0	0.0	0.0	0.0
802.6147204422361	-4.83741923562809	23.400624861224657	644190.3894705689	959.7183925276952	-15.342687742084422	921059.3929559432	235.3980671511076	761.4849556300951	-1.4347584979134351	579859.3376509679	2.058531947334817	845.08631957118	712.794177521148	1.22798	40.827412	0.248438358663382	0.1205795359641018	0.0047271579	-0.1211016614	0.0188883551	-0.0555654102	-0.0585363203	-0.0112933397	-0.0647387191	0.0041962089	-0.1657986994	0.1660924989	0.0228116212	-0.0885149903	0.0890026873	-0.0731718193	-0.3105528641	-0.1391531707	0.1103578857	-0.2045289707	0.1263127221	0.0941980392	-0.0154894266	-0.1517052748	-0.1954986426	0.013200988	0.1746843087	0.0864406294	-0.07677053	0.0469786698	0.0336405368	-0.0162372771	0.1457840136	-0.0373085472	-0.1074761379	0.0976234487	-0.1296810715	-0.0790993191	0.0026317744	0.0390269838	-0.0091766938	0.0096133931	-0.0158554829	-0.0884755213	0.1584614453	-0.2315522113	0.0620287208	0.1290503272	0.0190534277	-0.0932182866	0.1119913525	0.0359876343	-0.1245576526	0.0216514211	-0.1623591385	-0.018188128	-0.0814236023	-0.0210175422	-0.0119805399	-0.2628969333	0.0773275414	-0.0506317814	-0.0288144903	-0.0706892228	0.2271892274	0.0763711229	-0.2297551136	0.0532361928	-0.0403461587	0.1600579033	-0.0378689613	0.0141784323	-0.116200748	-0.1280128874	-0.1808908303	0.277256172	-0.0909665873	-0.0834385041	-0.1539643852	-0.1223446242	-0.1233306674	-0.0780911203	0.1093520604	0.0463996598	0.0640337977	0.0369161268	0.1611923049	0.106091085	0.0445011805	-0.0842936293	0.0328861069	-0.0747843954	-0.1138063003	-0.1265523999	-0.0694519629	-0.0705109448	0.3007548768	-0.0337435303	-0.0484834272	0.0286385764	-0.0326028009	0.0122057084	0.1121766956	0.0578080529	0.1346657982	0.0745505897	0.14287205	-0.0131312203	-0.2877216095	-0.1367311375	-0.0017735101	0.0535288117	-0.0188850823	-0.0847136579	-0.1207849973	0.1558520966	-0.0948006283	0.0101290257	0.0799246852	-0.1275100165	0.0286566000569195	0.0236357962228624	0.0008212007268222	0.0005586508630886	-0.1429903458990082	-0.0487973118231081	0.0023811776411616	0.020446239020318	0.0609616758200246	0.0742160552010914	0.0055080228496114	0.0037163259187857	-0.0004178700884303	-0.000805700114933	1.7461541080474674e-07	6.491526752030496e-07	-0.0007030772207006	-0.0002238437653268	5.0106031275679524e-08	4.943175782680802e-07	0.000368853335752	-0.0010062400280666	1.012518994083472e-06	1.3605278329537766e-07	0.0	0.0	0.0	0.0	0.0	0.0	0.0
802.3017954344455	-0.3129250077906818	0.0979220605007982	643688.1709573348	950.390371011504	-9.328021516191145	903241.8573113844	87.01198540652491	764.3041215789984	2.8191659489033327	584160.7902626444	7.947696647456028	847.0381159895697	693.2988913521046	1.148632	38.189285	0.3960218777293883	0.3031865029817899	0.0627642579	-0.0244296112	-0.0478155635	-0.0846277229	0.0327083418	0.0691202533	-0.0248841465	-0.0210177388	-0.130025762	-0.0537742071	-0.0543967023	-0.0577734304	-0.0249651609	-0.0149532651	-0.0481697737	0.0845732467	-0.0437580574	-0.0480362811	0.0807363063	0.1435105169	-0.1921015994	0.0174717821	0.0675090453	-0.0661682389	0.0046958251	-0.0556199237	0.0247946347	-0.0733953489	-0.0062764128	0.0640736679	-0.0701262432	0.1070723133	-0.0642357459	0.1266176512	-0.0311580595	0.0456660508	-0.0027986096	-0.0255120285	0.0426055078	0.0440055945	0.1041509226	-0.0617208706	-0.0907294886	-0.0205136786	-0.0090616262	-0.0384113676	0.0036561362	-0.1648375534	-0.0111016164	-0.0122693445	-0.0042575331	-0.1519337027	-0.1317757407	-0.0313757834	-0.169070386	-0.0453684348	0.0110493962	-0.0335242506	-0.0333143029	-0.0925033677	-0.0472400265	0.0964305623	0.0380646551	-0.1104643147	-0.0904099711	-0.0954802589	-0.1459920924	0.0587477463	-0.0120229147	-0.0010348936	-0.0011630607	0.1352748994	0.0379305157	-0.020933077	-0.0771756743	-0.1618181961	0.006384322	-0.1038229127	-0.0740292707	-0.0990448941	-0.0160066962	-0.1100029397	-0.0896638355	-0.0734613341	-0.0906258511	0.039990776	0.0052711381	-0.0338627049	0.1627389549	0.1895035024	-0.0505750718	0.0679667212	0.0707485084	0.0367404021	-0.1268129124	-0.0351696978	-0.0612411007	-0.0906807497	0.1581739415	0.0117761451	-0.075735206	0.0325777855	-0.0086910953	0.1389943552	-0.124644448	-0.0886947565	0.0208271067	-0.017437544	-0.1348553022	-0.1579798902	0.008635115	-0.1225935682	0.0101539088	-0.0132793943	-0.0970621018	0.016850859	0.0717238087	-0.124700488	0.0108672840914323	-0.0177893159654872	0.0001180978635238	0.0003164597625199	0.1608678564465862	0.3038582023455943	0.0923298071326961	0.0258784672377194	0.0732822323816364	0.0123205565616118	0.0001517961139878	0.0053702855828361	-0.0015269018054744	-0.0011090317170441	2.331429123560983e-06	1.229951349409785e-06	-0.0007362061283668	-3.312890766620001e-05	1.097524523155606e-09	5.419994634448332e-07	0.0002699379033284	-9.891543242359996e-05	9.784262771547767e-09	7.286647165333263e-08	0.0	0.0	0.0	0.0	0.0	0.0	0.0
801.2499944898424	-1.0518009446030874	1.1062852270679469	642001.5536699725	954.3144577378076	3.924086726303585	910716.084247406	15.39845663555199	764.2981404369663	-0.0059811420321693	584151.6474754045	3.577406000898318e-05	848.2114946476584	700.2333744356653	1.095903	36.436188	0.2808457363830947	0.1600857574827172	0.0555231845	-0.0605142689	-0.0177351949	0.1740883946	-0.1331633638	0.0213508514	-0.0461627031	-0.0514192222	0.1947425887	-0.1400266045	-0.0053259555	0.1159497106	-0.0171404434	0.0462373352	-0.141579256	0.0097845391	0.087087429	0.0551649507	0.1105674386	-0.1416240834	0.0179941013	-0.0888916957	0.0614584857	0.0017852177	-0.0605478582	-0.0600895282	-0.0030365572	-0.113060072	0.1055479208	-0.0609797146	-0.0258631587	-0.0973134346	0.1089207558	-0.1068465686	0.1621492424	-0.1796124266	0.1187470925	-0.0857881388	-0.2000526848	0.0069040088	0.1037763069	-0.1368334987	-0.0630542645	-0.1083591088	0.0152507775	0.1175704431	-0.0469960408	0.0975109932	-0.0661175179	0.0009845633	0.0887576337	-0.0926996797	0.1048431872	-0.1009534854	0.0034503564	-0.0945936002	-0.0284782507	0.2125944343	-0.0564891492	0.0262306153	0.058204558	-0.1089839923	0.0291141776	0.0547942592	0.0228949163	0.145097534	0.0201485975	-0.034708303	0.0092210395	0.2534450261	-0.0972306591	-0.0588058495	0.0773858498	0.1161260973	0.2490849765	-0.1033898553	0.0778177734	-0.1181963209	-0.0060949832	0.0399404751	0.0543409648	0.0571076151	-0.0160756088	0.0291443258	-0.0978937265	-0.080733395	0.0678342817	-0.0318668557	-0.0169174876	-0.0166198024	-0.0852353667	0.0367196189	0.0280078372	0.0284854376	-0.0637027848	-0.074666644	0.0965930886	0.0381297379	-0.3015984199	0.0149385281	0.0447924366	0.0045586241	-0.0019207531	0.0250836626	0.0122206412	-0.1258718655	-0.2521890408	-0.0795778215	-0.1832269467	-0.0484303849	0.0688589627	-0.025116683	0.0768858732	-0.1545717979	-0.0992570537	0.0235265052	0.063080731	-0.1205247148	0.016057250485403	0.0051899663939707	0.0002578352931509	2.6935751170545235e-05	0.0131410647052092	-0.1477267917413769	0.0218232049982001	0.0001726875815864	0.0896538382022384	0.016371605820602	0.0002680294771451	0.0080378107043931	-0.0003011405452893	0.0012257612601851	9.068562801713697e-08	1.502490666970565e-06	-0.0012459666045026	-0.0005097604761357	2.598557430301975e-07	1.5524327795357383e-06	-0.0002256878088936	-0.000495625712222	2.4564484661556475e-07	5.093498708319411e-08	0.0	0.0	0.0	0.0	0.0	0.0	0.0
800.8600168763261	-0.3899776135162938	0.1520825390438638	641376.7666311493	950.558665498774	-3.755792239033667	903561.77655481	14.105975342785529	762.5391936687209	-1.7589467682453233	581466.0218809431	3.093893733520667	846.3581559735292	691.5597104274973	1.194681	39.720303	0.1834078291787365	0.0900025201740096	0.0909091868	-0.0568488802	-0.0237370122	-0.127885134	0.1133708816	0.0836745985	-0.0870456968	0.0175573347	-0.0470864973	0.1231765733	0.0019091791	-0.2012899911	0.0273908692	-0.1389058282	0.1521209072	-0.0665594987	0.1842730214	0.021680645	0.0588918628	0.0545288603	-0.0196484159	-0.0757260491	0.1844890089	-0.0778187478	-0.0280131698	-0.1815011351	0.1230222726	0.154735123	-0.0513994262	0.1706308686	0.1470099569	-0.0526324116	0.281073345	0.0364787702	-0.0067107233	0.0399569716	0.0615396597	-0.0039643416	0.0536715694	-0.1165090408	-0.0207164523	0.1210696432	0.0373816566	-0.032623955	0.0495248139	-0.0801993427	-0.103437817	-0.092333044	0.0724540169	0.0971714243	0.01231609	0.1004940181	0.0245648907	0.0294473581	-0.0880033199	-0.1045265056	0.0146799919	-0.1383795923	0.1460433333	0.0493780711	-0.1849792837	0.1637336153	-0.1381191455	0.048339449	-0.1222597272	-0.047111089	-0.1581513206	-0.0269395622	0.0596285789	0.0200602198	-0.0211727071	-0.0400621519	-0.0126399104	0.0283822219	0.0210586826	-0.0071958353	0.0318202172	-0.0397235345	-0.0124236139	0.0225676293	0.0694421817	0.0551230393	0.068998013	0.0205675147	-0.13351297	0.028226754	0.0723697878	0.2532789654	-0.0589413996	-0.0554674138	-0.0942646906	0.0934284324	0.0367568176	0.0344924708	0.0569947217	-0.1001103285	-0.1638194919	0.0422037467	0.2008840531	-0.0853181744	-0.1051811459	-0.0193942448	0.0130087711	0.2167991975	-0.0878896202	-0.0854760762	0.0066961125	-0.0639844673	-0.0685342137	-0.0225728332	0.1389022474	-0.0866803458	-0.0387716823	-0.0379507112	-0.1013839798	0.0301376669	0.0540487397	-0.1150284477	0.0384951094798111	0.0224378589944081	0.0014818734538626	0.0005034575162529	0.0872794532472482	0.074138388542039	0.0054965006556103	0.0076177029591385	0.083968741214619	-0.0056850969876194	3.2320327758639215e-05	0.0070507495011676	-0.0009388978853787	-0.0006377573400894	8.815292391685945e-07	4.067344248379066e-07	-0.0007566270017242	0.0004893396027783	2.3945324684732217e-07	5.724844197381526e-07	0.000270144941332	0.0004958327502256	2.458501161962823e-07	7.297828932726973e-08	0.0	0.0	0.0	0.0	0.0	0.0	0.0
801.6648382782905	0.804821401964432	0.6477374890599937	642666.5129317577	951.2888233577106	0.73015785893665	904950.4254452976	0.5331304989669529	761.7737450641134	-0.7654486046075135	580299.2386690049	0.5859115662955896	846.3901751211343	700.1665132467784	1.233162	40.999714	0.0816936221314023	0.0399265483857846	0.0490722665	-0.0824686068	-0.0579432084	0.0721852211	-0.0746962724	0.0604137198	-0.0797833907	0.0325951733	0.0549807301	-0.1720049417	-0.1466885788	0.1458381165	0.0083357113	0.0355561935	-0.0545976493	0.054486331	0.0525351923	-0.1131024836	-0.0489007776	0.085048238	0.0417663025	0.0221278094	0.0827967687	0.15084184	0.0916847598	0.1323663883	-0.0620345558	-0.1389242274	0.2968966531	0.0965357702	-0.0055536506	-0.0270753586	0.0426006227	0.0379950238	0.0920681559	0.0552354694	-0.0361009948	0.1230746539	-0.0096298635	-0.0730679267	-0.0640929764	0.0663134958	0.1600262426	0.0845431435	0.0106371094	0.0687170412	-0.0434752924	0.1151437296	-0.1335685446	-0.041229451	-0.0129288051	0.0891575254	0.0460075379	-0.0747849972	-0.0386849463	-0.0853185587	-0.0061449678	0.1664870177	-0.1847924499	-0.1377740694	0.1368750609	-0.0821169994	0.0145506672	0.0532482525	-0.0514749998	-0.0114805331	0.0535041872	-0.0050924706	-0.0254487991	0.0134360246	-0.0053031932	-0.0393474376	0.1321714291	0.1575639185	-0.0967029512	-0.0776185879	-0.0323915505	0.0473701615	0.0813421525	0.0050075661	0.0280469413	0.0595835095	0.0845191695	-0.0706086142	-0.0137344895	-0.0052871741	0.2028650161	0.072860894	-0.155952522	-0.1043119994	-0.0832933555	0.0734605989	0.0278608197	0.0146001802	-0.221682269	-0.0315938643	0.0842120259	-0.1194840719	-0.1536416881	0.1020299653	0.0628655567	0.0321702498	0.025790165	0.0538028198	0.1160010533	-0.0749443825	-0.2337476739	-0.0121723119	-0.0630914058	-0.0102138011	0.0823253232	0.0066490845	-0.1812540011	-0.0787205078	-0.1034414224	0.0366662233	0.0446835199	-0.1082719048	0.0460828795158505	0.0075877700360394	0.0021236317844723	5.7574254119817374e-05	0.1193317333491137	0.0320522801018655	0.0010273486597284	0.0142400625841039	0.0606709921418016	-0.0232977490728174	0.0005427851118599	0.0036809692874705	-0.0011959359809669	-0.0002570380955881	1.4302628705712611e-06	6.60685825836086e-08	-0.000771099496877	-1.4472495152799913e-05	2.0945311594781695e-10	5.945944340839625e-07	0.0001665390736594	-0.0001036058676726	1.0734175816192309e-08	2.7735263055331062e-08	0.0	0.0	0.0	0.0	0.0	0.0	0.0
801.3866866746133	-0.2781516036772018	0.0773683146281991	642220.6215793148	956.3314907533904	5.042667395679814	914569.920206602	25.42849446345224	761.5852227442012	-0.188522319912181	580012.0515023347	0.0355406651050707	846.3077009336995	693.4778790443004	1.166651	38.788368	0.2179284896277376	0.1467569744007443	0.0556459051	-0.0806865849	0.0297756251	-0.0835903629	0.0933136863	0.0094334767	-0.1349201284	0.0231016532	0.0029416565	-0.0272986371	-0.0088377299	-0.1665954052	-0.1598840665	-0.202719102	-0.0084610893	-0.0964192261	0.1010320773	-0.110865498	0.0177029721	-0.0469456569	-0.0352315141	0.0674120219	-0.0081976408	0.0087460979	-0.0266630374	0.0054607533	0.0919889211	0.2018524551	-0.0274266504	-0.0424754692	-0.0875121887	-0.0791474496	-0.1176527773	0.0450621435	-0.0766257763	0.0300747305	-0.084315965	-0.0759606762	-0.0691327971	-0.1093348549	0.0093855899	-0.1284101769	-0.0312616839	-0.0308032798	0.0394028468	-0.2348251506	-0.0884800703	0.1022440272	0.0533680128	-0.1107728027	-0.0165291099	-0.0168294726	0.0186524611	0.0604310699	0.148472386	-0.1194031769	-0.0379641971	-0.1241835908	0.0945765965	-0.0283554432	-0.1508713257	0.0255394429	-0.0773577648	0.2295676783	0.0458655624	-0.054115815	-0.1227964493	-0.1076831259	-0.0863481269	-0.0685130777	-0.0854927193	0.0408563014	-0.0001163712	-0.0342444275	0.0629546411	-0.0344715348	0.0361489284	0.0774200478	-0.0148052639	0.0864181446	-0.0779750918	0.1071394336	-0.0695710233	-0.0367464413	0.0255862682	-0.0178802612	-0.1420927531	-0.012683029	0.1238118093	0.0730013411	-0.1053157166	0.0420083628	0.0278195448	0.0507468841	0.1193687934	-0.0962592089	-0.1351821618	0.1244590597	-0.0269998901	-0.0495979909	-0.1245733882	-0.0354163978	0.0610414259	0.1006071283	0.0394565714	-0.0510298117	-0.0231326841	-0.1537274812	0.0115502443	0.0158040089	0.1378757859	-0.0373804085	-0.0097831094	-0.0603781078	-0.1054279714	0.0430942802	0.0350428114	-0.1003291122	0.0317974412855619	-0.0142854382302885	0.0010110772723087	0.0002040737454313	-0.0267806354807618	-0.1461123688298755	0.0213488243250775	0.0007172024367534	0.0820643869081152	0.0213933947663136	0.0004576773396273	0.0067345635986048	-0.0007819234234341	0.0004140125575327	6.114042401149028e-07	1.7140639779485e-07	-0.0005666056988928	0.0002044937979841	4.1817713414002774e-08	3.210420180177984e-07	0.0002707784741676	0.0001042394005081	1.0865852618308924e-08	7.332098207253361e-08	0.0	0.0	0.0	0.0	0.0	0.0	0.0
800.2847723822232	-1.10191429239012	1.2142151077736187	640455.7169068668	945.934222309302	-10.397268444088468	894791.5529359039	108.10319109843785	762.9329800244444	1.3477572802431723	582066.7320089793	1.816449686448473	844.6561650632525	690.4812178236119	1.114069	37.040157	0.2221391194644857	0.1675039845235355	0.059156239	-0.0431049075	-0.0817520649	-0.0480764966	-0.0565503574	0.1018711438	-0.007726478	0.1408863689	0.0149116247	-0.0723067258	-0.0513284543	0.0539067335	0.0712192859	0.1762959621	-0.0270195379	-0.0076587114	0.0779514169	0.0828271552	0.0499831544	-0.0845863694	-0.0544220657	-0.0024937064	-0.1409269281	-0.0933385422	-0.1248221282	0.043274844	0.1828555111	0.0653968012	0.0962923279	-0.1369595348	0.0815440195	0.0273498596	0.0598538292	-0.0230910054	0.0271788405	-0.0734476362	-0.0908005171	0.0013813951	0.0241781167	-0.0421438002	0.0329647843	0.0034032295	-0.1227074189	-0.0037539327	-0.021399465	0.0511239215	0.0632742768	0.0936107714	0.0668708371	-0.2322407872	-0.1399771695	0.0142913868	0.0020602521	0.0891527667	0.1121885745	-0.0551367411	0.0592501708	0.0618034739	-0.0382572088	-0.0711083495	0.1098665373	0.0386199907	-0.0110202546	-0.1237609813	-0.0998772	0.0830996664	0.1096327926	0.0175794496	-0.1043937451	0.0817335566	0.0094099668	0.0573829963	0.0059659903	0.0519075667	-0.0599863471	0.1327826247	0.0428421709	0.0658265621	-0.11142822	0.1695316323	0.1134239337	0.1204488927	-0.1526084715	0.0971974158	-0.1501176108	0.0843174272	0.0773687287	-0.0780578583	0.0025640989	0.2218654008	-0.0438093264	0.0655789873	0.0346146041	-0.0068316275	-0.1502954553	-0.0258393593	0.0492686193	-0.1234068754	-0.0313548665	0.149503928	0.0321960895	0.0352624374	0.0102575387	0.0722167965	0.0738126131	-0.0747350249	-0.0840369868	0.0344956748	-0.0041122416	-0.0244035506	-0.0271659331	-0.0066614715	-0.1013290043	-0.04187316	-0.1073422654	0.0494042187	0.0251860523	-0.0912870929	0.0390756674440098	0.0072782261584478	0.0015269077861948	5.297257601351527e-05	0.1371907570007948	0.1639713924815566	0.0268866175523406	0.0188213038064511	0.1180479823033664	0.0359835953952512	0.0012948191375691	0.0139353261258959	-0.000978910054363	-0.0001969866309288	9.582648945329717e-07	3.880373276471865e-08	-0.0006671323898477	-0.0001005266909548	1.010561559434196e-08	4.4506562558390366e-07	0.0002701736874668	-6.047867008000135e-07	3.65766953464565e-13	7.299382139940811e-08	0.0	0.0	0.0	0.0	0.0	0.0	0.0
802.518143141564	2.2333707593408008	4.987944948678505	644035.3700713838	951.9677922269132	6.033569917611203	906242.6774373832	36.40396595070286	762.4457920619419	-0.487187962502503	581323.585832962	0.2373521108073403	847.0034594072379	694.9601694236097	1.062469	35.324574	0.2158562533325897	0.1540297005073373	0.0519798968	-0.0765108337	0.0005392042	0.0404435744	0.0669702483	0.0160944688	-0.0679107177	-0.0754325763	-0.0034849879	-0.0738526193	0.0688261566	-0.0767085061	-0.1212478229	-0.0635584932	0.0514124659	-0.0576200343	0.0313859096	-0.1079029491	0.1297763908	0.0318765333	0.0002457579	-0.0211046191	-0.0033507847	-0.1003528318	-0.1643071251	0.1089809361	-0.0834867481	0.070449019	0.0308608017	-0.0324003194	-0.0549022614	-0.0047393043	0.061551524	0.0437739321	0.0946128902	0.1034225687	-0.0162000011	0.0969907574	0.0517039072	-0.0084114204	0.1021072185	-0.0473104063	0.0077743498	-0.1568180751	-0.1369029316	0.0224976873	0.0924569167	-0.0669401089	0.0114324488	-0.0414701832	0.1026071387	-0.029638281	0.0239398461	-0.0537139572	-0.0581575935	-0.0903642827	-0.0342898129	-0.0331965248	-0.0325924	-0.0040030284	-0.1236237782	0.0895218873	-0.0395959633	0.0961037921	0.0286213661	0.1342940062	0.0530280904	-0.074277984	-0.030794302	0.1125208216	-0.0739125324	0.0731979977	0.0276377551	-0.0296069032	0.0021400257	0.1385584025	0.0708683463	-0.0579087236	-0.1276080123	0.0008288546	-0.0357368371	0.0675880651	0.054652363	0.2364171914	0.059807709	-0.0771616751	0.0367113847	0.0277924542	0.0961147603	0.037217906	-0.1042811996	0.0390091017	0.0320089496	0.030771416	0.0647143293	-0.0692802177	-0.0803516522	0.1223961804	-0.0985853627	-0.0382232469	-0.1206933722	0.0019018918	-0.0068897103	0.0214658943	0.0098024297	-0.1008259322	-0.0338253641	0.0804965543	0.0524898792	-0.0122251039	0.0281946007	-0.0492459544	0.1811143995	0.0218333004	-0.1091829923	0.0555787436	0.0151740128	-0.0812449131	0.0455999283964416	0.0065242609524317	0.0020793534697606	4.256598097542626e-05	-0.0129101872557981	-0.1501009442565929	0.0225302934667208	0.0001666729349797	0.0824961365865064	-0.03555184571686	0.0012639337338754	0.0068056125516995	-0.0005349055462532	0.0004440045081097	2.861239434124343e-07	1.9714000322182537e-07	-0.0006960720985329	-2.8939708685200003e-05	8.375067387842404e-10	4.845163663559952e-07	0.0002708135188059	6.398313391000232e-07	4.0938414249452894e-13	7.333996196803356e-08	0.0	0.0	0.0	0.0	0.0	0.0	0.0
801.1589999663149	-1.3591431752490737	1.8472701708261337	641855.7432270258	952.507145550234	0.5393533233208245	907269.8623242546	0.2909020073772179	764.3997756484132	1.9539835864712811	584307.0170113444	3.818051856199171	847.8133154574532	699.7379626785859	1.093147	36.344532	0.2836666381080843	0.1770661667564641	-0.0056888638	-0.0184103953	-0.0062459841	-0.0585526125	-0.0504481092	0.0161094499	0.0271094368	0.1401903787	0.0879448606	-0.0055917012	-0.0623928704	0.0915476834	0.0869493273	0.07041212	-0.0347318496	0.0250611253	0.0418936498	0.0445828424	0.0247817519	-0.0040220717	-0.0148607891	-0.1145120508	-0.1123240976	-0.1165352818	-0.0587387398	-0.2395393516	0.2294060472	-0.0883163361	0.090061416	-0.1145160238	0.1092637919	0.1057218402	0.0159688901	0.0572745673	-0.0476193682	0.0129661799	-0.0266570908	0.1537996685	0.043435549	0.0391635887	-0.0226792885	-0.0278960521	-0.0969682914	-0.0446767228	0.0357063995	-0.0705517889	0.0888715584	-0.0656825072	0.114614031	0.0928097703	-0.02559956	-0.0950191222	0.0626742118	0.0102698116	0.0404592429	-0.0080852727	0.0123368817	0.0710129712	0.0734710445	0.0121221853	0.1861846072	0.0126253333	0.002118643	-0.1522645336	-0.1955840825	0.0517336926	-0.0045742803	0.1489037622	-0.1100443315	-0.0961638849	-0.1024087077	0.1659078522	0.0079011537	0.0109047579	-0.038228751	-0.1581891452	0.1882901666	0.0126357542	0.0177142452	0.0108676225	-0.0623469144	-0.0041948562	-0.0034897237	0.2486778211	-0.0562753022	-0.0389001923	0.1027249781	0.0405993757	-0.0396577289	0.0387114109	0.0051789718	0.0325309872	0.065022736	0.0026104502	-0.1327047078	0.0041992562	0.0605110099	-0.1189664276	0.0485827857	0.1702423243	-0.0124598968	0.052925619	0.0550287099	0.0729402819	-0.0926226303	-0.0262859368	-0.0267750272	-0.0514961645	0.0658048297	-0.0110847105	0.1216710871	-0.1908243793	0.0684705075	0.1123072752	-0.1109488906	0.0616009311	0.0050684204	-0.0703125971	0.0209378602168612	-0.0246620681795803	0.0004383939904608	0.0006082176068942	0.144751845999238	0.157662033255036	0.0248573167301121	0.0209530969201871	0.1533010131386092	0.0708048765521028	0.0050133305435585	0.023501200629324	-0.0005973219837295	-6.241643747630001e-05	3.567935522465451e-07	3.895811667232869e-09	-0.0012240874995503	-0.0005280154010174	2.7880026371156573e-07	1.4983902065553057e-06	0.0002911348827395	2.032136393360001e-05	4.129578321218193e-10	8.475951994774241e-08	0.0	0.0	0.0	0.0	0.0	0.0	0.0
797.8398747509262	-3.3191252153886808	11.016592195428956	636548.4657425737	947.9134384993964	-4.5937070508375655	898539.886887749	21.10214446891476	760.4917700346953	-3.9080056137179326	578347.7322905038	15.272507876850876	844.5697500298915	681.32448729196	1.092293	36.316147	0.185949597214467	0.1315201160647923	0.1070830249	-0.036455555	-0.0046937277	0.0387729337	-0.0542892864	0.0794476694	-0.0775880713	-0.0168892539	0.0908948274	-0.0666561941	0.1481236777	-0.1295050181	-0.0301298126	-0.0824603685	-0.0225503945	-0.109412071	0.0416742559	-0.0277261859	-0.0111146726	-0.1614334929	-0.0137684484	0.1497682057	0.0044845098	0.0017167627	-0.0110323275	0.0844005939	-0.1472417723	0.0082573189	-0.091849991	-0.1491805286	-0.0180962009	-0.0710183641	0.0170702695	0.0374973009	0.0321942426	0.1702680224	-0.008484346	0.0415587138	0.196867796	0.0745680763	-0.083232978	0.0660425205	0.1192696949	-0.0334455342	0.0673067359	-0.2184291504	0.1579205242	-0.0755430302	0.1252737634	0.0105247081	0.1642547021	0.0745790388	0.1528555179	0.0717602638	0.1491969853	-0.1374881096	0.0364872055	0.0530942613	0.0333075464	0.0336605795	-0.0877706779	-0.0012430597	-0.0830006106	0.0496837765	0.1620521252	0.0506649579	0.0257325756	0.0388199369	-0.0622485252	0.1323269492	-0.0804972942	0.0166205726	0.0220582272	-0.2140480763	0.0110846916	0.2060021488	0.0951799853	-0.0724891893	0.0029642213	-0.0782362799	-0.0980147097	0.0289197389	0.2149507763	-0.0500876649	0.0702537704	-0.0170509704	-0.0045929859	-0.0286004963	0.0122545016	-0.0088955032	-0.0745667286	-0.0144136028	-0.0577160084	-0.0614609157	0.0318798426	-0.0918171285	-0.0710146925	0.0392519424	-0.1083793757	-0.0651122868	0.0033463132	-0.0992006936	-0.0613716669	0.0100722485	0.0052394465	-0.1311677216	0.0769204845	0.0432260159	0.1910901862	0.2080901087	-0.1239844368	0.0644312948	0.0640016865	-0.2239846896	-0.1126387502	0.0674542747	-0.0050684204	-0.0586099215	-0.0006640314323931	-0.0216018916492543	4.4093774320603213e-07	0.0004666417228261	0.0212282973412101	-0.1235235486580278	0.0152580670730721	0.0004506406080068	0.161011568763179	0.0077105556245698	5.945266803958529e-05	0.0259247252755799	-0.0005331602588651	6.416172486440003e-05	2.842598616331005e-07	4.116726937574968e-09	-0.0011869281051459	3.715939440439992e-05	1.3808205925017475e-09	1.4087983267852368e-06	-0.000269816023644	-0.0005609509063835	3.146659193724702e-07	7.280068661505957e-08	0.0	0.0	0.0	0.0	0.0	0.0	0.0
798.5951723313906	0.7552975804643438	0.5704744350552919	637754.2492710034	940.8868263461064	-7.026612153289989	885268.0199916483	49.373278352762576	761.4430733058764	0.951303271181132	579795.5538854982	0.9049779137599224	844.4639390199798	684.6278225436489	1.028276	34.187752	0.1876789165384934	0.1142918494125006	0.0857406623	-0.061722939	-0.0447119878	0.0131942392	-0.0121710541	0.1020416641	-0.0746315682	0.0402232292	-0.0613674175	-0.0252710894	-0.1460124104	0.0453977018	0.108932856	0.0684591767	0.0024650007	0.0732078593	0.1376951489	-0.0492443047	0.0221460079	0.0680562218	0.0247261111	0.0450438355	0.0749252347	-0.0185241539	0.0515722595	0.024885331	-0.0343347088	0.0482339134	-0.0159685214	-0.025288257	0.0610661639	-0.1479117597	0.0752336937	-0.0117641141	-0.0988506092	-0.0341110849	0.0841558849	0.11782016	-0.1782573996	0.2009370974	-0.0907132486	0.1017098621	-0.0085383372	0.0261702051	0.1581507785	0.070732301	0.0925490973	-0.0588052863	0.080025859	0.0249276164	0.0052645891	-0.0307144525	-0.131653034	0.0466710581	0.1542844957	-0.1252123623	0.0329091935	-0.0333270663	-0.0431387334	-0.0765728073	0.0722428793	0.0324834722	-0.0208700487	-0.0953463688	-0.0209298972	-0.158577696	-0.0283388852	0.0244829183	-0.0587618956	0.0944119683	0.003773076	-0.0315815376	-0.0647819197	0.1419034512	-0.0461668889	-0.0242120293	0.0597604312	0.0333206802	0.1724037435	0.0926929735	0.1104754052	-0.0023958511	0.0406012792	-0.0075075166	0.0540033383	-0.0800663006	-0.0077998806	-0.0007716236	0.0684922359	-0.1296020028	-0.1044604769	-0.1318155706	-0.216653203	-0.2172592215	-0.1943545155	-0.0996819641	-0.0502448266	-0.0857375269	0.1791948746	0.0053385024	0.2044228288	-0.176895689	-0.077893641	-0.0454884667	-0.0086734582	-0.1959796133	-0.0340124171	0.0670065378	0.1627436972	0.2764094943	-0.1745503222	0.0125387075	0.2111637894	-0.1448642881	-0.1142514127	0.0731227308	-0.0151740128	-0.0462651033	-0.0009192904686585	-0.0002552590362654	8.450949657663646e-07	6.515717559514084e-08	0.1294371675514583	0.1082088702102481	0.0117091595921783	0.0167539803437442	0.1228918173209692	-0.0381197514422098	0.0014531154500158	0.0151023987644504	-0.001158210630878	-0.0006250503720129	1.3414518654788148e-06	3.906879675534647e-07	-0.0013393187632284	-0.0001523906580824	2.3222912670817365e-08	1.7937747495356508e-06	-0.000314275710544	-4.445968689999999e-05	1.97666375924603e-09	9.876922223793607e-08	0.0	0.0	0.0	0.0	0.0	0.0	0.0
798.0143651019545	-0.5808072294361182	0.3373370377652596	636826.9269090755	943.5997992441164	2.71297289800998	890380.5811335368	7.360221945336669	760.965063931483	-0.478009374393423	579067.828524246	0.2284929620079916	841.7032278485226	669.0979807820996	1.072849	35.669682	0.2399546692365521	0.1806779818496655	0.119483344	-0.0283873512	-0.0484007806	0.0284090071	0.0794795439	0.0772742997	-0.0252955137	-0.0653185748	-0.0729197796	-0.0646396862	0.108339561	-0.1409589561	-0.0777350053	-0.0776085312	-0.0744619713	-0.020877364	0.0684727718	-0.1641912714	-0.0207899319	0.0984989372	0.0032507177	0.026364151	0.0498663181	-0.0401414045	0.148906953	0.0195028286	-0.0077438898	-0.0747791246	-0.0593013218	0.109855237	-0.0360331587	-0.0497918363	-0.0899757724	-0.1208510657	0.2524434272	-0.0405878385	-0.0876525154	-0.0675329756	0.1095716538	0.1217847369	-0.013506876	-0.0378386216	-0.1471694122	-0.1836220698	-0.1385532054	-0.0209884393	-0.0557164704	-0.020062099	0.1390441446	0.0913349023	0.077500144	0.0918403803	0.1673945152	0.0873379084	-0.0547540499	-0.078516762	0.0832149739	-0.0568454944	-0.091532896	-0.0810373885	-0.1877799758	-0.0061352415	0.0214590193	0.1721656081	-0.0237245856	0.1034768949	0.1026507729	-0.0190482591	-2.5872e-05	0.0097975088	-0.0567489406	-0.0206046721	-0.0431196264	0.0146830794	0.0968333983	0.0527343515	-0.1472225175	-0.157284865	0.044712962	-0.0988644594	0.1322843042	-0.0132154914	-0.0871568736	-0.1346501125	-0.1843435753	-0.0220922468	-0.0539997004	0.0995421089	0.1871163944	0.0468408689	-0.0848353247	-0.0371524895	-0.0671700238	-0.0914328542	0.1191955164	-0.1181821626	-0.0842408452	0.1136620527	-0.0949020549	-0.0851484384	0.0524686395	-0.0012683628	-0.0338124002	-0.0213766643	0.1612006218	-0.1127552497	0.0341309516	-0.1109353451	-0.0810662347	0.2275082262	0.1498627711	0.0061238578	-0.0640688519	0.2298625288	-0.1157857731	0.0785907625	-0.0251860523	-0.033413395	-0.0008271591316173	9.213133704120005e-05	6.841922290178859e-07	8.488183264999198e-09	-0.0498882658302051	-0.1793254333816634	0.0321576110575214	0.0024888390675452	0.1586666332376367	0.0357748159166674	0.0012798374538714	0.0251751005029667	-0.0007246811571073	0.0004335294737707	5.251627794663751e-07	1.879478046279001e-07	-0.0013169009020956	2.2417861132799886e-05	5.025604977694999e-10	1.7342279859402051e-06	-0.0002749772734239	3.929843712009999e-05	1.544367160082453e-09	7.561250089964226e-08	0.0	0.0	0.0	0.0	0.0	0.0	0.0
803.2095694251549	5.195204323200414	26.990147959800275	645145.6124161427	945.69165616678	2.091856922663624	894332.7085434673	4.375865384895725	764.7701891786563	3.805125247173351	584873.4422563578	14.478978146676052	846.5909462963788	688.0679628055774	1.110206	36.911728	0.3155463220096137	0.199543183801684	0.0087263765	-0.0207221815	-0.0444599676	-0.0218449642	0.0824632414	0.0228196829	-0.0800651968	-0.0153467249	-0.1552974432	0.0576731589	-0.0669284365	-0.0157227624	0.0362487354	0.090871614	0.095482083	0.1417399668	-0.1342833024	0.0438881638	0.0533327784	0.0553982563	0.1148698313	-0.0435859887	0.0467418593	-0.0227202968	-0.0169544374	0.0314331371	0.2071860529	0.0023734032	-0.117630836	0.0493280104	-0.0548918129	0.1514139533	-0.061325356	0.0442602792	-0.0717843471	0.1462736154	0.1165066934	0.054433176	-0.1037907034	0.0648220863	-0.026652914	0.1446893082	0.0523112762	-0.0241327599	-0.0669160126	-0.0100335298	-0.0455961044	0.0793399119	-0.0110833052	0.1205089004	-0.0470789376	0.0574035622	0.103459552	-0.0461599191	0.0005503935	-0.0266893298	-0.0370329591	-0.0541036954	-0.0616389234	-0.0710938281	0.0205125321	0.1273568447	-0.0529960657	-0.2146470102	0.0020667518	-0.0865317059	-0.0228438304	0.016147718	0.014344003	0.0531910378	0.1130097382	0.0623093698	-0.0065183512	0.0508270505	0.0296931985	-0.1340851321	0.1125888156	0.0464041669	0.0758967628	-0.1679959377	-0.0767346755	0.0142709175	-0.1392794014	-0.1626509298	0.0163755612	-0.1092474273	0.0272085246	-0.1230893675	-0.1206853095	-0.0415443452	-0.0297876588	0.0679838098	0.0121877253	0.0232526042	-0.0946050472	-0.0110375231	-0.0920879393	-0.099202383	0.1579413725	0.0066547903	-0.0439266404	0.0427796267	-0.0258029979	0.0668435146	0.081295873	-0.0574010638	-0.022760285	0.0414693971	-0.0885891521	-0.0064208814	-0.0137904202	-0.1600577736	0.0164363111	0.0946639119	-0.1172407796	0.0838433825	-0.0350428114	-0.0201956026	0.0212902767232776	0.0221174358548949	0.0004532758829537	0.0004891809687953	0.1441236058129646	0.1940118716431697	0.0376406063384857	0.0207716137525308	0.1133763897739825	-0.0452902434636541	0.002051206152997	0.012854205758182	-0.0016156585218009	-0.0008909773646936	2.610352459067869e-06	7.938406643963525e-07	-0.0011277768803481	0.0001891240217475	3.576789560194885e-08	1.2718806918476928e-06	-0.0002774113079407	-2.434034516800006e-06	5.924524028973838e-12	7.695703377336987e-08	0.0	0.0	0.0	0.0	0.0	0.0	0.0
799.3664225513843	-3.8431468737705927	14.76977789337268	638986.6775025983	958.0993597964024	12.407703629622349	917954.383242276	153.95110936054357	764.4278913604546	-0.3422978182017004	584350.0010897911	0.1171677963456443	847.9738871283975	690.351581976522	1.052855	35.004929	0.2310723141150983	0.1620426611527012	0.024763991	-0.0784840721	0.068864853	0.0817290018	-0.0156662437	-0.046363236	-0.0860618394	-0.05007976	0.1317252763	-0.0720268905	0.1768075674	0.0007969524	0.1197462623	-0.0427929564	-0.0660314992	-0.1458166877	0.1605104064	0.1956063351	0.1150817313	0.0155556685	-0.040456777	0.031484186	0.0369124329	0.0528340477	-0.1026247902	0.0337727957	-0.0525632871	-0.0222036061	0.0739722545	-0.0609489121	-0.0227447029	0.1023580599	-0.1766037157	-0.0252978577	0.1331943837	0.0923317925	0.0773731512	-0.0298881359	-0.0462545351	0.113065507	-0.1601211646	0.0803936788	0.0219274033	0.1273957251	0.0584552637	0.1812917722	-0.008630517	0.0969627595	0.0229107387	-0.0417291089	-0.067493771	0.0465726537	0.0626957718	0.2539281794	0.1244652805	-0.1282365116	-0.0972908664	0.0969377406	-0.0373433094	0.1428087512	0.0557719804	0.0182696444	0.0161119991	0.0609692323	-0.0210820847	0.0318330008	-0.0100311891	0.0759542197	-0.0023914736	-0.0153505984	-0.2173063014	-0.1496510488	0.0651958633	0.0273223286	-0.0515178273	0.1073618716	0.0653248538	-0.0562092328	0.0462468677	-0.1564437087	0.0393351092	-0.1363858577	-0.0032825854	-0.1581653091	-0.0627301752	0.0680133405	-0.1140354831	-0.1841587565	-0.0977627575	-0.0146927569	-0.0697427339	0.0263523626	-0.0051147679	0.0371957104	0.0726484272	0.0017023007	-0.0162204355	0.0411355847	-0.1149922013	0.1088819343	0.0608511093	0.0563471716	-0.0568570976	0.0760011855	0.0600004301	-0.0220065355	-0.0686063881	0.0325923437	-0.0497457005	0.0722249595	0.1147011633	0.1247620036	-0.0459978532	-0.1715427208	-0.1186154352	0.0888661936	-0.0446835199	-0.0067565429	0.0203820436428259	-0.0009082330804517	0.000415427703058	8.248873284267882e-07	-0.0177806796917394	-0.161904285504704	0.0262129976647887	0.0003161525703002	0.1146080542406551	0.0012316644666725	1.5169973584638922e-06	0.0131350060968289	-0.0011397333850664	0.0004759251367345	1.2989921890349148e-06	2.2650473577575266e-07	-0.0012947406657841	-0.0001669637854359	2.7876905647118608e-08	1.6763533916350542e-06	0.0004202623911542	0.0006976736990949	4.867485904087611e-07	1.7662047741864578e-07	0.0	0.0	0.0	0.0	0.0	0.0	0.0
799.3587095973406	-0.0077129540436544	5.948966007952573e-05	638974.3466091256	942.4719921139116	-15.627367682490783	888253.455919165	244.2146206837574	762.6352488263053	-1.7926425341493086	581612.5227523607	3.213567255241255	844.6149181094077	672.2415002552418	1.007997	33.513515	0.1500336215603406	0.1120078305700045	0.0795324407	-0.0689719907	-0.0520593422	-0.033358736	0.06911427	0.0631726576	-0.1331027696	-0.0375473136	0.0480456462	-0.0210795225	0.0388984431	-0.0683352191	-0.0010827892	-0.0029244631	0.0768964599	-0.0175875095	0.073114578	0.0754033167	0.1110821086	0.0629029529	0.0959385042	-0.0480904948	0.0946378698	-0.0023386783	-0.0698906399	0.0622556892	0.0402100908	-0.0393942894	-0.1576294076	0.101475437	0.1005542507	-0.0641628147	-0.1887048042	0.1255006379	-0.0905744844	-0.095413735	0.0257328982	-0.0854885739	0.0850846713	0.0664597718	0.0893296387	-0.1195746866	-0.0740363568	0.0633242443	-0.0149293006	-0.0530387038	-0.1468880626	-0.1512289802	-0.0062948116	-0.0230448043	-0.0487036682	0.0571546376	0.0632659986	-0.0123344214	0.0955685985	-0.092101758	-0.025532615	-0.0744127458	-0.0177175408	0.0718109312	-0.0190126105	-0.0160602502	-0.0669163367	0.0584680546	-0.0060104508	-0.0619011239	-0.2383282866	0.1561007195	0.0611216584	0.0238278735	0.1115933085	-0.0977210462	0.0334677352	0.1875224429	0.1024209308	-0.0733561568	0.1625085247	-0.0308990757	-0.0179530595	-0.1055776807	-0.076125296	0.0742235409	-0.020627671	0.0187058051	0.0579327592	0.096277897	-0.1968587365	0.1011580373	-0.1236921668	-0.018106862	-0.0682750156	0.0578784624	-0.0214778418	0.0243030849	0.0083151281	-0.0361883423	-0.0978621853	-0.0378627137	0.097750523	0.0410317533	-0.0794322215	-0.011030324	0.0258876767	-0.053147871	-0.0121511447	-0.1407714581	0.0109258357	0.0080615723	-0.0426591548	-0.1461553363	0.0018623412	-0.0436124123	0.0797893502	0.060926056	-0.1199087977	0.0936454286	-0.0540487397	0.0067565429	0.0178547194163058	-0.00252732422652	0.000318791005435	6.387367745955415e-06	0.0932226773467874	0.1110033570385267	0.0123217452738226	0.0086904675717032	0.1188304400230038	0.0042223857823487	1.7828541694980517e-05	0.0141206734760607	-0.0011690826502082	-2.9349265141800137e-05	1.366754243017829e-06	8.613793643636845e-10	-0.0013779344906899	-8.31938249058002e-05	6.9212125024569434e-09	1.8987034606328344e-06	-0.0001128056090571	-0.0005330680002113	2.841614928492745e-07	1.2725105434743282e-08	0.0	0.0	0.0	0.0	0.0	0.0	0.0
800.601469779947	1.2427601826063892	1.544452871471866	640962.7134138114	947.1992089156564	4.727216801744817	897186.3413704453	22.346578690698493	762.422125661151	-0.213123165154343	581287.4976976679	0.0454214835254053	844.5436820819104	683.1205069053162	1.009038	33.548122	0.1367620554962428	0.0631511426479822	0.014237095	-0.0214491753	-0.0306741648	-0.0862235541	0.0110222471	0.0078236222	-0.0145357414	0.0228571364	-0.0210656165	-0.1171958098	-0.1958461315	0.038430564	0.0266137188	-0.1007458074	-0.0405006883	0.028192989	0.0645452574	-0.0373091403	-0.012635639	0.1180628275	0.0926731111	-0.0189330629	0.1496723297	0.0790008415	-0.1022737409	-0.0980904911	0.0682590517	0.0219127371	0.064202407	-0.1115524727	0.0377169685	0.0731636012	-0.0111163712	0.0469257035	0.108542993	-0.0330071916	0.0110169851	-0.0769093599	-0.0923609921	-0.0672196064	0.0843540524	0.0537355246	-0.0384401094	-0.0362246207	0.0073714105	0.0688748777	-0.046769809	-0.0505018204	-0.0750440629	-0.1043741957	0.023527985	0.0117361336	-0.0868643623	-0.1226424786	0.1642763276	-0.000673545	0.0121303695	0.0039396704	-0.0468400567	-0.1203771487	0.1162148952	0.0513137708	0.0022102165	0.0847106214	-0.1155727153	0.0431597357	-0.1650790011	-0.0653132213	-0.0777279374	0.0834439874	0.0114757736	0.0107053623	0.0298776912	0.0088938125	0.0987792655	0.0175310759	0.0363114484	-0.0209843662	0.054569261	-0.015795926	-0.0784410836	-0.037135192	-0.0290394779	0.0572988572	0.0541991171	-0.0716171334	0.0662175089	0.0565839846	0.0217989008	0.1096456818	-0.0213052715	0.0229443032	-0.0032073031	0.0134402851	-0.0762828733	0.0025668882	0.0556746702	-0.0884311311	-0.1057932863	0.0911693276	-0.0473491603	0.0661955688	0.1071284747	-0.0155847729	0.0714575961	-0.0655964873	0.0590284515	0.0561301231	0.0118419802	0.0089933171	-0.0452896371	-0.011193365	-0.0125741103	0.1105614834	-0.1211199807	0.098167988	-0.063080731	0.0201956026	0.0034464876642061	-0.0144082317520997	1.187827721952482e-05	0.0002075971422222	0.0743670914326344	-0.0188555859141529	0.000355533120166	0.0055304642881498	0.165359220824989	0.0465287808019851	0.0021649274429191	0.0273436719118474	-0.0004022188988446	0.0007668637513636	1.6178004258776257e-07	5.880800131554534e-07	-0.0015869463847608	-0.0002090118940708	4.368597186310505e-08	2.518398828105373e-06	-0.0002763191041827	-0.0001635134951255	2.6736663088189608e-08	7.63522473363298e-08	0.0	0.0	0.0	0.0	0.0	0.0	0.0
800.1483762060072	-0.4530935739397819	0.2052937867455246	640237.4239451101	945.0729918243192	-2.126217091337253	893162.9598757697	4.520799119494648	762.5848742751601	0.1627486140091605	581535.6904732618	0.0264871113619027	844.6708032925237	685.676132163259	0.984148	32.720592	0.1339549928440884	0.0894974935034909	0.0131542564	0.0371161086	-0.0040376667	0.0681738353	-0.058363591	0.0352444305	0.0174746271	0.0652442876	0.0198963221	-0.0617243517	0.1155276211	0.0483185609	-0.0197494454	0.0414676548	0.0069265865	0.0153256423	-0.1100289864	-0.0229675696	0.0012531361	0.0780389597	-0.0246969699	-0.0612553516	-0.0634901907	-0.0369562681	-0.0453527796	0.0857445204	-0.0742684378	-0.0433503287	-0.0346879331	0.0089544563	0.0652534462	0.1386476577	0.0061800661	0.1101991304	0.0201538919	0.0839960441	-0.076381695	0.1449207441	0.0544507759	0.033600836	0.0178234411	0.1694989586	-0.0402961411	0.0875607045	-0.0857006492	-0.0129345788	-0.0318195844	-0.1382951313	-0.0731437432	-0.0194865783	0.0968561242	-0.2182277739	-0.1203538607	0.0196876594	0.1164241474	0.0222092819	0.0437589955	0.0115030395	-0.0656670911	-0.008519823	0.0560053493	0.047761763	0.0747561563	-0.0580411204	0.0865708014	0.0634579937	0.0263918953	0.033913637	-0.0746348385	0.0693359943	0.0834983313	0.2078381731	0.1067733562	0.03760005	-0.0764728823	0.0436048238	0.0435495346	-0.0731156555	0.0003665055	0.0126736455	-0.0563632854	0.0373406468	0.0162927379	0.0836046521	0.0359738471	-0.0389572552	-0.1700721908	0.0306378111	-0.0086952546	0.1180115936	0.0271509222	0.0200298537	0.002385439	0.0094499256	-0.0022779377	0.0254665289	0.0390870021	-0.0382522887	-0.0179468931	-0.0114279666	0.0821649745	0.0157421688	-0.0583590531	0.0143967932	0.0004678523	-0.0166592941	0.004683119	0.0668455433	-0.0557234398	-0.0639570389	-0.0180815875	-0.0068900674	-0.0308958618	-0.1078249473	-0.1222481541	0.1024214758	-0.0717238087	0.033413395	0.0031428428159188	-0.0003036448482873	9.877460965572412e-06	9.22001938914176e-08	0.073842454553997	-0.0005246368786373	2.752438544263876e-07	0.0054527080945591	0.2220120597113677	0.0566528388863787	0.0032095441538859	0.0492893546572838	-0.0016013743882475	-0.0011991554894028	2.5643999313350547e-06	1.4379738877651082e-06	-0.0017746662812787	-0.0001877198965179	3.523875954869112e-08	3.14944040990757e-06	-0.0004189211628776	-0.0001426020586949	2.033534714402372e-08	1.754949407067207e-07	0.0	0.0	0.0	0.0	0.0	0.0	0.0
798.786006066307	-1.3623701397002606	1.8560523975469077	638059.0834873623	943.0808759378205	-1.9921158864987087	889401.5385596467	3.968525705240538	761.5888501658943	-0.996024109265818	580017.576697009	0.992064026238766	842.9548083484559	676.2648293969805	0.938868	31.215147	0.0954026149398802	0.060436325761536	0.0188426475	0.0502264382	-0.0281244439	0.013968046	-0.0339496265	0.0060150718	0.0522996769	-0.0394422326	0.0660233151	0.0068517527	-0.0470195708	0.0088804908	0.00975238	0.0365856329	0.0271972744	-0.0326924468	-0.0229576651	0.0071402203	-0.1206628587	-0.1639221663	-0.0291742122	0.1031558929	-0.1371937432	-0.0147738576	0.3127279531	-0.1499320335	-0.0334319338	-0.0862885934	-0.0291102755	0.0045228017	0.1548568175	0.0515447874	0.0948606722	0.1742553734	0.0275503073	-0.0816600841	0.1655473147	0.0154660088	-0.0202742234	0.0867368561	-0.0262745725	-0.0675321395	0.0614939536	0.1617858788	0.0042635267	-0.0788304194	-0.0275144704	0.1719334001	-0.1011975816	0.1388505287	-0.0024390908	-0.0388203127	0.1299202881	-0.0323522891	0.0502420754	0.0269706249	0.0538861103	0.0665464812	0.0338039231	0.0363876211	-0.0547003469	-0.1155006471	0.0084448997	0.0318888822	0.1250300771	-0.0482330806	-0.0623242408	-0.1286382557	0.0770932332	-0.0591673329	0.0034615004	0.0694991859	-0.2552859478	0.0425797749	-0.0012323617	-0.0258272109	0.020554049	-0.0331578088	0.1457298095	0.1764044458	-0.0337594855	0.0625923433	0.1023511616	0.0626902238	-0.0469221629	0.0266797259	0.1790781864	-0.1698300504	-0.059670772	0.0335926108	0.0518508708	0.0054927022	0.0189181052	0.0092583752	0.025106777	-0.0116474142	-0.0084967136	0.0321340499	-0.0143025812	-0.1166192313	0.0166655295	-0.0448654494	0.0590073878	0.0036058142	-0.0760586728	-0.0035947565	0.0778295524	-0.0331755907	0.0037307459	0.0209114068	-0.0717892504	0.1881701815	0.0568784855	-0.056788283	-0.1232925447	0.1063942335	-0.0799246852	0.0462651033	-0.0009976855201898	-0.0041405283361086	9.95376397196392e-07	1.7143974902118254e-05	0.0739437182535311	0.0001012636995341	1.0254336843332793e-08	0.0054676734691575	0.2784119064994002	0.0563998467880324	0.0031809427177135	0.0775131896806307	-0.0013647937305408	0.0002365806577067	1.8626619269234736e-06	5.597040760093474e-08	-0.0020928124362498	-0.0003181461549711	1.012169759228952e-07	4.379863893321824e-06	-0.0002784284532313	0.0001404927096463	1.9738201463759567e-08	7.75224035687742e-08	0.0	0.0	0.0	0.0	0.0	0.0	0.0
800.4623578281191	1.6763517618121568	2.8101552293307224	640739.9862997518	941.1913258572844	-1.8895500805360823	885841.1118689928	3.570399506853916	760.5559933869735	-1.0328567789208591	578445.419076846	1.0667931257627723	843.0260459290209	680.9831246878948	0.928706	30.877279	0.0599928924874149	0.0328579375330362	0.0016129109	0.0447814863	-0.0481743168	-0.0447500247	0.0408880201	0.0334685236	0.0276117147	-0.0288981385	-0.1502243859	0.0361456231	0.0585326008	-0.0578090848	0.0937983404	0.1434479816	0.0157194416	0.0022779423	0.0379400692	-0.0670438067	-0.056481195	-0.0878116285	-0.0336107278	-0.1122928706	0.0249787392	-0.032463769	-0.1003257134	-0.104179485	-0.0578407696	-0.0407575219	-0.0332069039	0.0926539841	-0.0872029481	0.0918981638	-0.0082201612	-0.042300581	0.0331510569	-0.0645308512	0.1418725297	0.0129736653	0.0023711292	-0.0388622968	0.0041743844	-0.0763822727	-0.0145004483	0.0101150857	-0.0505020464	-0.0424706727	0.0612574074	-0.0302274109	0.0588912996	0.1012175428	0.0980561429	-0.0829176123	-0.212164807	-0.1225854869	-0.0472225586	0.0319173821	0.0422198418	-0.0866017778	0.0212683477	-0.0403957678	-0.0627118321	0.0578568289	0.0092741352	-0.0788504247	-0.0162732321	-0.0549220581	0.099718023	0.0517958709	-0.005935921	0.0719447001	-0.0268917519	0.0146657744	-0.0881191184	-0.0475629641	0.0503057149	-0.0084545382	-0.0325492742	-0.0861036122	-0.0283105651	0.0941741629	-0.0033605144	-0.0498836778	-0.0045006255	0.0097551065	-0.0301353002	0.0147548163	0.0412708389	0.0605153444	-0.0876316684	0.0355702918	0.0491228677	0.0063839655	0.0026598215	0.0022343281	-0.0013186019	0.0152572586	0.0037113557	-0.04589519	0.1376013736	-0.0582437867	-0.0053188241	0.0703109212	-0.0619802439	0.0044965345	-0.0194359036	0.0111302204	0.0642514693	0.0281397352	0.0379110273	-0.0564415515	-0.1003266545	-0.0032576677	-0.0414855383	-0.0058404678	-0.1242524367	0.1100753719	-0.0876327994	0.0586099215	-0.0038126979684136	-0.0028150124482238	1.4536665798345194e-05	7.924295083654952e-06	0.0872039827848283	0.0132602645312971	0.0001758346154399	0.0076045346135366	0.2628279454953812	-0.0155839610040189	0.0002428598405747	0.069078528933323	-0.001929796498157	-0.0005650027676162	3.72411452429902e-06	3.192281274139657e-07	-0.0020927330315734	7.940467640007999e-08	6.305102634201418e-15	4.379531541438393e-06	-0.0002800193710162	-1.5909177849000432e-06	2.5310193983112598e-12	7.841084814430829e-08	0.0	0.0	0.0	0.0	0.0	0.0	0.0
800.4564395043533	-0.0059183237658544	3.5026556197477465e-05	640730.5115439864	940.6017239347416	-0.5896019225427835	884731.6030690079	0.3476304270661465	761.9639327339504	1.4079393469769457	580589.034787388	1.982293204765868	843.8294455690981	689.091425205404	0.955181	31.757486	0.1530820667839565	0.0990067585717528	-0.0345934129	0.0508939047	-0.0050405933	0.1378701159	-0.0422040695	-0.0103147535	0.0595942325	-0.0853974899	0.0292122051	0.0954524922	0.0229847103	0.1196152014	-0.055409375	-0.026644622	-0.0812378431	-0.0102609129	-0.0776544461	-0.0572269894	-0.0136999948	-0.1034570196	0.0804194878	-0.0041064614	0.1690437435	0.0186526186	0.0188039914	-0.1210482519	-0.1773980812	-0.1004632837	-0.0324973174	0.0322778026	-0.1259625436	0.0835742524	0.1661019447	-0.0967465361	-0.004326662	-0.0192135938	-0.2077438231	-0.1047508381	-0.000722815	-0.0473453268	0.073587202	0.0128200237	0.0669455609	-0.0363241811	-0.0166936089	-0.0251195063	-0.2408451433	-0.0569708909	0.033077177	-0.1251580302	-0.016617992	-0.0472334613	-0.0366367769	0.0272797856	0.0344069485	0.0645581842	0.0392033205	0.0073699533	-0.0164788	0.0744745022	-0.0345035501	-0.1403335931	0.089590016	0.1015425739	0.1038973886	0.077963551	-0.0239052493	0.1174750261	0.1364734089	-0.0553159537	-0.0196650356	0.0814157718	0.086654735	-0.1737954561	-0.0286252993	0.060779769	-0.1288578681	-0.1306851996	0.0438990099	0.0841383961	-0.0064967649	-0.0382634862	-0.0219769726	-0.0577300965	-0.0146650901	-0.1255709911	-0.0094735224	0.122154508	-0.1111613022	-0.0119617768	0.0564091531	-0.0305600283	0.0102365757	0.0167196879	0.0683355953	-0.0069747075	0.0798697354	0.0554269573	-0.0892411216	-0.039289559	0.0083282445	0.0457167032	0.0181222711	-0.1359563294	-0.0973899512	0.039352406	0.0225491076	-0.0522293202	0.0066646421	-0.0562130082	-0.0022072314	-0.0299206268	0.1101479797	0.1273105666	-0.1251271724	0.1134548014	-0.0948006283	0.0703125971	-0.0073768929333795	-0.0035641949649659	5.44185493505444e-05	1.2703485748288272e-05	-0.007979887419097	-0.0951838702039253	0.0090599691469976	6.367860322146258e-05	0.2838974124009965	0.0210694669056152	0.0004439224356868	0.0805977407679814	-0.0012662934363865	0.0006635030617704	1.603499067035531e-06	4.402363129788278e-07	-0.0020928261974531	-9.316587970022161e-08	8.679881140316164e-15	4.379921492746003e-06	-0.0002783249044774	1.6944665388000525e-06	2.871216851113029e-12	7.746475245235383e-08	0.0	0.0	0.0	0.0	0.0	0.0	0.0
801.7734290104296	1.316989506076311	1.7344613591151257	642840.6314671424	945.1216274694348	4.519903534693185	893254.8907104731	20.42952796293195	763.6602055330454	1.696272799095027	583176.9095147732	2.877341408949678	845.299032326651	685.1453015731373	0.981292	32.625633	0.2109565994565605	0.1289989238111804	-0.0297828053	0.0474651195	0.0129988249	-0.1042363814	0.100979331	-0.0012517502	0.0266785166	-0.0170837263	-0.097239308	0.0552866549	-0.0816071138	-0.0599731949	0.0439410839	-0.0941640897	0.1490276011	0.1143495806	-0.0321832792	0.106297077	-0.0484751362	-0.0648275994	-0.0701650015	-0.0545847428	0.0290915759	-0.0504893274	0.0004015496	0.1643896768	0.0832303802	0.1877674875	-0.0114556901	0.0964426129	-0.126972457	-0.0306661764	-0.0025355666	0.0115086896	0.0075301578	0.1424872081	0.0758966471	0.0573263753	-0.0117982608	0.1458345499	0.0166441256	-0.0253648507	0.0651507217	-0.080336135	-0.0307310778	0.0517102779	0.0662168765	0.0462523915	-0.1351511548	-0.101662693	-0.1331730747	0.0575585858	-0.0050311282	0.1040371	-0.1134719927	0.04754869	0.0114735831	-0.0673244897	0.0560910031	0.0433998272	-0.0160639807	0.1297286572	-0.0601376052	-0.0501520208	0.0115121343	-0.1228047259	0.013675729	-0.0677428293	0.0228675387	0.0206447216	0.0814374094	0.0563671465	-0.0775272596	-0.0384837127	-0.0373438854	-0.1209758135	0.0761114008	0.0643921411	-0.0438076006	0.0127848645	0.1183877525	-0.0178137484	0.0022011721	-0.1126592441	-0.0022868202	-0.0373177092	0.1027935638	-0.0352393155	0.0873449468	0.052246852	0.0605917453	0.0060677127	0.0029637272	0.0113792858	-0.0058010522	0.0550549646	-0.0251878034	-0.0269537459	0.184188781	-0.0548556803	-0.0152011072	0.0213150328	0.0609368421	0.0284432815	0.0062870682	-0.0049333322	0.057563499	-0.026851578	0.0822488143	0.0003808251	0.0451066348	0.0979652161	-0.0461760044	0.0223839626	-0.1259161521	0.1165232592	-0.1013839798	0.0812449131	0.0004508486579766	0.0078277415913561	2.032645123993013e-07	6.127353842104613e-05	0.1150581764083114	0.1230380638274084	0.0151383651503974	0.0132383839584061	0.2495716733403554	-0.034325739060641	0.0011782563620592	0.062286020133905	-0.0020582792407093	-0.0007919858043227	4.236513432734852e-06	6.272415142488322e-07	-0.0019712152531639	0.0001216109442892	1.4789221770910924e-08	3.885689574306019e-06	-0.0002800292554085	-1.704350931100039e-06	2.9048120963415696e-12	7.841638388463895e-08	0.0	0.0	0.0	0.0	0.0	0.0	0.0
801.1992945374607	-0.5741344729689217	0.3296303930513015	641920.3095673247	950.3520771594758	5.230449690041041	903169.0705613304	27.357603960050422	761.2949790054226	-2.365226527622781	579570.045058867	5.594296526970517	843.8691000680944	691.8816246593076	0.992877	33.010807	0.139121455790097	0.0874325058229301	-0.0717776083	0.0362935566	0.036567445	-0.0638303579	-0.0690940641	-0.0940454611	0.0407254723	0.1609747824	0.0671559211	-0.0599478608	-0.0487592144	0.1318172951	-0.0742056576	-0.0593992818	-0.0978836137	-0.0248533836	-0.071930019	-0.0661710984	-0.0001503167	0.0559349222	-0.0753187954	0.0320047836	-0.0595661731	0.0502707749	0.059333396	-0.087443845	0.027664923	-0.0599333998	0.0659763868	-0.128240367	-0.0563382799	-0.1386148035	-0.1315520123	0.0229700874	0.055212043	0.0980289019	0.1339226055	-0.0824788966	0.0952504217	-0.2085596184	-0.0151419264	-0.0075331585	0.0444859204	0.0208731973	-0.0017084721	-0.0488204444	-0.0030870306	0.0069601321	0.1039879152	0.0222964475	-0.0642189845	0.0041612064	0.005013351	0.0980954994	-0.1510557332	0.0589160779	-0.033697177	0.0898768482	0.0268091285	-0.0550567709	0.16912813	-0.0831703245	0.0443334211	0.0605706985	0.0868658943	0.0132482869	-0.0483328098	0.0007502664	-0.0472534324	-0.134970145	-0.0905722787	-0.0322219068	0.0825488099	-0.0508755077	0.0285650306	-0.0557755556	-0.1197220411	0.1170113215	0.0261313075	-0.198610693	-0.0419614993	0.006144074	0.0476041778	0.0208875038	-0.0617427208	-0.003431887	0.0141427134	-0.0154760069	-0.091828924	0.0585370722	0.0637496522	-0.0254752133	0.0079753429	0.0291782544	-0.0055962573	0.0555061518	0.0924945428	0.0040799305	-0.1217925719	0.04261819	0.0310413661	-0.0279830061	0.084668049	-0.0551961886	0.0089011857	0.023637781	0.0060246828	-0.0447305466	-0.0129479872	0.0056286049	0.0183498093	0.1196337942	-0.0107447319	-0.0735635196	-0.1266188352	0.1192723348	-0.1073422654	0.0912870929	-0.0100154701156043	-0.0104663187735809	0.0001003096416365	0.0001095438286702	0.0307074073412536	-0.0843507690670578	0.0071150522422041	0.0009429448656216	0.2666209232590688	0.0170492499187133	0.0002906769227907	0.0710867167195182	-0.0015202776533959	0.0005380015873133	2.3112441434149446e-06	2.894457079517377e-07	-0.0019772902560384	-6.075002874500034e-06	3.690565992518368e-11	3.909676756624402e-06	-0.0002790034849815	1.0257704270000129e-06	1.0522049689077885e-12	7.78429446318221e-08	0.0	0.0	0.0	0.0	0.0	0.0	0.0
798.1092493876376	-3.090045149823027	9.548379027944812	636978.3739580984	938.5814150817006	-11.770662077775228	880935.0727367675	138.54848574917585	761.0499220190582	-0.2450569863644887	579196.9838052145	0.0600529265660451	842.1189912585924	678.5465161108772	1.002078	33.31673	0.0279011897717383	0.019199179882371	-0.0005646216	0.0402388971	-0.0234182992	-0.0100946216	-0.0948370099	0.0314361244	0.0245833313	0.0394208605	0.0004320023	0.1666389557	0.0138084944	-0.0219695952	-0.0382490668	0.112887035	-0.0242885072	-0.0909138299	0.0058549784	-0.0012819881	-0.0400516021	-0.0920538917	-0.1267898904	0.0748303519	-0.0316550293	0.0224253839	0.0226321918	-0.0563454212	-0.1091485729	0.0488282205	-0.0025747789	0.0850391791	0.0130341701	-0.0872655054	-0.0307814312	-0.1401065298	-0.0135032862	0.0278964321	-0.1696220961	-0.0448901478	0.0535708025	0.0280889009	-0.0187990922	0.0228038104	-0.0365690811	0.0374553852	-0.0087109762	-0.0026784158	-0.1811314901	0.0324520043	-0.0115532044	-0.0622638003	0.1407240561	0.0160142036	-0.0694349754	-0.0466520833	-0.0545541023	0.0263841212	0.0539906288	-0.0564459058	0.1429051695	0.0010524593	-0.0881868228	-0.1116472484	0.0189652735	-0.0517894161	0.0318501018	0.1003508064	0.0021140959	0.001348411	0.0390459138	-0.0156654707	0.0680692451	-0.0174560183	-0.0600455549	-0.0300208827	-0.0959306361	0.1237528045	0.0188002113	-0.1117324363	0.021274907	0.0300357442	-0.0441452733	-0.052193909	-0.0876572798	0.0175291211	-0.0597144352	-0.0313901887	-0.1469031732	0.0086496846	-0.0579187308	0.0233635022	0.0514231374	-0.0071427966	-0.0041126252	0.0297377166	0.1048507133	0.0075941991	-0.0291041067	0.0583316321	0.1063257069	-0.0675853644	0.0021533562	-0.0679005742	0.0442958618	-0.063600463	-0.0578897686	-0.0231920718	-0.0150397089	-0.0486101317	0.0657274901	-0.0786993817	-0.0502480253	0.0295963075	-0.0009322245	-0.0109571652	-0.1272347401	0.1216944932	-0.1126387502	0.1003291122	-0.0096060454254853	0.000409424690119	9.227610871648706e-05	1.6762857687903949e-07	0.031819866702591	0.0011124593613374	1.2375658306272173e-06	0.0010125039169706	0.2687880753191507	0.0021671520600819	4.696548051517418e-06	0.0722470294337734	-0.0018657603908658	-0.0003454827374698	3.4810618361237024e-06	1.1935832188969578e-07	-0.0018387421982883	0.0001385480577501	1.919556430632508e-08	3.38097287176609e-06	-0.0002792157629655	-2.122779839999994e-07	4.5061942491103997e-14	7.796144228840628e-08	0.0	0.0	0.0	0.0	0.0	0.0	0.0
798.4730671867394	0.3638177991017528	0.1323633909432433	637559.2390225993	935.4285575650264	-3.152857516674203	875026.5863081858	9.940510520449022	760.6156985075578	-0.4342235115003632	578536.2408161401	0.188550057939706	841.3245382617926	676.8466192533618	0.950813	31.61227	0.039715861769614	0.0274793918769347	0.0027363938	0.0512496487	-0.0375239585	0.1054307939	-0.0720248702	0.0273924402	0.0887614235	-0.0998801903	0.0574885664	0.0383680322	-0.1020188098	0.0725358656	-0.0006220787	0.0426135037	-0.073618729	-0.0126339208	-0.0653189308	-0.0879548601	-0.0295526394	0.0238727257	0.0214606219	0.072270805	-0.066658601	0.0004299476	-0.0652470315	0.0853199873	0.0249672911	0.0436774019	0.1222456354	0.1034921714	0.0283381076	0.1271409044	0.1134569843	0.2387974478	-0.0560329869	-0.0232197475	0.0426081458	-0.1312925319	-0.0695369416	-0.0339178673	0.0534978567	0.0249283312	0.0736036158	-0.0107723597	0.0945994873	0.0343740725	0.0916153055	-0.083173862	0.0202956141	0.1306019643	-0.1322259006	0.0092940918	0.1496789872	-0.0395247574	0.0246760795	0.0499752441	0.0732839868	0.0567744192	-0.1037270159	-0.0529857726	-0.0317826251	-0.1942018805	0.0530572987	-0.0095782837	-0.0741346241	0.0147215817	-0.0021790657	-0.0744199643	0.0521626565	0.0081250329	0.1023324978	0.0267574563	0.0194719463	0.077206158	-0.1736532399	-0.0559519106	-0.0953831789	0.1590683913	-0.1332520662	-0.0340244096	0.068411392	0.0809424149	0.1850726125	-0.0670926794	0.0081974435	0.0159018039	0.1067619407	-0.1028914304	-0.0148854691	0.0159100456	0.0661765287	-0.0143845202	0.0047977617	0.0051894138	-0.0243054408	0.0187284042	0.0955745182	-0.0249281956	-0.0696231889	-0.0349048427	0.0233222229	-0.0407322002	0.0325465217	-0.180668574	-0.0297261889	0.0894888616	-0.0065980088	-0.0464165503	-0.0156930998	-0.0722566772	-0.0058691678	0.0838356389	-0.1091922443	-0.0407871318	-0.1277634447	0.1237830955	-0.1172407796	0.1082719048	-0.011246228727586	-0.0016401833021007	0.0001264776605931	2.690201264489957e-06	0.0553560944379825	0.0235362277353914	0.0005539540160122	0.0030642971914268	0.2688168240437676	2.8748724616889376e-05	8.264891670977411e-10	0.0722624848889779	-0.0018752199334774	-9.45954261160004e-06	3.5164497989109843e-06	8.94829464206769e-11	-0.0015587420106419	0.0002800001876464	7.840010508201923e-08	2.429676655739953e-06	-0.0002784614530734	7.54309892099991e-07	5.689834133199001e-13	7.754078084774935e-08	0.0	0.0	0.0	0.0	0.0	0.0	0.0
800.8219947803873	2.348927593647886	5.5174608402004495	641315.8673240386	942.5282942589292	7.099736693902855	888359.5854786467	50.40626112275064	760.7396047272297	0.1239062196718805	578724.7462005416	0.0153527512733763	842.4317586004863	675.3914251477769	0.987473	32.831135	0.0376909027650447	0.0222126175991339	-0.0310063031	0.0620166843	-0.0176155777	-0.0423900778	0.1022221113	-0.0316601945	0.0635708956	-0.089509654	-0.0953998531	0.0504421027	0.0168815284	-0.1456740488	-0.1856704873	-0.037379538	0.1353719432	0.0032658313	-0.0306248031	-0.0181081648	-0.1198793719	-0.0327134212	0.0154874211	0.0545366229	-0.0082957813	0.1181539949	0.032249927	0.0116631778	-0.0753553582	0.0482972167	-0.0885157397	-0.0568699749	0.1125543888	0.054227632	-0.0128355447	-0.0422535397	-0.0273575596	-0.0655064579	-0.0947646593	-0.0697013474	-0.083194609	-0.0343474268	-0.1504139668	-0.1200541262	-0.1318089759	-0.1877098014	-0.0321192098	0.0583020321	0.0333152318	-0.0572732065	-0.0313677227	0.2096707043	-0.007727876	0.1340074101	0.0937515381	-0.0709582121	-0.0774386267	0.0783617872	0.0302952643	-0.1129643961	0.0556328449	-0.0540915708	-0.1325608379	-0.0260482178	-0.0663936395	0.0732167577	0.0451486716	0.0007898004	0.0463214703	-0.1062121509	0.0964181747	-0.0757297528	0.0460890054	-0.0593319934	-0.0674709684	-0.0758144123	0.0431729077	0.0356924696	0.0750665344	0.0338036724	0.0294308228	-0.1498360746	-0.0091729895	0.085454827	-0.049403963	-0.0279319699	0.1175573635	0.1680470034	0.0842774497	0.0789003657	0.1676128074	-0.1103609446	0.0536130334	-0.0049031615	-0.0173594773	0.0238515468	0.0952013524	-0.0087511834	-0.0595802143	0.0892754428	0.0676125875	-0.1258988059	-0.049398014	-0.0424328135	-0.0165783995	0.0113497185	-0.0037902977	0.0160689675	-0.003187274	-0.0158432681	0.0322601329	-0.0780834522	-0.0232944697	0.0102698287	-0.0412187152	0.0640702481	-0.1282045865	0.1255324169	-0.1211199807	0.1150284477	-0.0141969217571045	-0.0029506930295184	0.0002015525873773	8.70658935444906e-06	0.0348108598542751	-0.0205452345837073	0.0004221066640995	0.0012117959637939	0.2686968324182288	-0.0001199916255388	1.4397990199450541e-08	0.0721979877515897	-0.0017697621474899	0.0001054577859874	3.132058058688063e-06	1.112134462538533e-08	-0.0017082327179536	-0.0001494907073117	2.2347471572552373e-08	2.918059018687144e-06	-0.0003050126302998	-2.655117722639999e-05	7.049650121077014e-10	9.303270464240249e-08	0.0	0.0	0.0	0.0	0.0	0.0	0.0
802.2549360868809	1.4329413064936034	2.0533207878555952	643612.9824757653	944.9488333303032	2.4205390713739234	892928.2976123011	5.859009396047735	764.3549455156978	3.6153407884680746	584238.4827343053	13.07068901676096	845.8550137093464	691.6673915286767	1.000101	33.250969	0.1005205429720319	0.0687552230128783	-0.0895993482	0.0330459945	0.0226387494	-0.0715137705	0.0008702492	-0.0720689628	0.0143422479	0.0426774873	-0.0749797581	-0.0026362447	-0.1929995039	0.1481440229	0.0647355365	-0.0660341645	-0.1227212771	0.1054322789	-0.0449651873	0.1888130074	-0.0433715017	0.161529673	0.0053815366	0.0132678665	0.029495055	0.0029925263	0.0422756603	-0.0046632653	0.0131303675	-0.0088684019	0.0352890673	-0.0404684522	0.0806003882	-0.1923099404	-0.0100270481	-0.1198092828	-0.1140364686	-0.1919180243	0.0258851117	0.0064762839	0.1527429485	0.0255880386	0.2012978253	-0.0776148031	0.0140173713	0.1412908131	0.0789630383	-0.1163192258	0.0910470808	0.0688965521	-0.1497381382	0.0048225851	-0.0606371856	0.0179879767	-0.0636202726	-0.1220329513	-0.0349444162	0.0881217878	-0.0420288288	0.0129353438	-0.0316173545	-0.0429175267	0.2072174208	-0.0407272432	0.0113295266	-0.0909086303	-0.1376481095	-0.0566070742	-0.0846946542	-0.1174563714	-0.0338844126	-0.0451214531	0.083108601	-0.1653523412	-0.0208846584	-0.0854344518	-0.0027469099	-0.0121856481	-0.1273951261	0.1069352941	-0.0263857992	0.1134626666	0.1046684422	0.0253871722	-0.1807920106	0.0888615604	0.0602011751	0.1389553616	0.0139828365	0.0895722909	0.0904348643	0.0512736368	0.0733528401	-0.009043262	-0.0055854409	0.015136441	-0.0714358915	0.0748603562	0.0943576023	-0.064299071	0.0141930324	0.0940724153	-0.0054795238	-0.0276257848	0.0786655242	-0.0003530075	0.0109311825	0.0314507531	-0.0357904495	0.0274382051	0.0094978001	-0.0039284185	-0.0280555614	0.0322095806	-0.1108055709	0.0899408383	-0.1285578634	0.1269376627	-0.1242524367	0.1205247148	-0.0091997338530234	0.0049971879040811	8.463510296646477e-05	2.4971886948694457e-05	0.1004964559027428	0.0656855960484676	0.0043145975282424	0.0100995376490119	0.2536150300185156	-0.0150818023997131	0.0002274607636239	0.0643205834512925	-0.0017992071959899	-2.944504849999993e-05	3.2371465341018387e-06	8.670108811673481e-10	-0.0014657525115593	0.0002424802063943	5.879665049302238e-08	2.148430425142396e-06	-0.0002818187527987	2.319387750110001e-05	5.379559535360335e-10	7.942180942901478e-08	0.0	0.0	0.0	0.0	0.0	0.0	0.0
802.1039389662542	-0.1509971206266982	0.0228001304375536	643370.7289051805	950.6933280322568	5.744494701953613	903817.8039650482	32.99921938077313	763.2407656462296	-1.1141798694681029	582536.4663442428	1.2413967815279587	846.1903683474975	685.1759863321819	0.975401	32.429779	0.15613392414199	0.1139400817052893	-0.0525238183	0.0635752625	0.0315521167	-0.0825136894	0.0395526781	-0.062148857	0.06667169	0.0794257279	-0.0315798522	-0.0351866431	0.1698729403	-0.0227732588	-0.0519614732	0.0487322082	-0.0064561782	-0.170781095	-0.0742504114	0.019490144	-0.0324699712	0.0089844956	0.0266616608	-0.0156346977	-0.0814431752	-0.0911033235	-0.0420191696	-0.0680349425	-0.0432468954	-0.1719995515	0.0719812405	-0.0280609868	-0.0962263294	-0.1430341876	0.0030726194	-0.005805249	-0.0428269343	-0.0710171301	0.044186964	0.0658623145	-0.05823745	-0.0549142308	-0.0894887827	0.1352471836	0.0606391912	0.012375947	0.0083195074	0.1464815861	-0.0068831244	-0.022186673	0.0255607258	-0.1124121979	-0.0304747392	0.0608177489	0.021323707	0.0420617264	-0.1108967994	0.0850968482	-0.0283030335	-0.0549154532	0.0688809946	0.005409586	-0.0153894875	0.1010769721	0.0373701523	-0.0669295362	0.0943267432	0.1015819363	0.0551918715	0.0755310569	-0.0405466159	-0.0132962458	-0.1137049314	-0.0639891854	0.0477136751	-0.1182992285	0.0666925013	-0.0153105088	0.0101431105	0.025182003	-0.0828522168	-0.0047529542	-0.0313877629	-0.0408141124	0.0673709329	0.0735278795	-0.1360424344	0.1093993614	-0.0341947281	-0.0950694103	-0.0295285435	-0.2163042172	0.0535502669	-0.024036245	-0.0113577206	0.0192252837	0.105480186	0.0407242264	0.0177278684	0.0751488295	-0.0445153228	-0.0624522376	-0.0718083532	0.0476957754	-0.0179172174	0.0239457501	0.0528120756	0.0895859047	0.0328903114	-0.009247929	-0.037097698	0.0211887791	0.0519037268	-0.0673565769	0.069820088	-0.0242359844	-0.1288230331	0.1279949812	-0.1266188352	0.124700488	-0.0165226995648168	-0.0073229657117933	0.0002729996009091	5.3625826816101806e-05	-0.0113143778234103	-0.1118108337261531	0.0125016625385374	0.0001280151455308	0.2686221140313591	0.0150070840128435	0.0002252125705685	0.0721578401466764	-0.0016218886764007	0.0001773185195892	2.6305228786368144e-06	3.144185738930554e-08	-0.0014530704339748	1.2682077584499992e-05	1.6083509185927719e-10	2.111413686091713e-06	-0.000531678969449	-0.0002498602166503	6.243012786453485e-08	2.8268252655435066e-07	0.0	0.0	0.0	0.0	0.0	0.0	0.0
803.4890660602686	1.385127094014365	1.9185770665726796	645594.6792784026	951.12613035432	0.4328023220632531	904640.9158427828	0.1873178499833438	764.1915771484375	0.9508115022078982	583988.7665846164	0.90404251273084	847.4092944497423	699.7334635807917	0.954568	31.737114	0.1773376348754654	0.1286507307453154	-0.1136445303	0.0451431815	0.0740364593	0.1129701533	-0.0073297456	-0.1145027707	0.087926953	-0.0248543375	-0.0304959926	0.0794569559	0.1285557076	0.0262881982	0.0660076767	0.0730366626	0.0134887257	0.0971736623	-0.0668777858	0.0630268443	0.0156346448	-0.0066224222	0.1414389312	-0.1626159502	-0.1127440056	0.0057281753	-0.0329563219	0.1278830677	-0.004685255	0.0917167201	0.0316424024	-0.0088331409	-0.0684820665	0.0801767445	-0.1136218931	-0.1151468922	-0.0731801623	0.0095250597	-0.1089636551	0.0939113201	-0.0782480961	0.0394303178	-0.112866724	-0.0042794611	-0.1006460483	0.0183705693	-0.0466522284	0.0399130413	0.1079869463	0.0556374021	-0.0274622911	-0.0073209048	-0.0110112221	-0.0110685589	-0.0616069103	0.0364120997	-0.0248816602	0.1253714792	-0.0790498286	-0.0068504417	-0.0167499255	0.1377969176	0.0650536917	0.0577936558	0.0307710345	-0.0938773106	-0.0359651359	-0.0171895932	0.1961615309	0.0346912585	0.028485068	-0.0142228732	0.0234334507	0.03632631	0.0338306749	0.1204631238	0.0470916166	0.0042811338	0.0254070567	-0.0228686443	-0.0267383415	-0.0308376108	-0.0439413176	-0.0576732113	-0.0066023838	-0.0167255712	0.1195899663	0.0069532435	-0.1257318902	-0.0318692174	0.0069473127	-0.131380315	0.0651251852	-0.0019887879	-0.0038545171	0.0192128183	-0.0391826323	0.0905310102	0.0508116241	-0.0446213879	0.0711540925	0.0494804255	0.0586101071	0.0600130255	-0.1180997048	0.0434278164	-0.062485444	0.1437074191	-0.0070278017	0.0899895003	-0.0389002033	-0.0270326379	-0.0453230449	-0.184531438	0.0528362731	0.0356375776	-0.1289999139	0.1287014744	-0.1282045865	0.1275100165	-0.0005120345867908	0.0160106649780259	2.621794180700253e-07	0.0002563413930385	0.1119262252413761	0.1232406030647864	0.0151882462437722	0.0125274798967832	0.2600206624954211	-0.0086014515359379	7.398496852509015e-05	0.0676107449245577	-0.0013621941964834	0.0002596944799172	1.855573028933056e-06	6.744122289951688e-08	-0.0013738098468445	7.926058713029994e-05	6.2822406722398685e-09	1.8873534952869088e-06	-0.0002809357305623	0.0002507432388866	6.287217184739269e-08	7.892488470657322e-08	0.0	0.0	0.0	0.0	0.0	0.0	0.0
800.0318055974589	-3.4572604628097	11.95264990770714	640050.8899675302	944.6867778588694	-6.439352495450635	892433.1082613729	41.46526056066632	760.8359487971904	-3.355628351247105	578871.340982121	11.260241631693368	843.9054353108417	686.5292521951611	0.913864	30.38382	0.181930390627566	0.1149087052008758	-0.0597690251	0.0487950778	0.108901212	0.0549665569	0.0111501793	-0.0501127518	0.063809672	-0.013331933	0.1107459062	0.0255836248	0.0202283554	0.0691869603	0.0675574006	-0.1011579283	0.1012339948	0.0812601994	0.0048237333	-0.0081931847	-0.043369663	-0.0167250275	0.0055665439	0.0404671858	-0.08124797	0.1130816936	0.0208469225	0.0056474673	0.1088779657	0.0416040651	-0.0848454474	-0.1045157977	-0.0142890532	0.0209684153	0.1251712954	-0.0967200304	-0.0285903725	0.022934817	-0.0275185576	-0.0419276463	0.0080393882	-0.0629996882	0.1139887426	-0.0579418954	0.0955275803	0.0318265242	0.004777217	-0.0643856987	0.0007127295	0.0659849236	0.0130111962	-0.0782498845	0.1446480481	-0.0774437018	-0.0927475985	-0.0152651018	-0.0099833466	0.0436462615	-0.0095313064	0.0706554364	-0.0050657104	0.1526068569	0.0156237507	0.019030923	-0.0154281824	0.1074167404	-0.0147155319	-0.0926454595	0.0515198073	-0.0556211022	-0.0773449627	-0.033944681	0.0206545805	-0.0177814711	-0.0532698041	-0.0091196072	0.0449466661	0.0576521817	-0.1347340757	0.0907154725	-0.0120314416	0.1278696225	-0.037836022	-0.1351802864	0.0924334662	-0.0719598005	0.0673678537	-0.1469179537	-0.0467043979	0.027551317	0.0815064436	0.0396185613	0.0563043925	-0.0182853764	0.0033796843	-0.0013157233	0.0402180799	0.0389847592	0.0808237928	0.0260823549	-0.080337398	0.0401521329	0.0011476821	0.0104809283	-0.0572358517	0.0597165795	-0.0030067734	0.1373099071	0.0665506975	0.0378930066	-0.0590430931	0.0908748921	0.0670248625	-0.034957286	0.0176792877	-0.0315954109	-0.1290883846	0.1290552057	-0.1289999139	0.1289225186	-0.0163835319218463	-0.0158714973350555	0.0002684201182341	0.0002519044276566	0.0051232096457027	-0.1068030155956734	0.0114068841403296	2.6247277073821184e-05	0.2838010700491082	0.0237804075536871	0.0005655077834194	0.0805430473610188	-0.0017006800111863	-0.0003384858147028	2.8923125004486334e-06	1.145726467550859e-07	-0.0016753231804593	-0.0003015133336147	9.09102903475096e-08	2.806707758984264e-06	-0.000211425476017	6.951025454530002e-05	4.831675486952402e-09	4.470073190901504e-08	0.0	0.0	0.0	0.0	0.0	0.0	0.0
